image_path,sample_id,window_idx,domain,label
train/noise/001568d14bfb264d_w02.png,001568d14bfb264d,2,Field,Noise
train/noise/002471f3fcbacb0f_w21.png,002471f3fcbacb0f,21,Field,Noise
train/noise/00735a963743eb60_w18.png,00735a963743eb60,18,Field,Noise
train/noise/00b727195f9c1b69_w12.png,00b727195f9c1b69,12,Field,Noise
train/noise/00c5c9534e5b054b_w12.png,00c5c9534e5b054b,12,Field,Noise
train/noise/00cd084c581944e4_w24.png,00cd084c581944e4,24,Field,Noise
train/noise/00ed5017f66573dc_w02.png,00ed5017f66573dc,2,Field,Noise
train/noise/0141913eaea5b3cf_w19.png,0141913eaea5b3cf,19,Lab,Noise
train/noise/01d834b201436cc2_w05.png,01d834b201436cc2,5,Field,Noise
train/noise/02ecfd4d87feb9ed_w02.png,02ecfd4d87feb9ed,2,Field,Noise
train/noise/02f213ee3eaae262_w14.png,02f213ee3eaae262,14,Field,Noise
train/noise/02f4bb7b47ed9639_w27.png,02f4bb7b47ed9639,27,Lab,Noise
train/noise/033820c1cb6a2e9a_w20.png,033820c1cb6a2e9a,20,Field,Noise
train/noise/034899569be3cb26_w21.png,034899569be3cb26,21,Field,Noise
train/noise/03751e1c73153b1c_w20.png,03751e1c73153b1c,20,Field,Noise
train/noise/039ec3feb4fd4ad2_w22.png,039ec3feb4fd4ad2,22,Field,Noise
train/noise/0404f62d0c05083c_w14.png,0404f62d0c05083c,14,Field,Noise
train/noise/041ae2cd3f93f54d_w03.png,041ae2cd3f93f54d,3,Field,Noise
train/noise/04302ea872fd9c22_w23.png,04302ea872fd9c22,23,Field,Noise
train/noise/0449ec6e0a42eb6c_w12.png,0449ec6e0a42eb6c,12,Field,Noise
train/noise/0485a2a024f8d2fc_w14.png,0485a2a024f8d2fc,14,Field,Noise
train/noise/0490210ca168eb67_w10.png,0490210ca168eb67,10,Field,Noise
train/noise/04a3d2a4210f462a_w05.png,04a3d2a4210f462a,5,Field,Noise
train/noise/04d989413ae82a35_w25.png,04d989413ae82a35,25,Field,Noise
train/noise/050f0fc4f5999a1b_w21.png,050f0fc4f5999a1b,21,Lab,Noise
train/noise/051c6e9fdc436442_w18.png,051c6e9fdc436442,18,Lab,Noise
train/noise/05454ec1ded87bd2_w11.png,05454ec1ded87bd2,11,Lab,Noise
train/noise/05a1bb143abc9243_w23.png,05a1bb143abc9243,23,Field,Noise
train/noise/06175ecd890fb7af_w15.png,06175ecd890fb7af,15,Field,Noise
train/noise/062d9a217b2c70ae_w12.png,062d9a217b2c70ae,12,Field,Noise
train/noise/067a7f0a8354e2b1_w12.png,067a7f0a8354e2b1,12,Field,Noise
train/noise/06da8eeede77219d_w06.png,06da8eeede77219d,6,Field,Noise
train/noise/08b1439c42371a4b_w02.png,08b1439c42371a4b,2,Field,Noise
train/noise/08c970fab0a8a778_w15.png,08c970fab0a8a778,15,Lab,Noise
train/noise/09786fa8d6e7a506_w24.png,09786fa8d6e7a506,24,Field,Noise
train/noise/09ae387a65b7509c_w01.png,09ae387a65b7509c,1,Field,Noise
train/noise/0a1d17053e6b17f6_w24.png,0a1d17053e6b17f6,24,Lab,Noise
train/noise/0acd3e3d58b4f272_w23.png,0acd3e3d58b4f272,23,Field,Noise
train/noise/0b0d2c02d539bd29_w07.png,0b0d2c02d539bd29,7,Field,Noise
train/noise/0b0e5bf1047ada9a_w17.png,0b0e5bf1047ada9a,17,Field,Noise
train/noise/0b9cf4ddff8bea51_w04.png,0b9cf4ddff8bea51,4,Field,Noise
train/noise/0c065fddb0199136_w21.png,0c065fddb0199136,21,Field,Noise
train/noise/0c7ecfbd750a6a56_w19.png,0c7ecfbd750a6a56,19,Field,Noise
train/noise/0c81c23296c3b960_w09.png,0c81c23296c3b960,9,Field,Noise
train/noise/0c9902bd009944d0_w01.png,0c9902bd009944d0,1,Field,Noise
train/noise/0cc891c5a2c22d17_w27.png,0cc891c5a2c22d17,27,Field,Noise
train/noise/0d6d4fcc0fad030b_w12.png,0d6d4fcc0fad030b,12,Field,Noise
train/noise/0d95b3bc32e7ae09_w25.png,0d95b3bc32e7ae09,25,Field,Noise
train/noise/0d9df5189589ccb7_w18.png,0d9df5189589ccb7,18,Field,Noise
train/noise/0de0d12bd5a85f15_w21.png,0de0d12bd5a85f15,21,Field,Noise
train/noise/0e3ef95345288e4f_w21.png,0e3ef95345288e4f,21,Lab,Noise
train/noise/0e9ab03b2c92c716_w05.png,0e9ab03b2c92c716,5,Field,Noise
train/noise/0e9bbf7650e344be_w10.png,0e9bbf7650e344be,10,Field,Noise
train/noise/0ea907e0b449e1c4_w13.png,0ea907e0b449e1c4,13,Lab,Noise
train/noise/0eace51d7c833d4b_w13.png,0eace51d7c833d4b,13,Field,Noise
train/noise/0eba3a92bc21f301_w01.png,0eba3a92bc21f301,1,Field,Noise
train/noise/0ebf148bc7f8ce0c_w15.png,0ebf148bc7f8ce0c,15,Field,Noise
train/noise/0ed0546f71d3eb27_w04.png,0ed0546f71d3eb27,4,Field,Noise
train/noise/0f57e638177c91d6_w20.png,0f57e638177c91d6,20,Field,Noise
train/noise/0fde3333e66e97da_w19.png,0fde3333e66e97da,19,Field,Noise
train/noise/0fe1cb5fab7d135e_w25.png,0fe1cb5fab7d135e,25,Field,Noise
train/noise/1049fce6cc040bec_w20.png,1049fce6cc040bec,20,Field,Noise
train/noise/10587e228fb47ec2_w10.png,10587e228fb47ec2,10,Field,Noise
train/noise/10d8fbeb6f34644d_w27.png,10d8fbeb6f34644d,27,Field,Noise
train/noise/11030131c79bb7a4_w11.png,11030131c79bb7a4,11,Field,Noise
train/noise/111d78ffcfb72804_w09.png,111d78ffcfb72804,9,Field,Noise
train/noise/112ecd97e76f9389_w25.png,112ecd97e76f9389,25,Field,Noise
train/noise/11a26a24856d3fae_w10.png,11a26a24856d3fae,10,Field,Noise
train/noise/11cf8ed215ebd899_w02.png,11cf8ed215ebd899,2,Field,Noise
train/noise/120ec420643dfe9a_w13.png,120ec420643dfe9a,13,Lab,Noise
train/noise/1238951467278080_w22.png,1238951467278080,22,Field,Noise
train/noise/124b9d7ff52f3661_w05.png,124b9d7ff52f3661,5,Field,Noise
train/noise/1284e77e210e2a38_w12.png,1284e77e210e2a38,12,Field,Noise
train/noise/128c643476610080_w03.png,128c643476610080,3,Field,Noise
train/noise/12cbf0c7ac33bd19_w19.png,12cbf0c7ac33bd19,19,Field,Noise
train/noise/12d2902d9fbf99d7_w13.png,12d2902d9fbf99d7,13,Field,Noise
train/noise/12dd322e7e08776a_w09.png,12dd322e7e08776a,9,Field,Noise
train/noise/12e31a2ea78d1713_w06.png,12e31a2ea78d1713,6,Lab,Noise
train/noise/132e9448ab1a8077_w15.png,132e9448ab1a8077,15,Field,Noise
train/noise/136ce83b4d77955d_w18.png,136ce83b4d77955d,18,Field,Noise
train/noise/138a90ea1e8c51d8_w26.png,138a90ea1e8c51d8,26,Field,Noise
train/noise/13acd94ccc9bdd5e_w12.png,13acd94ccc9bdd5e,12,Field,Noise
train/noise/13add92bdd56b5ba_w04.png,13add92bdd56b5ba,4,Field,Noise
train/noise/141a9fb419c3d9ce_w23.png,141a9fb419c3d9ce,23,Field,Noise
train/noise/1542aa49a21a9998_w17.png,1542aa49a21a9998,17,Field,Noise
train/noise/1562d0b85170809e_w19.png,1562d0b85170809e,19,Field,Noise
train/noise/15819c9c849cda84_w02.png,15819c9c849cda84,2,Field,Noise
train/noise/15b1ac55947638ab_w08.png,15b1ac55947638ab,8,Field,Noise
train/noise/16b319f214511877_w21.png,16b319f214511877,21,Field,Noise
train/noise/16bf2a4b9afeb694_w23.png,16bf2a4b9afeb694,23,Field,Noise
train/noise/16dcf50546719158_w12.png,16dcf50546719158,12,Field,Noise
train/noise/16ff9056774275dc_w22.png,16ff9056774275dc,22,Field,Noise
train/noise/17371ce5ab246c9d_w23.png,17371ce5ab246c9d,23,Lab,Noise
train/noise/1737576a3887f2ab_w10.png,1737576a3887f2ab,10,Field,Noise
train/noise/17b1991261da06f1_w25.png,17b1991261da06f1,25,Field,Noise
train/noise/17c73f78609ee931_w08.png,17c73f78609ee931,8,Field,Noise
train/noise/17ec6355a168f8b0_w06.png,17ec6355a168f8b0,6,Field,Noise
train/noise/1854f6a194d4d93f_w19.png,1854f6a194d4d93f,19,Lab,Noise
train/noise/18f72d19b6d090c9_w17.png,18f72d19b6d090c9,17,Field,Noise
train/noise/196afbe139852268_w03.png,196afbe139852268,3,Field,Noise
train/noise/197aef53671adfab_w23.png,197aef53671adfab,23,Lab,Noise
train/noise/19ba0de9aecdd5d2_w05.png,19ba0de9aecdd5d2,5,Field,Noise
train/noise/19f0f99e4a34238d_w22.png,19f0f99e4a34238d,22,Field,Noise
train/noise/19f53ac754a1c154_w00.png,19f53ac754a1c154,0,Field,Noise
train/noise/1a3010cbbd8b08e5_w22.png,1a3010cbbd8b08e5,22,Field,Noise
train/noise/1a654485452c6615_w22.png,1a654485452c6615,22,Lab,Noise
train/noise/1a727cef2dd68398_w21.png,1a727cef2dd68398,21,Field,Noise
train/noise/1ac847778ebc5784_w18.png,1ac847778ebc5784,18,Lab,Noise
train/noise/1b473a87c8311ced_w13.png,1b473a87c8311ced,13,Field,Noise
train/noise/1b4efbc1f443330c_w19.png,1b4efbc1f443330c,19,Field,Noise
train/noise/1b73a42096e9bcee_w07.png,1b73a42096e9bcee,7,Field,Noise
train/noise/1b9b18b0dd3cc129_w21.png,1b9b18b0dd3cc129,21,Field,Noise
train/noise/1c3ea257bad89bc0_w15.png,1c3ea257bad89bc0,15,Field,Noise
train/noise/1cd1b5f8cbdf1eb7_w12.png,1cd1b5f8cbdf1eb7,12,Field,Noise
train/noise/1d21e820df124af0_w14.png,1d21e820df124af0,14,Field,Noise
train/noise/1d8b7dc535ed83ac_w15.png,1d8b7dc535ed83ac,15,Field,Noise
train/noise/1da17e91acbf15fd_w01.png,1da17e91acbf15fd,1,Field,Noise
train/noise/1dbd19e2ae04ba2b_w03.png,1dbd19e2ae04ba2b,3,Field,Noise
train/noise/1dcc1b1dda42fcde_w06.png,1dcc1b1dda42fcde,6,Field,Noise
train/noise/1deb9bbf56251391_w03.png,1deb9bbf56251391,3,Field,Noise
train/noise/1e1ae31740519907_w12.png,1e1ae31740519907,12,Field,Noise
train/noise/1e5179d67ab37dd8_w18.png,1e5179d67ab37dd8,18,Field,Noise
train/noise/1e7cf68658ad92ea_w18.png,1e7cf68658ad92ea,18,Field,Noise
train/noise/1ebbc8c9d0c253c5_w13.png,1ebbc8c9d0c253c5,13,Field,Noise
train/noise/1ec586e62c5675b8_w23.png,1ec586e62c5675b8,23,Field,Noise
train/noise/1ecef12ee420216f_w15.png,1ecef12ee420216f,15,Field,Noise
train/noise/1fd0d595cabbdf49_w02.png,1fd0d595cabbdf49,2,Field,Noise
train/noise/1fee6bce7734cb35_w21.png,1fee6bce7734cb35,21,Field,Noise
train/noise/20bfe200070f00f7_w16.png,20bfe200070f00f7,16,Field,Noise
train/noise/20ceaecd9694eecb_w17.png,20ceaecd9694eecb,17,Lab,Noise
train/noise/229708181ced27d8_w15.png,229708181ced27d8,15,Field,Noise
train/noise/22a31d2665f2d725_w15.png,22a31d2665f2d725,15,Field,Noise
train/noise/22fff19114f0cf4a_w02.png,22fff19114f0cf4a,2,Field,Noise
train/noise/239e01b7d50314d5_w15.png,239e01b7d50314d5,15,Field,Noise
train/noise/23c2d13b8fdfc4a1_w22.png,23c2d13b8fdfc4a1,22,Field,Noise
train/noise/23ec8b14745fa51f_w08.png,23ec8b14745fa51f,8,Field,Noise
train/noise/2408071a43a7de94_w16.png,2408071a43a7de94,16,Field,Noise
train/noise/2411bf1a03947c7d_w00.png,2411bf1a03947c7d,0,Field,Noise
train/noise/243a4f8060dd8257_w09.png,243a4f8060dd8257,9,Field,Noise
train/noise/2459660804e42d19_w12.png,2459660804e42d19,12,Field,Noise
train/noise/25e23d2292847dde_w27.png,25e23d2292847dde,27,Lab,Noise
train/noise/260df4f2a1a28528_w06.png,260df4f2a1a28528,6,Lab,Noise
train/noise/2655e4c2f6507a88_w07.png,2655e4c2f6507a88,7,Field,Noise
train/noise/26b6619b874271d6_w11.png,26b6619b874271d6,11,Field,Noise
train/noise/26c2f3fe3f4c8419_w27.png,26c2f3fe3f4c8419,27,Field,Noise
train/noise/26e72bb7a0adbf02_w23.png,26e72bb7a0adbf02,23,Lab,Noise
train/noise/26f3f1fd32995b55_w00.png,26f3f1fd32995b55,0,Field,Noise
train/noise/273ae74be4843435_w06.png,273ae74be4843435,6,Field,Noise
train/noise/276190d7e773e3e4_w23.png,276190d7e773e3e4,23,Field,Noise
train/noise/27ec8071ea7506bd_w01.png,27ec8071ea7506bd,1,Field,Noise
train/noise/29113acdf8fb777b_w23.png,29113acdf8fb777b,23,Field,Noise
train/noise/2992ac2c2353e73d_w07.png,2992ac2c2353e73d,7,Lab,Noise
train/noise/299f60d58530a2e3_w25.png,299f60d58530a2e3,25,Lab,Noise
train/noise/29af74cbc5f0cf05_w08.png,29af74cbc5f0cf05,8,Lab,Noise
train/noise/29d33cbc85ce18ed_w12.png,29d33cbc85ce18ed,12,Field,Noise
train/noise/2a188a04afe0efbd_w18.png,2a188a04afe0efbd,18,Field,Noise
train/noise/2a3c657bfe0bd66e_w03.png,2a3c657bfe0bd66e,3,Field,Noise
train/noise/2ab249945173f166_w15.png,2ab249945173f166,15,Field,Noise
train/noise/2ab67b97ae3c9194_w14.png,2ab67b97ae3c9194,14,Field,Noise
train/noise/2abe13208635f716_w21.png,2abe13208635f716,21,Field,Noise
train/noise/2b19f574cc511718_w27.png,2b19f574cc511718,27,Field,Noise
train/noise/2b5a918896211e1e_w18.png,2b5a918896211e1e,18,Lab,Noise
train/noise/2b7c9ed556aa2ab6_w11.png,2b7c9ed556aa2ab6,11,Field,Noise
train/noise/2bca2655eea906ba_w11.png,2bca2655eea906ba,11,Field,Noise
train/noise/2bf4a85686a25f93_w11.png,2bf4a85686a25f93,11,Field,Noise
train/noise/2c05afd3b43b4b2a_w22.png,2c05afd3b43b4b2a,22,Field,Noise
train/noise/2c5547cb797f4a06_w08.png,2c5547cb797f4a06,8,Lab,Noise
train/noise/2c97bc48f525424f_w04.png,2c97bc48f525424f,4,Field,Noise
train/noise/2cd4557b66bbf7a4_w09.png,2cd4557b66bbf7a4,9,Field,Noise
train/noise/2d0634e251e1fa5d_w00.png,2d0634e251e1fa5d,0,Field,Noise
train/noise/2d292f3c6cbccb49_w02.png,2d292f3c6cbccb49,2,Field,Noise
train/noise/2d8c184320168e8f_w02.png,2d8c184320168e8f,2,Field,Noise
train/noise/2e3755ed6a421caf_w21.png,2e3755ed6a421caf,21,Field,Noise
train/noise/2e4007a425ba404f_w20.png,2e4007a425ba404f,20,Field,Noise
train/noise/2ebf5b72e7d6c386_w19.png,2ebf5b72e7d6c386,19,Field,Noise
train/noise/2f4c91db73a43248_w12.png,2f4c91db73a43248,12,Field,Noise
train/noise/2f7fae980b539ebf_w20.png,2f7fae980b539ebf,20,Field,Noise
train/noise/2f8663c4bddafeeb_w04.png,2f8663c4bddafeeb,4,Field,Noise
train/noise/2fa5359e6c12a96d_w25.png,2fa5359e6c12a96d,25,Field,Noise
train/noise/2fb21772cf8eea5a_w14.png,2fb21772cf8eea5a,14,Field,Noise
train/noise/300439d8af426e67_w26.png,300439d8af426e67,26,Field,Noise
train/noise/30638bde95d0136b_w04.png,30638bde95d0136b,4,Field,Noise
train/noise/30ce99acf67ca5b0_w13.png,30ce99acf67ca5b0,13,Lab,Noise
train/noise/30e59175922d1359_w19.png,30e59175922d1359,19,Field,Noise
train/noise/30ebdde0f13e7858_w13.png,30ebdde0f13e7858,13,Lab,Noise
train/noise/31406f1e5c84d8d5_w12.png,31406f1e5c84d8d5,12,Field,Noise
train/noise/3159feac5c2f8438_w04.png,3159feac5c2f8438,4,Field,Noise
train/noise/31675d55aae1681a_w10.png,31675d55aae1681a,10,Field,Noise
train/noise/318ee13a0a8cb474_w06.png,318ee13a0a8cb474,6,Field,Noise
train/noise/31c3b7ba4d1e736c_w08.png,31c3b7ba4d1e736c,8,Field,Noise
train/noise/31e87ab1b7c96b15_w19.png,31e87ab1b7c96b15,19,Lab,Noise
train/noise/321c5dea1c696187_w17.png,321c5dea1c696187,17,Field,Noise
train/noise/32305c6a8c4cb526_w17.png,32305c6a8c4cb526,17,Field,Noise
train/noise/324bc796d7f1c4c5_w10.png,324bc796d7f1c4c5,10,Lab,Noise
train/noise/3285840e0b398946_w26.png,3285840e0b398946,26,Field,Noise
train/noise/32e0502ecd628796_w02.png,32e0502ecd628796,2,Field,Noise
train/noise/33585cd1f7467ca9_w09.png,33585cd1f7467ca9,9,Field,Noise
train/noise/3367e774de7482b2_w03.png,3367e774de7482b2,3,Field,Noise
train/noise/33737b1263ab1319_w09.png,33737b1263ab1319,9,Field,Noise
train/noise/341cb1129761fbc7_w26.png,341cb1129761fbc7,26,Field,Noise
train/noise/34acada8a4d93f5c_w10.png,34acada8a4d93f5c,10,Field,Noise
train/noise/34e3d09785a517cf_w25.png,34e3d09785a517cf,25,Field,Noise
train/noise/34e7a26ebc907405_w13.png,34e7a26ebc907405,13,Field,Noise
train/noise/34ea31b91530917f_w19.png,34ea31b91530917f,19,Field,Noise
train/noise/354617c7ecb438e1_w12.png,354617c7ecb438e1,12,Field,Noise
train/noise/356b3df2b31151e5_w07.png,356b3df2b31151e5,7,Field,Noise
train/noise/3654037937fb9248_w21.png,3654037937fb9248,21,Field,Noise
train/noise/3677e883898b03df_w27.png,3677e883898b03df,27,Field,Noise
train/noise/36dd3127e56a4916_w07.png,36dd3127e56a4916,7,Field,Noise
train/noise/36e5a40f2ae72e35_w21.png,36e5a40f2ae72e35,21,Lab,Noise
train/noise/36f3ec12f2c6e55b_w07.png,36f3ec12f2c6e55b,7,Field,Noise
train/noise/376aefbf43228067_w20.png,376aefbf43228067,20,Field,Noise
train/noise/37fbdc87b2024b6a_w22.png,37fbdc87b2024b6a,22,Field,Noise
train/noise/380612b50af4c39b_w12.png,380612b50af4c39b,12,Lab,Noise
train/noise/3837a362dcef6e5f_w20.png,3837a362dcef6e5f,20,Field,Noise
train/noise/3847fbdcc65bdd57_w07.png,3847fbdcc65bdd57,7,Field,Noise
train/noise/387d56c59ea0b5bb_w02.png,387d56c59ea0b5bb,2,Lab,Noise
train/noise/38870896ea92fb7c_w02.png,38870896ea92fb7c,2,Field,Noise
train/noise/3912ba7fa7fbb8bf_w12.png,3912ba7fa7fbb8bf,12,Field,Noise
train/noise/3abcd41504b589d6_w25.png,3abcd41504b589d6,25,Field,Noise
train/noise/3aeb18d02416c241_w03.png,3aeb18d02416c241,3,Field,Noise
train/noise/3b0d975a3c13d774_w12.png,3b0d975a3c13d774,12,Field,Noise
train/noise/3b23658d12644ac4_w19.png,3b23658d12644ac4,19,Field,Noise
train/noise/3b2df06d87c9570b_w05.png,3b2df06d87c9570b,5,Field,Noise
train/noise/3b57306c67cb8ed2_w20.png,3b57306c67cb8ed2,20,Field,Noise
train/noise/3bbc3fbb2a1b3779_w08.png,3bbc3fbb2a1b3779,8,Field,Noise
train/noise/3c3f9174ce7f44ec_w22.png,3c3f9174ce7f44ec,22,Field,Noise
train/noise/3d1f30c9fe35ba8b_w16.png,3d1f30c9fe35ba8b,16,Field,Noise
train/noise/3d5f47a3ac17f5af_w15.png,3d5f47a3ac17f5af,15,Field,Noise
train/noise/3d67cfed7e43221a_w04.png,3d67cfed7e43221a,4,Field,Noise
train/noise/3db17ff1a23419da_w12.png,3db17ff1a23419da,12,Field,Noise
train/noise/3db62a70ab4fe750_w23.png,3db62a70ab4fe750,23,Field,Noise
train/noise/3e280808650311ff_w00.png,3e280808650311ff,0,Field,Noise
train/noise/3e2c972051c79442_w21.png,3e2c972051c79442,21,Field,Noise
train/noise/3e5bdf9c70a98327_w13.png,3e5bdf9c70a98327,13,Lab,Noise
train/noise/3e6cb60e5e4dc3fa_w20.png,3e6cb60e5e4dc3fa,20,Lab,Noise
train/noise/3f091f1fb4f4b145_w18.png,3f091f1fb4f4b145,18,Field,Noise
train/noise/3f77ba36bef33927_w12.png,3f77ba36bef33927,12,Field,Noise
train/noise/3f79956c1f02b6a6_w08.png,3f79956c1f02b6a6,8,Field,Noise
train/noise/401c8ff1639a9efe_w17.png,401c8ff1639a9efe,17,Lab,Noise
train/noise/406c872e5f3b8e72_w03.png,406c872e5f3b8e72,3,Field,Noise
train/noise/407fd8c5eae48590_w16.png,407fd8c5eae48590,16,Lab,Noise
train/noise/418a614edb1e48f5_w02.png,418a614edb1e48f5,2,Field,Noise
train/noise/4193266b280c5859_w18.png,4193266b280c5859,18,Field,Noise
train/noise/41978eca3e9e094e_w17.png,41978eca3e9e094e,17,Lab,Noise
train/noise/41c16b447aa93389_w02.png,41c16b447aa93389,2,Field,Noise
train/noise/41c5379fbf1637f3_w21.png,41c5379fbf1637f3,21,Field,Noise
train/noise/41d70a4f528730ee_w11.png,41d70a4f528730ee,11,Field,Noise
train/noise/41f18a8daaa3c16b_w22.png,41f18a8daaa3c16b,22,Lab,Noise
train/noise/426d948307f0693b_w01.png,426d948307f0693b,1,Lab,Noise
train/noise/427d071e1f9f653b_w05.png,427d071e1f9f653b,5,Field,Noise
train/noise/427ef8fdce41e582_w13.png,427ef8fdce41e582,13,Field,Noise
train/noise/42c0db3d61bf128d_w05.png,42c0db3d61bf128d,5,Field,Noise
train/noise/430436c9c4fee6eb_w09.png,430436c9c4fee6eb,9,Field,Noise
train/noise/43721aa19c54008f_w18.png,43721aa19c54008f,18,Field,Noise
train/noise/43aad6ad9da47ac8_w04.png,43aad6ad9da47ac8,4,Field,Noise
train/noise/4416a3dfecab87d7_w18.png,4416a3dfecab87d7,18,Lab,Noise
train/noise/44289907ac58e52b_w02.png,44289907ac58e52b,2,Field,Noise
train/noise/44b5b210483ff825_w04.png,44b5b210483ff825,4,Field,Noise
train/noise/44b78d0ec4559599_w16.png,44b78d0ec4559599,16,Field,Noise
train/noise/456ad83851f8e1e6_w22.png,456ad83851f8e1e6,22,Lab,Noise
train/noise/457ef32e7552ff13_w04.png,457ef32e7552ff13,4,Field,Noise
train/noise/45a191169f4029df_w08.png,45a191169f4029df,8,Field,Noise
train/noise/45b35eabb8db3f03_w25.png,45b35eabb8db3f03,25,Field,Noise
train/noise/45cbec58025bb0ff_w27.png,45cbec58025bb0ff,27,Lab,Noise
train/noise/45d466f91a8692bc_w16.png,45d466f91a8692bc,16,Field,Noise
train/noise/45dc1035d278aef2_w12.png,45dc1035d278aef2,12,Field,Noise
train/noise/45ff9440e95bbf97_w09.png,45ff9440e95bbf97,9,Field,Noise
train/noise/467da51d44d017ca_w17.png,467da51d44d017ca,17,Field,Noise
train/noise/47d7c8e31249ca2a_w16.png,47d7c8e31249ca2a,16,Field,Noise
train/noise/483457bcd9177d04_w08.png,483457bcd9177d04,8,Field,Noise
train/noise/485790c4cf8aed4a_w00.png,485790c4cf8aed4a,0,Lab,Noise
train/noise/4870b5977100b5da_w04.png,4870b5977100b5da,4,Lab,Noise
train/noise/48ba1a719c261369_w26.png,48ba1a719c261369,26,Field,Noise
train/noise/4970d32e19899a11_w11.png,4970d32e19899a11,11,Field,Noise
train/noise/49862578cd12cd8e_w13.png,49862578cd12cd8e,13,Field,Noise
train/noise/4a010cc0e373359f_w13.png,4a010cc0e373359f,13,Field,Noise
train/noise/4aef81b14bf3c3f1_w21.png,4aef81b14bf3c3f1,21,Field,Noise
train/noise/4b44ab1897e5def8_w01.png,4b44ab1897e5def8,1,Field,Noise
train/noise/4b6ef1c174e4ef5a_w02.png,4b6ef1c174e4ef5a,2,Field,Noise
train/noise/4b706d374032f65e_w07.png,4b706d374032f65e,7,Field,Noise
train/noise/4c69e9047c3687bb_w13.png,4c69e9047c3687bb,13,Field,Noise
train/noise/4c8bf85c2176acc1_w18.png,4c8bf85c2176acc1,18,Lab,Noise
train/noise/4d0b2457e702b1de_w13.png,4d0b2457e702b1de,13,Field,Noise
train/noise/4d5697153bc54ece_w12.png,4d5697153bc54ece,12,Field,Noise
train/noise/4d58a2f667099cac_w26.png,4d58a2f667099cac,26,Lab,Noise
train/noise/4e090f96f4732c33_w04.png,4e090f96f4732c33,4,Field,Noise
train/noise/4ec63814ddd8c1aa_w16.png,4ec63814ddd8c1aa,16,Field,Noise
train/noise/4ef5f2ccd7691678_w15.png,4ef5f2ccd7691678,15,Field,Noise
train/noise/4effa76de18a6f65_w13.png,4effa76de18a6f65,13,Field,Noise
train/noise/4f8d3954a14b7218_w22.png,4f8d3954a14b7218,22,Field,Noise
train/noise/4feb2a7e2c6c93e5_w07.png,4feb2a7e2c6c93e5,7,Field,Noise
train/noise/4ff97921af2ad7f7_w26.png,4ff97921af2ad7f7,26,Field,Noise
train/noise/502440fc6f6e13e1_w09.png,502440fc6f6e13e1,9,Field,Noise
train/noise/504ef493a2a9cea0_w15.png,504ef493a2a9cea0,15,Lab,Noise
train/noise/5106fa385460d6a8_w14.png,5106fa385460d6a8,14,Field,Noise
train/noise/51335c650720b16c_w23.png,51335c650720b16c,23,Field,Noise
train/noise/517cdc0b6eddeec0_w12.png,517cdc0b6eddeec0,12,Lab,Noise
train/noise/518bd8801cf80e99_w07.png,518bd8801cf80e99,7,Lab,Noise
train/noise/52614fca70e46b16_w00.png,52614fca70e46b16,0,Field,Noise
train/noise/527e95e659f0ed42_w10.png,527e95e659f0ed42,10,Field,Noise
train/noise/52b1780c949aec89_w23.png,52b1780c949aec89,23,Field,Noise
train/noise/52d0358702f35703_w00.png,52d0358702f35703,0,Field,Noise
train/noise/52fb3e3f5116fe61_w25.png,52fb3e3f5116fe61,25,Field,Noise
train/noise/5379fe519f5566a6_w15.png,5379fe519f5566a6,15,Field,Noise
train/noise/53d000ca9cb0a845_w03.png,53d000ca9cb0a845,3,Field,Noise
train/noise/53e9a933e800ae38_w08.png,53e9a933e800ae38,8,Field,Noise
train/noise/53fc588126d74ff8_w15.png,53fc588126d74ff8,15,Field,Noise
train/noise/53fec3b22ea6f82c_w08.png,53fec3b22ea6f82c,8,Field,Noise
train/noise/54cf5e90662e7f9f_w03.png,54cf5e90662e7f9f,3,Field,Noise
train/noise/550931f67aa1cc36_w18.png,550931f67aa1cc36,18,Field,Noise
train/noise/553173dc3bcff53a_w18.png,553173dc3bcff53a,18,Field,Noise
train/noise/55c98f0698db3112_w03.png,55c98f0698db3112,3,Field,Noise
train/noise/578bce00a845b7b7_w07.png,578bce00a845b7b7,7,Field,Noise
train/noise/579d52e9877751d7_w06.png,579d52e9877751d7,6,Lab,Noise
train/noise/57fe1e31594d86c3_w18.png,57fe1e31594d86c3,18,Field,Noise
train/noise/5818f6d9444c39d9_w20.png,5818f6d9444c39d9,20,Field,Noise
train/noise/582e32f187e8ea80_w20.png,582e32f187e8ea80,20,Lab,Noise
train/noise/58649f46cf28596a_w26.png,58649f46cf28596a,26,Field,Noise
train/noise/589dc6a3ee0f4ec7_w21.png,589dc6a3ee0f4ec7,21,Field,Noise
train/noise/5a5ecc8b16d1dddc_w08.png,5a5ecc8b16d1dddc,8,Field,Noise
train/noise/5a7b66a335d24b6f_w03.png,5a7b66a335d24b6f,3,Field,Noise
train/noise/5a9651b018abaaed_w17.png,5a9651b018abaaed,17,Lab,Noise
train/noise/5ac930c22962359d_w25.png,5ac930c22962359d,25,Field,Noise
train/noise/5b59e6bc903d2d77_w27.png,5b59e6bc903d2d77,27,Field,Noise
train/noise/5c5b7ae64225334f_w06.png,5c5b7ae64225334f,6,Field,Noise
train/noise/5c5cd74b54ea1e4d_w06.png,5c5cd74b54ea1e4d,6,Field,Noise
train/noise/5d770ba1f029d31f_w01.png,5d770ba1f029d31f,1,Field,Noise
train/noise/5d7bd0ae8f20713b_w03.png,5d7bd0ae8f20713b,3,Field,Noise
train/noise/5d98fc8f3f16ce49_w15.png,5d98fc8f3f16ce49,15,Field,Noise
train/noise/5dd7054c6dd9bbe2_w15.png,5dd7054c6dd9bbe2,15,Lab,Noise
train/noise/5df2e3a8275b15dc_w10.png,5df2e3a8275b15dc,10,Field,Noise
train/noise/5e6793bc6df530e4_w08.png,5e6793bc6df530e4,8,Field,Noise
train/noise/5e74904db41de1fb_w23.png,5e74904db41de1fb,23,Lab,Noise
train/noise/5ea75b3b28665b27_w12.png,5ea75b3b28665b27,12,Field,Noise
train/noise/5fc0b92b59a9ffb1_w22.png,5fc0b92b59a9ffb1,22,Field,Noise
train/noise/60b44ebb50e3123c_w26.png,60b44ebb50e3123c,26,Lab,Noise
train/noise/60c6a607c5d1e7b9_w08.png,60c6a607c5d1e7b9,8,Lab,Noise
train/noise/60f059cddcf516df_w05.png,60f059cddcf516df,5,Field,Noise
train/noise/612efabdd9384cdf_w26.png,612efabdd9384cdf,26,Field,Noise
train/noise/618585de0558a2a1_w17.png,618585de0558a2a1,17,Field,Noise
train/noise/618b82c2c3e5d7e0_w08.png,618b82c2c3e5d7e0,8,Field,Noise
train/noise/6244e8c850185dce_w17.png,6244e8c850185dce,17,Field,Noise
train/noise/6247747551c39f55_w14.png,6247747551c39f55,14,Field,Noise
train/noise/62595cb8a0ac149f_w25.png,62595cb8a0ac149f,25,Field,Noise
train/noise/628c14e417528b81_w07.png,628c14e417528b81,7,Lab,Noise
train/noise/636c69db932e8f13_w27.png,636c69db932e8f13,27,Lab,Noise
train/noise/63bad5b1cb902a11_w26.png,63bad5b1cb902a11,26,Field,Noise
train/noise/63e5c178bbf211c6_w05.png,63e5c178bbf211c6,5,Lab,Noise
train/noise/6402dfcb6a289a0e_w04.png,6402dfcb6a289a0e,4,Lab,Noise
train/noise/640a959eba53bb39_w14.png,640a959eba53bb39,14,Lab,Noise
train/noise/6471616b75aa56ce_w01.png,6471616b75aa56ce,1,Lab,Noise
train/noise/65d9febb5beda411_w08.png,65d9febb5beda411,8,Lab,Noise
train/noise/6620733e9f4e1218_w12.png,6620733e9f4e1218,12,Field,Noise
train/noise/66bd2d7f1f580aee_w27.png,66bd2d7f1f580aee,27,Field,Noise
train/noise/67067f414328e7cc_w27.png,67067f414328e7cc,27,Lab,Noise
train/noise/6713c0afc11a5702_w04.png,6713c0afc11a5702,4,Field,Noise
train/noise/6719ef54e9f49de2_w24.png,6719ef54e9f49de2,24,Field,Noise
train/noise/67837ef55ae53444_w02.png,67837ef55ae53444,2,Field,Noise
train/noise/67f65e4d6313b23f_w20.png,67f65e4d6313b23f,20,Field,Noise
train/noise/68dd44c9a2309526_w23.png,68dd44c9a2309526,23,Field,Noise
train/noise/697105f3ce6f1df4_w24.png,697105f3ce6f1df4,24,Field,Noise
train/noise/6998dba9f4e52f57_w06.png,6998dba9f4e52f57,6,Field,Noise
train/noise/6a0f9da82fc4dd4b_w25.png,6a0f9da82fc4dd4b,25,Field,Noise
train/noise/6a4a3c4f95e0ef4c_w03.png,6a4a3c4f95e0ef4c,3,Field,Noise
train/noise/6a79c92b865a8cb0_w14.png,6a79c92b865a8cb0,14,Lab,Noise
train/noise/6aaf771770214590_w13.png,6aaf771770214590,13,Field,Noise
train/noise/6ab2c3047d552c7f_w08.png,6ab2c3047d552c7f,8,Field,Noise
train/noise/6ab71d8671e0bdbf_w00.png,6ab71d8671e0bdbf,0,Field,Noise
train/noise/6bc08c558519a56a_w21.png,6bc08c558519a56a,21,Lab,Noise
train/noise/6bc75ebb8d0f60ac_w09.png,6bc75ebb8d0f60ac,9,Field,Noise
train/noise/6bcbd997c10fd14b_w18.png,6bcbd997c10fd14b,18,Field,Noise
train/noise/6bd6cbdbd6297d34_w11.png,6bd6cbdbd6297d34,11,Field,Noise
train/noise/6c0fc2ee6d3c2398_w10.png,6c0fc2ee6d3c2398,10,Lab,Noise
train/noise/6c322b4cf94a36bf_w24.png,6c322b4cf94a36bf,24,Lab,Noise
train/noise/6cf142a5d3dd7f45_w02.png,6cf142a5d3dd7f45,2,Field,Noise
train/noise/6cffc6a670a3ae5f_w20.png,6cffc6a670a3ae5f,20,Field,Noise
train/noise/6d4c373eb4b519a4_w20.png,6d4c373eb4b519a4,20,Field,Noise
train/noise/6d55b24e4d7a0169_w10.png,6d55b24e4d7a0169,10,Field,Noise
train/noise/6d578bbe2094383d_w07.png,6d578bbe2094383d,7,Field,Noise
train/noise/6f4bfcbb28b76419_w00.png,6f4bfcbb28b76419,0,Lab,Noise
train/noise/6f7803400890ba71_w26.png,6f7803400890ba71,26,Field,Noise
train/noise/7003ef7e1211c51e_w26.png,7003ef7e1211c51e,26,Field,Noise
train/noise/701b6ff50a4a088a_w06.png,701b6ff50a4a088a,6,Field,Noise
train/noise/702c3d23d46c9195_w00.png,702c3d23d46c9195,0,Lab,Noise
train/noise/704acfda0269041f_w03.png,704acfda0269041f,3,Field,Noise
train/noise/70a2f9f8df4fd3ea_w01.png,70a2f9f8df4fd3ea,1,Lab,Noise
train/noise/7196a14b3ff9920c_w23.png,7196a14b3ff9920c,23,Field,Noise
train/noise/7208db96ff6d8722_w24.png,7208db96ff6d8722,24,Lab,Noise
train/noise/720e9c678f087317_w04.png,720e9c678f087317,4,Lab,Noise
train/noise/723420f566a92783_w20.png,723420f566a92783,20,Field,Noise
train/noise/732fff371ee9d84b_w05.png,732fff371ee9d84b,5,Field,Noise
train/noise/73454e7bfc085f31_w10.png,73454e7bfc085f31,10,Field,Noise
train/noise/7376db02d8e6e30e_w16.png,7376db02d8e6e30e,16,Field,Noise
train/noise/73d286ae964d689d_w20.png,73d286ae964d689d,20,Lab,Noise
train/noise/7423c25947e11b92_w24.png,7423c25947e11b92,24,Field,Noise
train/noise/7478fc32572d8ebb_w01.png,7478fc32572d8ebb,1,Field,Noise
train/noise/749e0426d8119595_w05.png,749e0426d8119595,5,Field,Noise
train/noise/74d3f7042a96df5b_w07.png,74d3f7042a96df5b,7,Field,Noise
train/noise/74fa5bf776ecc7b5_w08.png,74fa5bf776ecc7b5,8,Field,Noise
train/noise/751c822b2ddff60e_w27.png,751c822b2ddff60e,27,Field,Noise
train/noise/753d4ba35e5bbe8a_w21.png,753d4ba35e5bbe8a,21,Field,Noise
train/noise/75a27143f4e1002f_w08.png,75a27143f4e1002f,8,Field,Noise
train/noise/75f193b06b9dc69a_w27.png,75f193b06b9dc69a,27,Lab,Noise
train/noise/75fbd5dcd934674f_w13.png,75fbd5dcd934674f,13,Field,Noise
train/noise/762a6d46f474f139_w14.png,762a6d46f474f139,14,Lab,Noise
train/noise/7692f19b2866e0d6_w12.png,7692f19b2866e0d6,12,Field,Noise
train/noise/76e2d339b097d8f8_w04.png,76e2d339b097d8f8,4,Field,Noise
train/noise/7702527f5a1f3bfc_w26.png,7702527f5a1f3bfc,26,Field,Noise
train/noise/779387ab287e2737_w00.png,779387ab287e2737,0,Field,Noise
train/noise/77ac3c3a87270c04_w04.png,77ac3c3a87270c04,4,Lab,Noise
train/noise/77f296c12d31b600_w06.png,77f296c12d31b600,6,Field,Noise
train/noise/787a91851ed98ea5_w07.png,787a91851ed98ea5,7,Field,Noise
train/noise/7887ff990a857023_w03.png,7887ff990a857023,3,Field,Noise
train/noise/794a2ad451a34528_w00.png,794a2ad451a34528,0,Field,Noise
train/noise/79c7d75f4902c991_w18.png,79c7d75f4902c991,18,Field,Noise
train/noise/79d4de435823c25f_w27.png,79d4de435823c25f,27,Field,Noise
train/noise/7a4ca097159465b1_w03.png,7a4ca097159465b1,3,Lab,Noise
train/noise/7a6490177b5a4f35_w08.png,7a6490177b5a4f35,8,Field,Noise
train/noise/7abc8f550bbb7f7f_w14.png,7abc8f550bbb7f7f,14,Field,Noise
train/noise/7b68eab2330dc4b2_w25.png,7b68eab2330dc4b2,25,Field,Noise
train/noise/7b6e9cd5d776d92a_w19.png,7b6e9cd5d776d92a,19,Field,Noise
train/noise/7b9ef13c0f0628be_w21.png,7b9ef13c0f0628be,21,Field,Noise
train/noise/7bc14c77fb79be93_w16.png,7bc14c77fb79be93,16,Field,Noise
train/noise/7c456f270e9d6e66_w11.png,7c456f270e9d6e66,11,Field,Noise
train/noise/7c768ff6b8555516_w05.png,7c768ff6b8555516,5,Field,Noise
train/noise/7ce787c8c375d462_w24.png,7ce787c8c375d462,24,Field,Noise
train/noise/7d1be0597a86451e_w22.png,7d1be0597a86451e,22,Field,Noise
train/noise/7d8c440c52d222fe_w00.png,7d8c440c52d222fe,0,Lab,Noise
train/noise/7da44ed9e33ea63d_w20.png,7da44ed9e33ea63d,20,Field,Noise
train/noise/7ea138b725618702_w02.png,7ea138b725618702,2,Field,Noise
train/noise/7eeead391f63a387_w20.png,7eeead391f63a387,20,Field,Noise
train/noise/7efdd9f0fd2717f2_w23.png,7efdd9f0fd2717f2,23,Field,Noise
train/noise/7f0927a46c0cba49_w03.png,7f0927a46c0cba49,3,Field,Noise
train/noise/7f1b8cff2b120806_w12.png,7f1b8cff2b120806,12,Lab,Noise
train/noise/7fc7670e7fa23174_w03.png,7fc7670e7fa23174,3,Field,Noise
train/noise/7fca66f90cf98fe7_w15.png,7fca66f90cf98fe7,15,Field,Noise
train/noise/8043741ce693c2bc_w25.png,8043741ce693c2bc,25,Lab,Noise
train/noise/805f4289742c9a72_w02.png,805f4289742c9a72,2,Field,Noise
train/noise/807dc653536aa228_w11.png,807dc653536aa228,11,Field,Noise
train/noise/8088d9d0e91c826e_w27.png,8088d9d0e91c826e,27,Field,Noise
train/noise/8096219367bcab79_w08.png,8096219367bcab79,8,Field,Noise
train/noise/8099cff6b2174b8a_w03.png,8099cff6b2174b8a,3,Field,Noise
train/noise/80c6c413ee217dd2_w13.png,80c6c413ee217dd2,13,Field,Noise
train/noise/80db5dd67bd66e8c_w14.png,80db5dd67bd66e8c,14,Field,Noise
train/noise/817a9e5af872e1bb_w18.png,817a9e5af872e1bb,18,Field,Noise
train/noise/818be87b7fe463c1_w08.png,818be87b7fe463c1,8,Lab,Noise
train/noise/81dbbe4ca2520471_w26.png,81dbbe4ca2520471,26,Field,Noise
train/noise/828caa686b2bc85a_w14.png,828caa686b2bc85a,14,Lab,Noise
train/noise/82c43b37617174e5_w08.png,82c43b37617174e5,8,Field,Noise
train/noise/832947b6227fb364_w26.png,832947b6227fb364,26,Field,Noise
train/noise/8342d9e7c9899e10_w25.png,8342d9e7c9899e10,25,Field,Noise
train/noise/834cbd73629d5b98_w13.png,834cbd73629d5b98,13,Field,Noise
train/noise/8353b30dc246a408_w00.png,8353b30dc246a408,0,Field,Noise
train/noise/84685eaa80704a1a_w16.png,84685eaa80704a1a,16,Field,Noise
train/noise/8481e77dcd58c32e_w15.png,8481e77dcd58c32e,15,Field,Noise
train/noise/84ac305ea5f981a6_w04.png,84ac305ea5f981a6,4,Lab,Noise
train/noise/8541c5401f9d2e83_w17.png,8541c5401f9d2e83,17,Field,Noise
train/noise/8545a012b64bfa8a_w23.png,8545a012b64bfa8a,23,Field,Noise
train/noise/85d54bc50fbc69c7_w02.png,85d54bc50fbc69c7,2,Field,Noise
train/noise/85f47db08bec6970_w20.png,85f47db08bec6970,20,Lab,Noise
train/noise/86444a3adea5fef0_w03.png,86444a3adea5fef0,3,Lab,Noise
train/noise/8652267f9534c4c5_w20.png,8652267f9534c4c5,20,Field,Noise
train/noise/8679af098091053f_w11.png,8679af098091053f,11,Field,Noise
train/noise/8680d3c08f92f089_w00.png,8680d3c08f92f089,0,Field,Noise
train/noise/86a208a2a3f90664_w27.png,86a208a2a3f90664,27,Field,Noise
train/noise/86c02a067a15fa30_w04.png,86c02a067a15fa30,4,Field,Noise
train/noise/87251036db8864f4_w16.png,87251036db8864f4,16,Lab,Noise
train/noise/8732ee3d359509bd_w05.png,8732ee3d359509bd,5,Field,Noise
train/noise/87b3e40e58a3cfd8_w26.png,87b3e40e58a3cfd8,26,Field,Noise
train/noise/8835a88ba173f4e9_w20.png,8835a88ba173f4e9,20,Field,Noise
train/noise/8879d487511cc368_w22.png,8879d487511cc368,22,Field,Noise
train/noise/8895e8b91eab3f06_w12.png,8895e8b91eab3f06,12,Field,Noise
train/noise/88aa720983393979_w13.png,88aa720983393979,13,Field,Noise
train/noise/8908e4968ba2ce5e_w17.png,8908e4968ba2ce5e,17,Field,Noise
train/noise/89475594ea35c1fa_w21.png,89475594ea35c1fa,21,Field,Noise
train/noise/89a634b509360c2b_w23.png,89a634b509360c2b,23,Lab,Noise
train/noise/89c6e499658a1ef0_w00.png,89c6e499658a1ef0,0,Field,Noise
train/noise/89e5e51b0cd025a2_w18.png,89e5e51b0cd025a2,18,Lab,Noise
train/noise/8a0346388477f2cc_w03.png,8a0346388477f2cc,3,Field,Noise
train/noise/8b09a0a126c65882_w08.png,8b09a0a126c65882,8,Lab,Noise
train/noise/8b2bbda5bc423cb5_w23.png,8b2bbda5bc423cb5,23,Field,Noise
train/noise/8b2db6e9e5a2492f_w07.png,8b2db6e9e5a2492f,7,Lab,Noise
train/noise/8b317a01d41b36c8_w22.png,8b317a01d41b36c8,22,Field,Noise
train/noise/8c356b49d028bd13_w12.png,8c356b49d028bd13,12,Field,Noise
train/noise/8c49588a1544bc3f_w06.png,8c49588a1544bc3f,6,Lab,Noise
train/noise/8cd084a08a280100_w09.png,8cd084a08a280100,9,Field,Noise
train/noise/8ce700877caef928_w14.png,8ce700877caef928,14,Lab,Noise
train/noise/8d3f779b3e8ec6e8_w21.png,8d3f779b3e8ec6e8,21,Field,Noise
train/noise/8e481657563f232b_w16.png,8e481657563f232b,16,Field,Noise
train/noise/8e6c4cfe5a52c50c_w26.png,8e6c4cfe5a52c50c,26,Field,Noise
train/noise/8e81433988191912_w24.png,8e81433988191912,24,Lab,Noise
train/noise/8ea7126f35d4df64_w21.png,8ea7126f35d4df64,21,Field,Noise
train/noise/8ecdf354693a60ff_w16.png,8ecdf354693a60ff,16,Lab,Noise
train/noise/8efaad829f841383_w08.png,8efaad829f841383,8,Field,Noise
train/noise/8f0d10d5e502c487_w11.png,8f0d10d5e502c487,11,Field,Noise
train/noise/901f3b5e40c85e45_w03.png,901f3b5e40c85e45,3,Field,Noise
train/noise/90739ec4d0212483_w10.png,90739ec4d0212483,10,Field,Noise
train/noise/90c47885ac859630_w25.png,90c47885ac859630,25,Field,Noise
train/noise/9180a423bc93abc8_w11.png,9180a423bc93abc8,11,Field,Noise
train/noise/91e113d90e10a658_w03.png,91e113d90e10a658,3,Field,Noise
train/noise/92300f2a00fa936c_w18.png,92300f2a00fa936c,18,Field,Noise
train/noise/9259a612c36edf7e_w26.png,9259a612c36edf7e,26,Field,Noise
train/noise/93863fe081f4668c_w24.png,93863fe081f4668c,24,Field,Noise
train/noise/93f5e8e2b6fb6ff6_w07.png,93f5e8e2b6fb6ff6,7,Field,Noise
train/noise/9493459278416c27_w12.png,9493459278416c27,12,Field,Noise
train/noise/94e76d9c2546db84_w14.png,94e76d9c2546db84,14,Field,Noise
train/noise/957abc00bdd79933_w06.png,957abc00bdd79933,6,Field,Noise
train/noise/9601fcdb8c2b904b_w07.png,9601fcdb8c2b904b,7,Field,Noise
train/noise/96b76c5ddc431495_w06.png,96b76c5ddc431495,6,Field,Noise
train/noise/970b8468ed9cae4e_w27.png,970b8468ed9cae4e,27,Field,Noise
train/noise/9718dffeb3ed894c_w20.png,9718dffeb3ed894c,20,Lab,Noise
train/noise/97cf9f9eab556238_w23.png,97cf9f9eab556238,23,Field,Noise
train/noise/97e4ee4cd42e8796_w22.png,97e4ee4cd42e8796,22,Field,Noise
train/noise/97e7bd14c71b2f43_w26.png,97e7bd14c71b2f43,26,Field,Noise
train/noise/980778740f04a540_w02.png,980778740f04a540,2,Lab,Noise
train/noise/989a06a3795716d4_w24.png,989a06a3795716d4,24,Field,Noise
train/noise/98e21d6e50b09e8b_w01.png,98e21d6e50b09e8b,1,Lab,Noise
train/noise/9926ef04cf06c802_w13.png,9926ef04cf06c802,13,Lab,Noise
train/noise/9946ac0b039f2fd3_w16.png,9946ac0b039f2fd3,16,Field,Noise
train/noise/995da59129374a44_w10.png,995da59129374a44,10,Lab,Noise
train/noise/99ceb10529af1f72_w04.png,99ceb10529af1f72,4,Field,Noise
train/noise/99f5b0c93f04e9fa_w05.png,99f5b0c93f04e9fa,5,Field,Noise
train/noise/9a17f6b0858600b6_w23.png,9a17f6b0858600b6,23,Lab,Noise
train/noise/9a2873dd42cda6b6_w08.png,9a2873dd42cda6b6,8,Field,Noise
train/noise/9a3cc2591a8a2e2c_w08.png,9a3cc2591a8a2e2c,8,Lab,Noise
train/noise/9a601316fbab5235_w25.png,9a601316fbab5235,25,Field,Noise
train/noise/9b5fbc4dd191b6c9_w04.png,9b5fbc4dd191b6c9,4,Field,Noise
train/noise/9b8e32793e4b2ece_w25.png,9b8e32793e4b2ece,25,Field,Noise
train/noise/9c494da5ac56b307_w25.png,9c494da5ac56b307,25,Field,Noise
train/noise/9c88972826aa69d1_w16.png,9c88972826aa69d1,16,Field,Noise
train/noise/9cad205b8584541b_w04.png,9cad205b8584541b,4,Field,Noise
train/noise/9cb600f558b86d1f_w04.png,9cb600f558b86d1f,4,Field,Noise
train/noise/9cc4913880f5be55_w07.png,9cc4913880f5be55,7,Field,Noise
train/noise/9d81cc325e1830b0_w16.png,9d81cc325e1830b0,16,Field,Noise
train/noise/9d91098a3991e6de_w04.png,9d91098a3991e6de,4,Field,Noise
train/noise/9dc0d28f5572cc52_w12.png,9dc0d28f5572cc52,12,Field,Noise
train/noise/9df7c23dca312cc8_w03.png,9df7c23dca312cc8,3,Field,Noise
train/noise/9e301b9023c3b994_w15.png,9e301b9023c3b994,15,Field,Noise
train/noise/9e51a433201e1aa5_w00.png,9e51a433201e1aa5,0,Lab,Noise
train/noise/9e625908b01b31a3_w19.png,9e625908b01b31a3,19,Field,Noise
train/noise/9eb4732b7c5aae40_w01.png,9eb4732b7c5aae40,1,Field,Noise
train/noise/9ee1832c9f07de75_w05.png,9ee1832c9f07de75,5,Field,Noise
train/noise/9f0451f21f1a8439_w04.png,9f0451f21f1a8439,4,Field,Noise
train/noise/9f4c8a13dd0ce299_w23.png,9f4c8a13dd0ce299,23,Lab,Noise
train/noise/9fa70f9e5fb6706b_w01.png,9fa70f9e5fb6706b,1,Field,Noise
train/noise/9fc25ab082f0531e_w12.png,9fc25ab082f0531e,12,Field,Noise
train/noise/a0064deadcc46df3_w16.png,a0064deadcc46df3,16,Field,Noise
train/noise/a09a9caee8e02e0f_w14.png,a09a9caee8e02e0f,14,Lab,Noise
train/noise/a1967c91c314aac1_w19.png,a1967c91c314aac1,19,Field,Noise
train/noise/a1b56d2971b8579f_w22.png,a1b56d2971b8579f,22,Field,Noise
train/noise/a1d69ec70bcd9b29_w11.png,a1d69ec70bcd9b29,11,Field,Noise
train/noise/a25998cd0dbd6aaa_w23.png,a25998cd0dbd6aaa,23,Field,Noise
train/noise/a2a723eb5a18b5ce_w08.png,a2a723eb5a18b5ce,8,Field,Noise
train/noise/a2a8ca443d6c0b0d_w27.png,a2a8ca443d6c0b0d,27,Field,Noise
train/noise/a301e3fc7b9f027c_w14.png,a301e3fc7b9f027c,14,Field,Noise
train/noise/a30205fdc9fc9c30_w20.png,a30205fdc9fc9c30,20,Field,Noise
train/noise/a31ee1c962302fa0_w24.png,a31ee1c962302fa0,24,Field,Noise
train/noise/a42338527a3ea057_w22.png,a42338527a3ea057,22,Field,Noise
train/noise/a43e57f140404a09_w23.png,a43e57f140404a09,23,Field,Noise
train/noise/a474b6277be44090_w15.png,a474b6277be44090,15,Field,Noise
train/noise/a500b1b72fc9c06a_w01.png,a500b1b72fc9c06a,1,Field,Noise
train/noise/a544434e650e1055_w13.png,a544434e650e1055,13,Field,Noise
train/noise/a5740bc7e1121abc_w05.png,a5740bc7e1121abc,5,Field,Noise
train/noise/a586e512e869d022_w24.png,a586e512e869d022,24,Field,Noise
train/noise/a5963026bb601f29_w06.png,a5963026bb601f29,6,Field,Noise
train/noise/a6887fb82634a7e7_w06.png,a6887fb82634a7e7,6,Field,Noise
train/noise/a6bc42f816a9e477_w06.png,a6bc42f816a9e477,6,Field,Noise
train/noise/a6e8068ec81578bd_w17.png,a6e8068ec81578bd,17,Field,Noise
train/noise/a6f32982e6f94d39_w15.png,a6f32982e6f94d39,15,Lab,Noise
train/noise/a77e747fec2ae371_w26.png,a77e747fec2ae371,26,Field,Noise
train/noise/a7c5c51db99f2099_w11.png,a7c5c51db99f2099,11,Lab,Noise
train/noise/a7f91ed25267b2eb_w07.png,a7f91ed25267b2eb,7,Field,Noise
train/noise/a868615849e27b9a_w01.png,a868615849e27b9a,1,Field,Noise
train/noise/a8c11c5cc144b945_w00.png,a8c11c5cc144b945,0,Field,Noise
train/noise/a9f341076d2c6ac6_w10.png,a9f341076d2c6ac6,10,Field,Noise
train/noise/aa2901679f7d0a2e_w25.png,aa2901679f7d0a2e,25,Field,Noise
train/noise/aa57b8962804342e_w14.png,aa57b8962804342e,14,Field,Noise
train/noise/aa8a17b7ee06d915_w25.png,aa8a17b7ee06d915,25,Field,Noise
train/noise/aa90f9c47727a037_w02.png,aa90f9c47727a037,2,Field,Noise
train/noise/aa96d41315dd9b7d_w02.png,aa96d41315dd9b7d,2,Field,Noise
train/noise/aadfcbbb4839d8a1_w23.png,aadfcbbb4839d8a1,23,Field,Noise
train/noise/aaeeea5b3b5e492d_w02.png,aaeeea5b3b5e492d,2,Field,Noise
train/noise/ab0aea8bf3a566b4_w01.png,ab0aea8bf3a566b4,1,Field,Noise
train/noise/ab26fa8ec1eea766_w11.png,ab26fa8ec1eea766,11,Lab,Noise
train/noise/ab352e3a7a2c37c8_w25.png,ab352e3a7a2c37c8,25,Lab,Noise
train/noise/ac0f02930b8e5a1f_w19.png,ac0f02930b8e5a1f,19,Field,Noise
train/noise/ac57572c83494398_w02.png,ac57572c83494398,2,Field,Noise
train/noise/ad755f5380a294af_w23.png,ad755f5380a294af,23,Field,Noise
train/noise/ae129c31b1c0832a_w23.png,ae129c31b1c0832a,23,Field,Noise
train/noise/ae35ebc2b1de3648_w22.png,ae35ebc2b1de3648,22,Field,Noise
train/noise/aedd2974c89027c7_w25.png,aedd2974c89027c7,25,Field,Noise
train/noise/afb6ba96f98f00a0_w06.png,afb6ba96f98f00a0,6,Field,Noise
train/noise/b0214e9c2c7e6f9d_w27.png,b0214e9c2c7e6f9d,27,Field,Noise
train/noise/b0baeae8b18fa3dd_w08.png,b0baeae8b18fa3dd,8,Field,Noise
train/noise/b10b407ea9527596_w22.png,b10b407ea9527596,22,Field,Noise
train/noise/b1229d78554f91b8_w16.png,b1229d78554f91b8,16,Field,Noise
train/noise/b157a296424f0a88_w21.png,b157a296424f0a88,21,Field,Noise
train/noise/b1688031254eb7fd_w17.png,b1688031254eb7fd,17,Lab,Noise
train/noise/b193c7340c22430a_w17.png,b193c7340c22430a,17,Field,Noise
train/noise/b1bd35a410e2aaa8_w17.png,b1bd35a410e2aaa8,17,Field,Noise
train/noise/b1cc3702f6c40f72_w21.png,b1cc3702f6c40f72,21,Field,Noise
train/noise/b1e4a2a7f890370a_w20.png,b1e4a2a7f890370a,20,Field,Noise
train/noise/b20867fd279f8588_w03.png,b20867fd279f8588,3,Field,Noise
train/noise/b288a998892a527a_w23.png,b288a998892a527a,23,Field,Noise
train/noise/b3f90fbc6fa1646a_w15.png,b3f90fbc6fa1646a,15,Field,Noise
train/noise/b40d0198b9756f85_w09.png,b40d0198b9756f85,9,Field,Noise
train/noise/b492d8db6d9d43bb_w14.png,b492d8db6d9d43bb,14,Lab,Noise
train/noise/b4e1393b567db0a7_w27.png,b4e1393b567db0a7,27,Field,Noise
train/noise/b52c1b0f4e624035_w24.png,b52c1b0f4e624035,24,Field,Noise
train/noise/b53906ac5240656d_w23.png,b53906ac5240656d,23,Field,Noise
train/noise/b5b6a152e8750d0b_w12.png,b5b6a152e8750d0b,12,Field,Noise
train/noise/b637e52628429829_w21.png,b637e52628429829,21,Field,Noise
train/noise/b66daec5adf91e2b_w10.png,b66daec5adf91e2b,10,Field,Noise
train/noise/b69d3d60cfebe4ab_w19.png,b69d3d60cfebe4ab,19,Field,Noise
train/noise/b6a81203a693a074_w17.png,b6a81203a693a074,17,Field,Noise
train/noise/b7439748cbb8cf8a_w06.png,b7439748cbb8cf8a,6,Field,Noise
train/noise/b75f4b4131619dc9_w07.png,b75f4b4131619dc9,7,Field,Noise
train/noise/b7c4d75dd7236d29_w01.png,b7c4d75dd7236d29,1,Field,Noise
train/noise/b7f63e094e899dbb_w03.png,b7f63e094e899dbb,3,Field,Noise
train/noise/b80888c2b784a837_w12.png,b80888c2b784a837,12,Field,Noise
train/noise/b82b2bb8e3042b16_w13.png,b82b2bb8e3042b16,13,Field,Noise
train/noise/b82c8c189342136d_w04.png,b82c8c189342136d,4,Field,Noise
train/noise/b896cc4a9206a94c_w11.png,b896cc4a9206a94c,11,Field,Noise
train/noise/b8da0c03e6781c68_w16.png,b8da0c03e6781c68,16,Field,Noise
train/noise/b92847c17efff3f8_w06.png,b92847c17efff3f8,6,Lab,Noise
train/noise/b9943804b888e683_w09.png,b9943804b888e683,9,Field,Noise
train/noise/ba3d6dee00c58880_w10.png,ba3d6dee00c58880,10,Lab,Noise
train/noise/ba53ade84e7a9edf_w14.png,ba53ade84e7a9edf,14,Field,Noise
train/noise/ba7007a8df0d14f1_w10.png,ba7007a8df0d14f1,10,Field,Noise
train/noise/baf74f2de98713e6_w20.png,baf74f2de98713e6,20,Field,Noise
train/noise/bb8b690bb0c88035_w09.png,bb8b690bb0c88035,9,Lab,Noise
train/noise/bbc3f41c6b96cbf0_w12.png,bbc3f41c6b96cbf0,12,Lab,Noise
train/noise/bbe1d3d7d26cca46_w10.png,bbe1d3d7d26cca46,10,Lab,Noise
train/noise/bc48602a89ce0926_w05.png,bc48602a89ce0926,5,Field,Noise
train/noise/bcb57df996d1d9f0_w19.png,bcb57df996d1d9f0,19,Lab,Noise
train/noise/bd8c7501e20e9984_w06.png,bd8c7501e20e9984,6,Lab,Noise
train/noise/bd8e66770087f5de_w08.png,bd8e66770087f5de,8,Lab,Noise
train/noise/bd9346587c820775_w22.png,bd9346587c820775,22,Field,Noise
train/noise/bdaae1b1a853e234_w26.png,bdaae1b1a853e234,26,Field,Noise
train/noise/be30805c35a8d4c4_w18.png,be30805c35a8d4c4,18,Field,Noise
train/noise/be53eaac777cc7b7_w25.png,be53eaac777cc7b7,25,Field,Noise
train/noise/bed97cc356d0d183_w23.png,bed97cc356d0d183,23,Field,Noise
train/noise/bf05a8324f82d0d2_w13.png,bf05a8324f82d0d2,13,Field,Noise
train/noise/bf951361d142f163_w21.png,bf951361d142f163,21,Field,Noise
train/noise/c02ecba100f80067_w09.png,c02ecba100f80067,9,Field,Noise
train/noise/c062a553c7a41ec9_w12.png,c062a553c7a41ec9,12,Lab,Noise
train/noise/c0745a8460604d24_w14.png,c0745a8460604d24,14,Field,Noise
train/noise/c0789301eb57e23e_w26.png,c0789301eb57e23e,26,Field,Noise
train/noise/c1287f085daeae0b_w23.png,c1287f085daeae0b,23,Lab,Noise
train/noise/c1603704398c8e46_w13.png,c1603704398c8e46,13,Field,Noise
train/noise/c17d07f6247fc1f7_w18.png,c17d07f6247fc1f7,18,Lab,Noise
train/noise/c228b4d23b16f637_w05.png,c228b4d23b16f637,5,Field,Noise
train/noise/c26aceddc9e7d8b4_w22.png,c26aceddc9e7d8b4,22,Field,Noise
train/noise/c2dee7f91f0b6d3c_w15.png,c2dee7f91f0b6d3c,15,Field,Noise
train/noise/c2f4672acdd72fb8_w14.png,c2f4672acdd72fb8,14,Field,Noise
train/noise/c351cc0046c552c8_w21.png,c351cc0046c552c8,21,Field,Noise
train/noise/c3843c8bab2fc7ab_w17.png,c3843c8bab2fc7ab,17,Lab,Noise
train/noise/c3bc3683ad11d1c5_w02.png,c3bc3683ad11d1c5,2,Field,Noise
train/noise/c40d832afe67e5f2_w08.png,c40d832afe67e5f2,8,Field,Noise
train/noise/c434023e4935750e_w04.png,c434023e4935750e,4,Field,Noise
train/noise/c4aecafa996a3723_w20.png,c4aecafa996a3723,20,Field,Noise
train/noise/c4c5422115a79551_w00.png,c4c5422115a79551,0,Field,Noise
train/noise/c4e8a17705c9471f_w05.png,c4e8a17705c9471f,5,Field,Noise
train/noise/c4ee488bfb6dbd8b_w16.png,c4ee488bfb6dbd8b,16,Field,Noise
train/noise/c554f7bfa1fcd844_w19.png,c554f7bfa1fcd844,19,Lab,Noise
train/noise/c5a62b787341064a_w14.png,c5a62b787341064a,14,Field,Noise
train/noise/c5f3e74ae4ea2d39_w24.png,c5f3e74ae4ea2d39,24,Field,Noise
train/noise/c63047cfd8e5672f_w25.png,c63047cfd8e5672f,25,Lab,Noise
train/noise/c699d61525b57d35_w03.png,c699d61525b57d35,3,Field,Noise
train/noise/c6f4ec7eac6c22c9_w26.png,c6f4ec7eac6c22c9,26,Field,Noise
train/noise/c7017f02b24e74bb_w17.png,c7017f02b24e74bb,17,Field,Noise
train/noise/c72f14f720220524_w17.png,c72f14f720220524,17,Lab,Noise
train/noise/c7b61b5a6341a8b4_w02.png,c7b61b5a6341a8b4,2,Field,Noise
train/noise/c7d3b8159fede0d2_w17.png,c7d3b8159fede0d2,17,Field,Noise
train/noise/c7f9b38aac538fb7_w20.png,c7f9b38aac538fb7,20,Field,Noise
train/noise/c86c99ce6335adbe_w16.png,c86c99ce6335adbe,16,Field,Noise
train/noise/c898a378426390b3_w02.png,c898a378426390b3,2,Field,Noise
train/noise/c8a722bb2fe81a46_w14.png,c8a722bb2fe81a46,14,Field,Noise
train/noise/c9271d329bca3f9e_w26.png,c9271d329bca3f9e,26,Lab,Noise
train/noise/c92df620ee92dd3a_w20.png,c92df620ee92dd3a,20,Field,Noise
train/noise/ca3264d1c2283b0f_w03.png,ca3264d1c2283b0f,3,Field,Noise
train/noise/cbd4a33f11ebcd16_w26.png,cbd4a33f11ebcd16,26,Field,Noise
train/noise/cc03878bd5813ca8_w26.png,cc03878bd5813ca8,26,Field,Noise
train/noise/cc04e6a98a9e7069_w04.png,cc04e6a98a9e7069,4,Field,Noise
train/noise/ccc78ff9885e1c9e_w22.png,ccc78ff9885e1c9e,22,Field,Noise
train/noise/cd6e88a4bef5d029_w11.png,cd6e88a4bef5d029,11,Lab,Noise
train/noise/cd7f164dd1240a8f_w16.png,cd7f164dd1240a8f,16,Field,Noise
train/noise/cdcb4286d24807ea_w12.png,cdcb4286d24807ea,12,Field,Noise
train/noise/cde946d16b862060_w21.png,cde946d16b862060,21,Field,Noise
train/noise/cdf4db05026c32af_w27.png,cdf4db05026c32af,27,Field,Noise
train/noise/ce7137142a2a1d3c_w22.png,ce7137142a2a1d3c,22,Field,Noise
train/noise/ce77f39b82d3fc31_w26.png,ce77f39b82d3fc31,26,Field,Noise
train/noise/ce983dee28d888fd_w26.png,ce983dee28d888fd,26,Field,Noise
train/noise/cef70fcafdfb19e2_w02.png,cef70fcafdfb19e2,2,Field,Noise
train/noise/cfa6e5f469ca5758_w07.png,cfa6e5f469ca5758,7,Field,Noise
train/noise/cfd86d4c1fd911b9_w20.png,cfd86d4c1fd911b9,20,Lab,Noise
train/noise/cfe23a48a6bdee5b_w16.png,cfe23a48a6bdee5b,16,Lab,Noise
train/noise/d04875ba95e79c15_w01.png,d04875ba95e79c15,1,Field,Noise
train/noise/d0526b4a8db969bc_w02.png,d0526b4a8db969bc,2,Lab,Noise
train/noise/d05ddc01ae8a9ae5_w14.png,d05ddc01ae8a9ae5,14,Field,Noise
train/noise/d0bf2ce0f9ae854b_w17.png,d0bf2ce0f9ae854b,17,Field,Noise
train/noise/d0f954d39a795067_w04.png,d0f954d39a795067,4,Field,Noise
train/noise/d124caf9fce177a5_w04.png,d124caf9fce177a5,4,Field,Noise
train/noise/d12e485cfb251148_w03.png,d12e485cfb251148,3,Lab,Noise
train/noise/d13697b9a095c20e_w15.png,d13697b9a095c20e,15,Field,Noise
train/noise/d1846f9b91dcf1a7_w00.png,d1846f9b91dcf1a7,0,Field,Noise
train/noise/d19c46417301ea09_w16.png,d19c46417301ea09,16,Field,Noise
train/noise/d1c5b28642f6835b_w13.png,d1c5b28642f6835b,13,Field,Noise
train/noise/d1e29a019d226193_w13.png,d1e29a019d226193,13,Field,Noise
train/noise/d2624f487e0e96f2_w19.png,d2624f487e0e96f2,19,Field,Noise
train/noise/d2e6ecac930b8aa0_w14.png,d2e6ecac930b8aa0,14,Field,Noise
train/noise/d3349fccd2ba0462_w20.png,d3349fccd2ba0462,20,Field,Noise
train/noise/d3396fa0c0c28cde_w21.png,d3396fa0c0c28cde,21,Field,Noise
train/noise/d35ca4701da6bb13_w25.png,d35ca4701da6bb13,25,Lab,Noise
train/noise/d3badf0fb898f3b1_w22.png,d3badf0fb898f3b1,22,Field,Noise
train/noise/d41dd7ff2ba57cf5_w14.png,d41dd7ff2ba57cf5,14,Field,Noise
train/noise/d43e9782307e3668_w13.png,d43e9782307e3668,13,Field,Noise
train/noise/d468ab1bb6d3a904_w06.png,d468ab1bb6d3a904,6,Field,Noise
train/noise/d46ea693bfab4038_w16.png,d46ea693bfab4038,16,Field,Noise
train/noise/d4a6fb04652979a8_w03.png,d4a6fb04652979a8,3,Field,Noise
train/noise/d517ed9f54bd4404_w26.png,d517ed9f54bd4404,26,Field,Noise
train/noise/d536ab2dc6690e4b_w23.png,d536ab2dc6690e4b,23,Field,Noise
train/noise/d63abc7e475b9e12_w03.png,d63abc7e475b9e12,3,Field,Noise
train/noise/d69655deb402d719_w22.png,d69655deb402d719,22,Field,Noise
train/noise/d6e2855b51e3e238_w03.png,d6e2855b51e3e238,3,Field,Noise
train/noise/d7b68437e6bf0c45_w20.png,d7b68437e6bf0c45,20,Field,Noise
train/noise/d7e0926e8223d6db_w02.png,d7e0926e8223d6db,2,Field,Noise
train/noise/d855671e7906e4ec_w13.png,d855671e7906e4ec,13,Field,Noise
train/noise/d8ab5dfd7872649a_w18.png,d8ab5dfd7872649a,18,Field,Noise
train/noise/d8ba1045b2fa0d94_w20.png,d8ba1045b2fa0d94,20,Field,Noise
train/noise/d8fa6c79aa0f3459_w11.png,d8fa6c79aa0f3459,11,Field,Noise
train/noise/d8fd43fe61d32f2a_w25.png,d8fd43fe61d32f2a,25,Field,Noise
train/noise/d953af76941e9126_w21.png,d953af76941e9126,21,Lab,Noise
train/noise/d98339ad1fbf8711_w05.png,d98339ad1fbf8711,5,Lab,Noise
train/noise/d9b887d74b399845_w18.png,d9b887d74b399845,18,Field,Noise
train/noise/da44a4b11d378adf_w20.png,da44a4b11d378adf,20,Field,Noise
train/noise/daa1c673cfacbbab_w09.png,daa1c673cfacbbab,9,Field,Noise
train/noise/dafb3dd8852aa26a_w20.png,dafb3dd8852aa26a,20,Field,Noise
train/noise/db07554a279e215c_w25.png,db07554a279e215c,25,Field,Noise
train/noise/db5e7e8e748f4289_w22.png,db5e7e8e748f4289,22,Field,Noise
train/noise/dbc866bfbb1e1cfa_w21.png,dbc866bfbb1e1cfa,21,Field,Noise
train/noise/dbc8d6994ff3c947_w17.png,dbc8d6994ff3c947,17,Field,Noise
train/noise/dc0d83ca3589c9a0_w07.png,dc0d83ca3589c9a0,7,Field,Noise
train/noise/dc585838dcea7a8d_w22.png,dc585838dcea7a8d,22,Field,Noise
train/noise/dc64571fe1f155ff_w10.png,dc64571fe1f155ff,10,Field,Noise
train/noise/dce7b1a5bf98c616_w14.png,dce7b1a5bf98c616,14,Field,Noise
train/noise/dd30a8bf6bccb071_w08.png,dd30a8bf6bccb071,8,Field,Noise
train/noise/dd3450bb1ce7642e_w08.png,dd3450bb1ce7642e,8,Lab,Noise
train/noise/dd4d4707064a954d_w04.png,dd4d4707064a954d,4,Lab,Noise
train/noise/dd68b3bbdf4cbee0_w26.png,dd68b3bbdf4cbee0,26,Field,Noise
train/noise/de847c7465e9a0ef_w04.png,de847c7465e9a0ef,4,Field,Noise
train/noise/df411709bb0136fd_w02.png,df411709bb0136fd,2,Lab,Noise
train/noise/df6f195c31df9beb_w26.png,df6f195c31df9beb,26,Field,Noise
train/noise/df74519ef9873433_w15.png,df74519ef9873433,15,Field,Noise
train/noise/df85f85f348595d4_w12.png,df85f85f348595d4,12,Lab,Noise
train/noise/dfe66124782487e5_w20.png,dfe66124782487e5,20,Field,Noise
train/noise/e007afa520d12ffb_w10.png,e007afa520d12ffb,10,Field,Noise
train/noise/e10f89724681ea62_w03.png,e10f89724681ea62,3,Field,Noise
train/noise/e1115fb9eab08571_w20.png,e1115fb9eab08571,20,Lab,Noise
train/noise/e11dc347f1b40f37_w04.png,e11dc347f1b40f37,4,Field,Noise
train/noise/e169f4afbbfcb90d_w15.png,e169f4afbbfcb90d,15,Field,Noise
train/noise/e16a7067f8485857_w26.png,e16a7067f8485857,26,Field,Noise
train/noise/e1f24769e7a0fcf4_w26.png,e1f24769e7a0fcf4,26,Field,Noise
train/noise/e20fb91448c6d2ea_w10.png,e20fb91448c6d2ea,10,Field,Noise
train/noise/e222d69e096d3f9c_w21.png,e222d69e096d3f9c,21,Lab,Noise
train/noise/e25aa59d6d310702_w17.png,e25aa59d6d310702,17,Field,Noise
train/noise/e27bb97e10dbb17c_w13.png,e27bb97e10dbb17c,13,Field,Noise
train/noise/e2b4eab8ea8e0ee4_w03.png,e2b4eab8ea8e0ee4,3,Lab,Noise
train/noise/e2ea45470858d2b4_w10.png,e2ea45470858d2b4,10,Field,Noise
train/noise/e2ea9b277c965b09_w18.png,e2ea9b277c965b09,18,Lab,Noise
train/noise/e43a70192ca95647_w27.png,e43a70192ca95647,27,Field,Noise
train/noise/e43e4896fbb34396_w00.png,e43e4896fbb34396,0,Lab,Noise
train/noise/e4db889c65327b60_w20.png,e4db889c65327b60,20,Field,Noise
train/noise/e4fa510c6c38e45c_w23.png,e4fa510c6c38e45c,23,Field,Noise
train/noise/e52260ab71df968b_w26.png,e52260ab71df968b,26,Field,Noise
train/noise/e52bbbcfeae9949f_w11.png,e52bbbcfeae9949f,11,Field,Noise
train/noise/e54bd953d449fd16_w03.png,e54bd953d449fd16,3,Field,Noise
train/noise/e5c198adc8ace590_w07.png,e5c198adc8ace590,7,Field,Noise
train/noise/e637bf57f47d5a42_w23.png,e637bf57f47d5a42,23,Field,Noise
train/noise/e65675cc39959be2_w24.png,e65675cc39959be2,24,Field,Noise
train/noise/e6f4b9f433c6eb66_w17.png,e6f4b9f433c6eb66,17,Field,Noise
train/noise/e76deb044cb2588c_w03.png,e76deb044cb2588c,3,Field,Noise
train/noise/e77726fb18811c39_w03.png,e77726fb18811c39,3,Field,Noise
train/noise/e8718f4f074f6e32_w13.png,e8718f4f074f6e32,13,Lab,Noise
train/noise/e878c612be5920dc_w16.png,e878c612be5920dc,16,Lab,Noise
train/noise/e8bd420f627ad700_w00.png,e8bd420f627ad700,0,Field,Noise
train/noise/e8ce4c9e92730004_w19.png,e8ce4c9e92730004,19,Field,Noise
train/noise/e8e24af181506862_w15.png,e8e24af181506862,15,Field,Noise
train/noise/e95be5940c69f07c_w00.png,e95be5940c69f07c,0,Field,Noise
train/noise/e9682a4b67985762_w02.png,e9682a4b67985762,2,Field,Noise
train/noise/ea151e32c1d28eab_w12.png,ea151e32c1d28eab,12,Field,Noise
train/noise/ea62377c4309d1d0_w20.png,ea62377c4309d1d0,20,Field,Noise
train/noise/ea65bdcc659add2a_w23.png,ea65bdcc659add2a,23,Field,Noise
train/noise/eae986bd18b8b1ab_w12.png,eae986bd18b8b1ab,12,Field,Noise
train/noise/eaf4ae916a5f4eb9_w08.png,eaf4ae916a5f4eb9,8,Field,Noise
train/noise/eb23cddab83d06c9_w27.png,eb23cddab83d06c9,27,Field,Noise
train/noise/eb336bf89e4fdd4c_w12.png,eb336bf89e4fdd4c,12,Field,Noise
train/noise/eb8b71a609c5143e_w08.png,eb8b71a609c5143e,8,Lab,Noise
train/noise/ebba7c4e1add7992_w12.png,ebba7c4e1add7992,12,Field,Noise
train/noise/ebc5faceb39b5e94_w00.png,ebc5faceb39b5e94,0,Field,Noise
train/noise/ed0a1b4f01b3ce0b_w08.png,ed0a1b4f01b3ce0b,8,Field,Noise
train/noise/ed23bd63553bb610_w14.png,ed23bd63553bb610,14,Field,Noise
train/noise/ed3bb813b41b209c_w25.png,ed3bb813b41b209c,25,Field,Noise
train/noise/ed73b562df269773_w20.png,ed73b562df269773,20,Field,Noise
train/noise/ed99465fa85c4cac_w21.png,ed99465fa85c4cac,21,Field,Noise
train/noise/ee0663a1cd6db404_w15.png,ee0663a1cd6db404,15,Lab,Noise
train/noise/ee52d7985b546dba_w03.png,ee52d7985b546dba,3,Field,Noise
train/noise/ee576470e71c66a1_w10.png,ee576470e71c66a1,10,Lab,Noise
train/noise/ee72681f80881b12_w27.png,ee72681f80881b12,27,Field,Noise
train/noise/eef5290c4a491099_w01.png,eef5290c4a491099,1,Field,Noise
train/noise/ef15a0ed67c0796d_w24.png,ef15a0ed67c0796d,24,Field,Noise
train/noise/ef479a0392b6b31d_w19.png,ef479a0392b6b31d,19,Lab,Noise
train/noise/ef614ba84844e49f_w07.png,ef614ba84844e49f,7,Field,Noise
train/noise/ef61d196db14f51a_w21.png,ef61d196db14f51a,21,Field,Noise
train/noise/efdb30a402ab6bb2_w23.png,efdb30a402ab6bb2,23,Field,Noise
train/noise/efdf8835b6fad8b0_w01.png,efdf8835b6fad8b0,1,Field,Noise
train/noise/f08a3b0c0bc237ec_w02.png,f08a3b0c0bc237ec,2,Lab,Noise
train/noise/f096cc9f36f23e81_w18.png,f096cc9f36f23e81,18,Field,Noise
train/noise/f0a657cd79c6dfb3_w27.png,f0a657cd79c6dfb3,27,Field,Noise
train/noise/f0e422d432db6acf_w00.png,f0e422d432db6acf,0,Field,Noise
train/noise/f0ff90efd4670b13_w18.png,f0ff90efd4670b13,18,Field,Noise
train/noise/f12ee67939ca3d62_w03.png,f12ee67939ca3d62,3,Field,Noise
train/noise/f1feb7a173b2b5cd_w18.png,f1feb7a173b2b5cd,18,Lab,Noise
train/noise/f242680cae8a8ed4_w17.png,f242680cae8a8ed4,17,Field,Noise
train/noise/f24c0ccb5d60e9e6_w02.png,f24c0ccb5d60e9e6,2,Field,Noise
train/noise/f26db391606dd631_w19.png,f26db391606dd631,19,Field,Noise
train/noise/f28816bfedb13d1c_w25.png,f28816bfedb13d1c,25,Field,Noise
train/noise/f291bc9f92c19288_w24.png,f291bc9f92c19288,24,Field,Noise
train/noise/f2b8bf30772a3c15_w00.png,f2b8bf30772a3c15,0,Lab,Noise
train/noise/f2e770f70dd3735f_w06.png,f2e770f70dd3735f,6,Field,Noise
train/noise/f30571af8d2c13cb_w06.png,f30571af8d2c13cb,6,Field,Noise
train/noise/f32da6ad5b9080e1_w12.png,f32da6ad5b9080e1,12,Field,Noise
train/noise/f376fda8b7389c01_w04.png,f376fda8b7389c01,4,Field,Noise
train/noise/f38e7840ba69f43f_w23.png,f38e7840ba69f43f,23,Field,Noise
train/noise/f3a37a5d9d270c7e_w21.png,f3a37a5d9d270c7e,21,Field,Noise
train/noise/f3aa491a7e84fec2_w22.png,f3aa491a7e84fec2,22,Field,Noise
train/noise/f3ee241b66c51f5f_w05.png,f3ee241b66c51f5f,5,Field,Noise
train/noise/f425f910aac2105b_w00.png,f425f910aac2105b,0,Field,Noise
train/noise/f429813534832f0d_w25.png,f429813534832f0d,25,Field,Noise
train/noise/f47e8daf6678a080_w08.png,f47e8daf6678a080,8,Field,Noise
train/noise/f47eeecc39250abf_w18.png,f47eeecc39250abf,18,Field,Noise
train/noise/f4a7c56d0afc59dc_w25.png,f4a7c56d0afc59dc,25,Field,Noise
train/noise/f60bff5382df6785_w01.png,f60bff5382df6785,1,Field,Noise
train/noise/f640277a4906031d_w00.png,f640277a4906031d,0,Field,Noise
train/noise/f7376060044fad58_w00.png,f7376060044fad58,0,Field,Noise
train/noise/f7c6ae21894a2e0c_w04.png,f7c6ae21894a2e0c,4,Field,Noise
train/noise/f7cd115baa2d0e2c_w01.png,f7cd115baa2d0e2c,1,Field,Noise
train/noise/f83f91737d315a8f_w22.png,f83f91737d315a8f,22,Lab,Noise
train/noise/f8886faf6ae5e41e_w16.png,f8886faf6ae5e41e,16,Field,Noise
train/noise/f8b983aa5610165b_w27.png,f8b983aa5610165b,27,Field,Noise
train/noise/f9b3cb4e1c7c339b_w22.png,f9b3cb4e1c7c339b,22,Field,Noise
train/noise/f9def65566de470d_w26.png,f9def65566de470d,26,Field,Noise
train/noise/fa4187ce20350b9a_w06.png,fa4187ce20350b9a,6,Field,Noise
train/noise/fab543fdb99f6ea5_w08.png,fab543fdb99f6ea5,8,Field,Noise
train/noise/fb1df535efc5f218_w23.png,fb1df535efc5f218,23,Field,Noise
train/noise/fb2137fc20d5b728_w06.png,fb2137fc20d5b728,6,Field,Noise
train/noise/fb3e6f2854a974f1_w01.png,fb3e6f2854a974f1,1,Field,Noise
train/noise/fc2dbfc79eb8c82d_w18.png,fc2dbfc79eb8c82d,18,Field,Noise
train/noise/fc3f48a8102c18e1_w22.png,fc3f48a8102c18e1,22,Field,Noise
train/noise/fc4d392f0514ce88_w27.png,fc4d392f0514ce88,27,Field,Noise
train/noise/fc6a776cad5bcd1d_w25.png,fc6a776cad5bcd1d,25,Field,Noise
train/noise/fc6c104a908d5c20_w03.png,fc6c104a908d5c20,3,Field,Noise
train/noise/fc9acf20e18bf9a7_w21.png,fc9acf20e18bf9a7,21,Field,Noise
train/noise/fcdfea32e7a88a5b_w23.png,fcdfea32e7a88a5b,23,Field,Noise
train/noise/fd0c20927031e645_w19.png,fd0c20927031e645,19,Field,Noise
train/noise/fd1a74bfbfb9e3c3_w22.png,fd1a74bfbfb9e3c3,22,Field,Noise
train/noise/fdc7cbcedbea7755_w23.png,fdc7cbcedbea7755,23,Lab,Noise
train/noise/fddc90ee481e96d6_w12.png,fddc90ee481e96d6,12,Field,Noise
train/noise/fddd0f72517c3278_w01.png,fddd0f72517c3278,1,Field,Noise
train/noise/fe3ef3dace813e1f_w12.png,fe3ef3dace813e1f,12,Field,Noise
train/noise/fea4281785ac8036_w05.png,fea4281785ac8036,5,Field,Noise
train/noise/feb4b96a1e408c71_w03.png,feb4b96a1e408c71,3,Field,Noise
train/noise/feb5ffaab670ae92_w03.png,feb5ffaab670ae92,3,Lab,Noise
train/noise/ff2d33d9913e6aa4_w19.png,ff2d33d9913e6aa4,19,Field,Noise
train/noise/ff8440744f4a3262_w14.png,ff8440744f4a3262,14,Field,Noise
