date,files,n_pd,n_noise,correct,accuracy
20250217,32,0,32,2,0.0625
20250213,24,0,24,9,0.375
20250206,23,0,23,22,0.9565217391304348
20250205,17,0,17,11,0.6470588235294118
20220427,17,17,0,4,0.23529411764705882
20210605,12,12,0,12,1.0
20250211,10,0,10,7,0.7
20231007,9,9,0,0,0.0
20230922,8,0,8,6,0.75
20230902,8,0,8,2,0.25
20230930,8,8,0,0,0.0
20231023,6,6,0,6,1.0
20230915,5,0,5,5,1.0
20210104,5,5,0,0,0.0
20230912,5,0,5,5,1.0
20231010,4,0,4,4,1.0
20231002,3,2,1,1,0.3333333333333333
20230404,3,3,0,0,0.0
20220506,3,3,0,0,0.0
20230908,3,0,3,3,1.0
20230913,3,0,3,3,1.0
20250216,3,0,3,0,0.0
20230903,3,0,3,3,1.0
20231107,2,2,0,0,0.0
20230927,2,0,2,2,1.0
20230409,2,2,0,0,0.0
20190327,1,1,0,1,1.0
20190403,1,1,0,1,1.0
20210221,1,1,0,0,0.0
20230426,1,1,0,0,0.0
20230501,1,1,0,0,0.0
20230503,1,1,0,0,0.0
20231003,1,0,1,1,1.0
20230923,1,0,1,1,1.0
20230928,1,0,1,1,1.0
