method,seed,auroc,f1,precision,recall,opt_f1,opt_precision,opt_recall,aggregation,window_auroc
"PatchCore (WRN-50 L2+L3, K=8)",42.0,0.8531601731601732,0.7179404341241797,0.7152325581395349,0.7403896103896104,0.7988875878220141,0.8695347205985504,0.7736796536796537,mean,0.8112343184026858
"PatchCore (WRN-50 L2+L3, K=8)",43.0,0.8722943722943723,0.8456873315363882,0.8621013133208255,0.8341991341991342,0.8628616178367422,0.8958624127617149,0.8437662337662337,mean,0.823388495008393
"PatchCore (WRN-50 L2+L3, K=8)",44.0,0.8163636363636364,0.7265127388535032,0.7323369565217391,0.7220779220779221,0.7744384384384384,0.8278212290502793,0.754025974025974,mean,0.7965566746178991
EfficientAD (K=8),42.0,0.7363636363636364,0.6752585919252586,0.671523393232961,0.6834632034632036,0.6967011023493693,0.6933348997493735,0.7137229437229438,mean,0.6912485643608093
EfficientAD (K=8),43.0,0.6038961038961039,0.609831513851202,0.6080049261083744,0.6138961038961039,0.6518794914317303,0.6675473579262213,0.6454978354978355,min,0.49957206908737517
EfficientAD (K=8),44.0,0.7236363636363636,0.6483666729770093,0.645607553366174,0.6535497835497835,0.6715891472868217,0.6943076923076923,0.7187012987012986,min,0.7469478310804841
One-Class SVM (K=8),42.0,0.5970562770562771,0.558766859344894,0.561575011684063,0.5684415584415585,0.5897336033650101,0.6083945515763698,0.6226406926406927,min,0.6666495494301616
One-Class SVM (K=8),43.0,0.5978354978354978,0.5639524170266784,0.565090622537431,0.5715151515151515,0.594159346586531,0.6257205172145194,0.6397402597402597,min,0.6710830241187383
One-Class SVM (K=8),44.0,0.6159307359307359,0.6159007044615901,0.6251144688644689,0.641948051948052,0.6261481874864774,0.6368039664378338,0.6552813852813852,min,0.6766586050004417
Baseline: 256-D kNN-5,,0.8596536796536797,0.6458560054985967,0.7096055454695495,0.7199134199134198,0.7960730653113529,0.7971229293809938,0.795064935064935,mean,
Baseline: 256-D Mahalanobis,,0.4942857142857143,0.4457958423828731,0.4498800959232614,0.44571428571428573,0.5647422190544072,0.767896781354051,0.5835930735930737,mean,
