setting,group,pd_bank,noise_bank,note
backbone,model,wideresnet50,wideresnet50,ImageNet-pretrained feature extractor
feature_layers,model,"[""layer2"",""layer3""]","[""layer2"",""layer3""]",backbone layers the patch features come from
input_size,model,224,224,window resized to this square size (no crop)
patchsize,model,3,3,feature cells pooled into one patch feature
pretrain_embed_dim,model,1024,1024,feature dim before aggregation
target_embed_dim,model,1024,1024,feature dim stored in the memory bank
num_nearest_neighbours,model,1,1,k in the kNN distance used as the score
coreset_ratio,training,0.01,0.01,fraction of patch features kept (approx. greedy coreset)
train_windows_per_file_K,training,8,8,windows sampled per training file
train_windows_per_file_K_field,training,,,K for Field files (None = same as K)
seed,training,42,42,window subsample + coreset init (not the data split)
batch_size,training,64,64,feature-extraction batch size
train_files,data,1783,876,files contributing to this bank
train_files_by_domain,data,"{""Lab"" 1435,""Field"" 348}","{""Field"" 720,""Lab"" 156}",Lab / Field split of those files
train_windows,data,14264,7008,windows = files x K
memory_bank_size,result,111829,54942,patch features kept after the coreset
build_seconds,result,1997.9,551.7,wall-clock build time
peak_gpu_mem_gb,result,11.87,6.02,peak GPU memory
peak_host_rss_gb,result,47.89,24.83,peak host RAM
data_root,data,/home/oem/DR_12/PatchCore/patchcore_data/prpd_v2,/home/oem/DR_12/PatchCore/patchcore_data/prpd_v2,v2 window dataset
ai_data_root,data,/home/dannt/Documents/DR_12/artifacts/ai_data_20260911_011704,/home/dannt/Documents/DR_12/artifacts/ai_data_20260911_011704,source ai_data run
raw_data_version,data,raw_v2,raw_v2,axis convention of the raw tensors
split_seed,data,42,42,date-split seed of the dataset build
data_run_config_sha256,data,1b9521aaac25addc20ee9a9a0ca8e62f854d08be6967b87c95b0293cec385584,1b9521aaac25addc20ee9a9a0ca8e62f854d08be6967b87c95b0293cec385584,checksum tying the run to that build
torch,environment,2.5.1+cu121,2.5.1+cu121,
cuda,environment,12.1,12.1,
gpu,environment,NVIDIA GeForce RTX 4090,NVIDIA GeForce RTX 4090,
python,environment,3.11.16,3.11.16,
created_at,environment,2026-09-18T20:59:49.060404+09:00,2026-09-18T20:35:42.863425+09:00,
window_aggregation,scoring,mean,mean,"window->file score, chosen on val"
decision_threshold,scoring,0.001058,0.001058,s = d_pd - d_noise > threshold => Noise; chosen on val
run_command,provenance,VAL_ONLY=0 PatchCore/run_two_bank.sh final_k8_s42 --k 8 --seed 42 --,,
git_head,provenance,no git,,
