run,status,schedule,components,noise_model,mean_mae,max_mae,mean_mae_improvement,max_mae_improvement,frechet_before,frechet_after,mmd_before,mmd_after
ardd1d_e1_20260824_095128,ok,cosine,none,cin,1.8100418278422623,3.4931150429547415,4.983447191094207,-0.04377422264224151,107.50174349748715,138.14896470645772,0.058636197455088745,0.07563300004796192
ardd1d_e1s43_20260824_103840,ok,cosine,none,cin,1.9686379788027821,3.63661244134164,4.824851040133687,-0.18727162102914008,107.50174349748715,149.20401713723584,0.058636197455088745,0.08262495292604066
ardd1d_e1s44_20260824_104537,ok,cosine,none,cin,1.716642377415802,2.9632802624691976,5.0768466415206674,0.4860605578433024,107.50174349748715,140.74613020922268,0.058636197455088745,0.07589696341780994
ardd1d_e2_20260824_095522,ok,linear,none,cin,2.2504186330151086,3.508569963822083,4.543070385921361,-0.05922914350958308,107.50174349748715,158.79442332655677,0.058636197455088745,0.08855269504451202
ardd1d_e2s43_20260824_105210,ok,linear,none,cin,2.192798702272661,3.5651584642655507,4.600690316663808,-0.11581764395305072,107.50174349748715,165.68258489254498,0.058636197455088745,0.09105117381269845
ardd1d_e2s44_20260824_111020,ok,linear,none,cin,2.4417632241047826,3.529256986485052,4.351725794831687,-0.07991616617255204,107.50174349748715,157.86218893483704,0.058636197455088745,0.08712481911758085
ardd1d_e3_20260824_100254,ok,linear,morph_attn,cin,2.3527370146694935,3.576079876256699,4.440752004266976,-0.1267390559441992,107.50174349748715,167.78895158716176,0.058636197455088745,0.09367366233917906
ardd1d_e4_20260824_101147,ok,linear,ardd_resid,cin,2.328179518693382,3.5909810680313967,4.465309500243087,-0.14164024771889672,107.50174349748715,158.18870595374892,0.058636197455088745,0.08573766082542034
ardd1d_e5_20260824_101907,ok,linear,"ardd_resid,morph_attn",cin,2.260535630473747,3.4456161987200176,4.532953388462722,0.0037246215924824355,107.50174349748715,152.50581507860903,0.058636197455088745,0.08652217660031658
ardd1d_e5s43_20260824_105901,ok,linear,"ardd_resid,morph_attn",cin,2.231950225813172,3.450305445256163,4.561538793123297,-0.0009646249436627841,107.50174349748715,146.94948312734718,0.058636197455088745,0.0813820561628752
ardd1d_e5s44_20260824_111649,ok,linear,"ardd_resid,morph_attn",cin,2.280776477864684,3.8888108311075484,4.512712541071785,-0.43947001079504844,107.50174349748715,156.73649474776255,0.058636197455088745,0.0888436105985515
