Paths,True labels
./Data/0903/new_mtr_surface_3.1kV/MLU#101_CH01_20250902185500.csv,Surface
./Data/0820/normal_state_3.5kV_and_0.0kV/MLU#101_CH01_20250820003100.csv,Noise
./Data/0820/normal_state_3.5kV_and_0.0kV/MLU#101_CH01_20250819224800.csv,Noise
./Data/250915_to_250916_MTR_NEW_DB_KERI/250915_new_MTR_surface__4.5kV/MLU#101_CH01_20250915170400.csv,Surface
./Data/0820/turn_to_turn_3.5kV_Eco_Oil/MLU#101_CH01_20250819214100.csv,Turn_to_Turn
./Data/250915_to_250916_MTR_NEW_DB_KERI/250915_new_MTR_turn_to_turn__8.5kV/MLU#101_CH01_20250916104400.csv,Turn_to_Turn
./Data/250915_to_250916_MTR_NEW_DB_KERI/250915_new_MTR_void__9.77kV/MLU#101_CH01_20250916115600.csv,Void
./Data/0820/void_6.4kV_Eco_Oil/MLU#101_CH01_20250819162500.csv,Void
./Data/250915_to_250916_MTR_NEW_DB_KERI/250915_new_MTR_void__9.77kV/MLU#101_CH01_20250916114200.csv,Void
./Data/0820/surface_2.69kV_Eco_Oil/MLU#101_CH01_20250819145500.csv,Surface
./Data/0820/turn_to_turn_3.5kV_Eco_Oil/MLU#101_CH01_20250819214800.csv,Turn_to_Turn
./Data/0820/void_6.4kV_Eco_Oil/MLU#101_CH01_20250819172400.csv,Void
./Data/0820/normal_state_3.5kV_and_0.0kV/MLU#101_CH01_20250821134900.csv,Noise
./Data/0820/normal_state_3.5kV_and_0.0kV/MLU#101_CH01_20250819232200.csv,Noise
./Data/0820/void_6.4kV_Eco_Oil/MLU#101_CH01_20250819164300.csv,Void
./Data/0820/normal_state_3.5kV_and_0.0kV/MLU#101_CH01_20250819232900.csv,Noise
./Data/0820/void_6.4kV_Eco_Oil/MLU#101_CH01_20250819161300.csv,Void
./Data/0820/corona_discharge_9.2kV_Eco_Oil/MLU#101_CH01_20250820125000.csv,Corona
./Data/0820/void_6.4kV_Eco_Oil/MLU#101_CH01_20250819162800.csv,Void
./Data/0820/normal_state_3.5kV_and_0.0kV/MLU#101_CH01_20250820022300.csv,Noise
./Data/0820/void_6.4kV_Eco_Oil/MLU#101_CH01_20250819174600.csv,Void
./Data/0820/corona_discharge_9.2kV_Eco_Oil/MLU#101_CH01_20250820125300.csv,Corona
./Data/0820/surface_2.69kV_Eco_Oil/MLU#101_CH01_20250819140100.csv,Surface
./Data/0820/normal_state_3.5kV_and_0.0kV/MLU#101_CH01_20250819232300.csv,Noise
./Data/0820/surface_2.69kV_Eco_Oil/MLU#101_CH01_20250819140600.csv,Surface
./Data/0820/corona_discharge_9.2kV_Eco_Oil/MLU#101_CH01_20250820120100.csv,Corona
./Data/250915_to_250916_MTR_NEW_DB_KERI/250915_new_MTR_void__9.77kV/MLU#101_CH01_20250916125900.csv,Void
./Data/0820/normal_state_3.5kV_and_0.0kV/MLU#101_CH01_20250820004000.csv,Noise
./Data/0820/corona_discharge_9.2kV_Eco_Oil/MLU#101_CH01_20250820104900.csv,Corona
./Data/0820/normal_state_3.5kV_and_0.0kV/MLU#101_CH01_20250819221900.csv,Noise
./Data/0820/normal_state_3.5kV_and_0.0kV/MLU#101_CH01_20250820003900.csv,Noise
./Data/250915_to_250916_MTR_NEW_DB_KERI/250915_new_MTR_corona_9.5kV/MLU#101_CH01_20250915181100.csv,Corona
./Data/0903/new_mtr_air_floating_6.10kV/MLU#101_CH01_20250902200600.csv,Floating
./Data/0903/new_mtr_air_floating_6.10kV/MLU#101_CH01_20250902200700.csv,Floating
./Data/250915_to_250916_MTR_NEW_DB_KERI/250915_new_MTR_turn_to_turn__8.5kV/MLU#101_CH01_20250915172800.csv,Turn_to_Turn
./Data/0820/corona_discharge_9.2kV_Eco_Oil/MLU#101_CH01_20250820124100.csv,Corona
./Data/0820/normal_state_3.5kV_and_0.0kV/MLU#101_CH01_20250820022100.csv,Noise
./Data/0903/new_mtr_surface_3.1kV/MLU#101_CH01_20250902180000.csv,Surface
./Data/250915_to_250916_MTR_NEW_DB_KERI/250915_new_MTR_void__9.77kV/MLU#101_CH01_20250916123400.csv,Void
./Data/0820/normal_state_3.5kV_and_0.0kV/MLU#101_CH01_20250821134000.csv,Noise
./Data/0820/normal_state_3.5kV_and_0.0kV/MLU#101_CH01_20250820053300.csv,Noise
./Data/0820/normal_state_3.5kV_and_0.0kV/MLU#101_CH01_20250819222000.csv,Noise
./Data/0820/normal_state_3.5kV_and_0.0kV/MLU#101_CH01_20250820061000.csv,Noise
./Data/0820/normal_state_3.5kV_and_0.0kV/MLU#101_CH01_20250819230200.csv,Noise
./Data/0820/turn_to_turn_3.5kV_Eco_Oil/MLU#101_CH01_20250819214900.csv,Turn_to_Turn
./Data/0903/new_mtr_air_floating_6.10kV/MLU#101_CH01_20250902201000.csv,Floating
./Data/0903/new_mtr_surface_3.1kV/MLU#101_CH01_20250902181300.csv,Surface
./Data/0820/normal_state_3.5kV_and_0.0kV/MLU#101_CH01_20250819231000.csv,Noise
./Data/0820/normal_state_3.5kV_and_0.0kV/MLU#101_CH01_20250820054800.csv,Noise
./Data/0820/normal_state_3.5kV_and_0.0kV/MLU#101_CH01_20250820011900.csv,Noise
./Data/0820/normal_state_3.5kV_and_0.0kV/MLU#101_CH01_20250819222800.csv,Noise
./Data/0820/normal_state_3.5kV_and_0.0kV/MLU#101_CH01_20250820014700.csv,Noise
./Data/0820/void_6.4kV_Eco_Oil/MLU#101_CH01_20250819170300.csv,Void
./Data/250915_to_250916_MTR_NEW_DB_KERI/250915_new_MTR_void__9.77kV/MLU#101_CH01_20250916115900.csv,Void
./Data/0820/normal_state_3.5kV_and_0.0kV/MLU#101_CH01_20250820134300.csv,Noise
./Data/0820/turn_to_turn_3.5kV_Eco_Oil/MLU#101_CH01_20250819212600.csv,Turn_to_Turn
./Data/250915_to_250916_MTR_NEW_DB_KERI/250915_new_MTR_void__9.77kV/MLU#101_CH01_20250916112600.csv,Void
./Data/250915_to_250916_MTR_NEW_DB_KERI/250915_new_MTR_corona_9.5kV/MLU#101_CH01_20250915180500.csv,Corona
./Data/250915_to_250916_MTR_NEW_DB_KERI/250915_new_MTR_corona_9.5kV/MLU#101_CH01_20250915183500.csv,Corona
./Data/0820/normal_state_3.5kV_and_0.0kV/MLU#101_CH01_20250819222600.csv,Noise
./Data/250915_to_250916_MTR_NEW_DB_KERI/250915_new_MTR_void__9.77kV/MLU#101_CH01_20250916123200.csv,Void
./Data/0820/normal_state_3.5kV_and_0.0kV/MLU#101_CH01_20250820013700.csv,Noise
./Data/0820/void_6.4kV_Eco_Oil/MLU#101_CH01_20250819173400.csv,Void
./Data/0903/new_mtr_air_floating_6.10kV/MLU#101_CH01_20250902195700.csv,Floating
./Data/0903/new_mtr_corona_10.0kV/MLU#101_CH01_20250903095100.csv,Corona
./Data/250915_to_250916_MTR_NEW_DB_KERI/250915_new_MTR_void__9.77kV/MLU#101_CH01_20250916120700.csv,Void
./Data/0820/corona_discharge_9.2kV_Eco_Oil/MLU#101_CH01_20250820123800.csv,Corona
./Data/0820/normal_state_3.5kV_and_0.0kV/MLU#101_CH01_20250820003700.csv,Noise
./Data/0820/surface_2.69kV_Eco_Oil/MLU#101_CH01_20250819151600.csv,Surface
./Data/0820/corona_discharge_9.2kV_Eco_Oil/MLU#101_CH01_20250820122200.csv,Corona
./Data/250915_to_250916_MTR_NEW_DB_KERI/250915_new_MTR_void__9.77kV/MLU#101_CH01_20250916113700.csv,Void
./Data/0820/normal_state_3.5kV_and_0.0kV/MLU#101_CH01_20250821134600.csv,Noise
./Data/0820/void_6.4kV_Eco_Oil/MLU#101_CH01_20250819164500.csv,Void
./Data/0820/surface_2.69kV_Eco_Oil/MLU#101_CH01_20250819152200.csv,Surface
./Data/0820/normal_state_3.5kV_and_0.0kV/MLU#101_CH01_20250820061900.csv,Noise
./Data/0820/void_6.4kV_Eco_Oil/MLU#101_CH01_20250819172900.csv,Void
./Data/250915_to_250916_MTR_NEW_DB_KERI/250915_new_MTR_turn_to_turn__8.5kV/MLU#101_CH01_20250915174700.csv,Turn_to_Turn
./Data/0820/surface_2.69kV_Eco_Oil/MLU#101_CH01_20250819154200.csv,Surface
./Data/0820/normal_state_3.5kV_and_0.0kV/MLU#101_CH01_20250820074300.csv,Noise
./Data/0820/normal_state_3.5kV_and_0.0kV/MLU#101_CH01_20250820002200.csv,Noise
./Data/0820/void_6.4kV_Eco_Oil/MLU#101_CH01_20250819170200.csv,Void
./Data/0903/new_mtr_normal_3.0kv/GLU#101_CH01_20250901192900.csv,Noise
./Data/0820/normal_state_3.5kV_and_0.0kV/MLU#101_CH01_20250819234000.csv,Noise
./Data/0903/new_mtr_normal_3.0kv/MLU#101_CH01_20250902190200.csv,Noise
./Data/0820/turn_to_turn_3.5kV_Eco_Oil/MLU#101_CH01_20250819213200.csv,Turn_to_Turn
./Data/250915_to_250916_MTR_NEW_DB_KERI/250915_new_MTR_surface__4.5kV/MLU#101_CH01_20250915163700.csv,Surface
./Data/0903/new_mtr_air_floating_6.10kV/MLU#101_CH01_20250902202000.csv,Floating
./Data/0820/surface_2.69kV_Eco_Oil/MLU#101_CH01_20250819144600.csv,Surface
./Data/0820/normal_state_3.5kV_and_0.0kV/MLU#101_CH01_20250820060200.csv,Noise
./Data/250915_to_250916_MTR_NEW_DB_KERI/250915_new_MTR_void__9.77kV/MLU#101_CH01_20250916124300.csv,Void
./Data/0820/surface_2.69kV_Eco_Oil/MLU#101_CH01_20250819142700.csv,Surface
./Data/0820/normal_state_3.5kV_and_0.0kV/MLU#101_CH01_20250819234500.csv,Noise
./Data/0820/void_6.4kV_Eco_Oil/MLU#101_CH01_20250819173700.csv,Void
./Data/0820/normal_state_3.5kV_and_0.0kV/MLU#101_CH01_20250820000200.csv,Noise
./Data/0820/corona_discharge_9.2kV_Eco_Oil/MLU#101_CH01_20250820091700.csv,Corona
./Data/0820/normal_state_3.5kV_and_0.0kV/MLU#101_CH01_20250820013800.csv,Noise
./Data/0820/corona_discharge_9.2kV_Eco_Oil/MLU#101_CH01_20250820092100.csv,Corona
./Data/0820/normal_state_3.5kV_and_0.0kV/MLU#101_CH01_20250820043200.csv,Noise
./Data/0820/corona_discharge_9.2kV_Eco_Oil/MLU#101_CH01_20250820120400.csv,Corona
./Data/0820/normal_state_3.5kV_and_0.0kV/MLU#101_CH01_20250820011100.csv,Noise
./Data/0820/normal_state_3.5kV_and_0.0kV/MLU#101_CH01_20250819233500.csv,Noise
./Data/0820/normal_state_3.5kV_and_0.0kV/MLU#101_CH01_20250820014100.csv,Noise
./Data/0820/void_6.4kV_Eco_Oil/MLU#101_CH01_20250819170100.csv,Void
./Data/0820/normal_state_3.5kV_and_0.0kV/MLU#101_CH01_20250819225900.csv,Noise
./Data/250915_to_250916_MTR_NEW_DB_KERI/250915_new_MTR_void__9.77kV/MLU#101_CH01_20250916121300.csv,Void
./Data/0820/normal_state_3.5kV_and_0.0kV/MLU#101_CH01_20250820022700.csv,Noise
./Data/0820/normal_state_3.5kV_and_0.0kV/MLU#101_CH01_20250819235200.csv,Noise
./Data/250915_to_250916_MTR_NEW_DB_KERI/250915_new_MTR_turn_to_turn__8.5kV/MLU#101_CH01_20250915172100.csv,Turn_to_Turn
./Data/0820/void_6.4kV_Eco_Oil/MLU#101_CH01_20250819171800.csv,Void
./Data/0820/normal_state_3.5kV_and_0.0kV/MLU#101_CH01_20250820013500.csv,Noise
./Data/250915_to_250916_MTR_NEW_DB_KERI/250915_new_MTR_void__9.77kV/MLU#101_CH01_20250915162200.csv,Void
./Data/250915_to_250916_MTR_NEW_DB_KERI/250915_new_MTR_turn_to_turn__8.5kV/MLU#101_CH01_20250915174100.csv,Turn_to_Turn
./Data/0820/normal_state_3.5kV_and_0.0kV/MLU#101_CH01_20250819230000.csv,Noise
./Data/0820/void_6.4kV_Eco_Oil/MLU#101_CH01_20250819164900.csv,Void
./Data/0903/new_mtr_air_floating_6.10kV/MLU#101_CH01_20250902200400.csv,Floating
./Data/0903/new_mtr_air_floating_6.10kV/MLU#101_CH01_20250902203700.csv,Floating
./Data/250915_to_250916_MTR_NEW_DB_KERI/250915_new_MTR_void__9.77kV/MLU#101_CH01_20250916130500.csv,Void
./Data/0820/corona_discharge_9.2kV_Eco_Oil/MLU#101_CH01_20250820090300.csv,Corona
./Data/0820/normal_state_3.5kV_and_0.0kV/MLU#101_CH01_20250820013100.csv,Noise
./Data/250915_to_250916_MTR_NEW_DB_KERI/250915_new_MTR_surface__4.5kV/MLU#101_CH01_20250915170600.csv,Surface
./Data/0820/normal_state_3.5kV_and_0.0kV/MLU#101_CH01_20250820020400.csv,Noise
./Data/0903/new_mtr_air_floating_6.10kV/MLU#101_CH01_20250902195600.csv,Floating
./Data/0820/normal_state_3.5kV_and_0.0kV/MLU#101_CH01_20250820015900.csv,Noise
./Data/0820/corona_discharge_9.2kV_Eco_Oil/MLU#101_CH01_20250820120300.csv,Corona
./Data/0820/surface_2.69kV_Eco_Oil/MLU#101_CH01_20250819144500.csv,Surface
./Data/0820/corona_discharge_9.2kV_Eco_Oil/MLU#101_CH01_20250820105700.csv,Corona
./Data/0820/corona_discharge_9.2kV_Eco_Oil/MLU#101_CH01_20250820124600.csv,Corona
./Data/250915_to_250916_MTR_NEW_DB_KERI/250915_new_MTR_turn_to_turn__8.5kV/MLU#101_CH01_20250915172900.csv,Turn_to_Turn
./Data/0903/new_mtr_air_floating_6.10kV/MLU#101_CH01_20250902200300.csv,Floating
./Data/250915_to_250916_MTR_NEW_DB_KERI/250915_new_MTR_void__9.77kV/MLU#101_CH01_20250916121900.csv,Void
./Data/0903/new_mtr_turn to turn_5.2kv/MLU#101_CH01_20250903105800.csv,Void
./Data/0903/new_mtr_surface_3.1kV/MLU#101_CH01_20250902181800.csv,Surface
./Data/0820/normal_state_3.5kV_and_0.0kV/MLU#101_CH01_20250820003000.csv,Noise
./Data/0903/new_mtr_turn to turn_5.2kv/MLU#101_CH01_20250903105700.csv,Void
./Data/0820/normal_state_3.5kV_and_0.0kV/MLU#101_CH01_20250819232800.csv,Noise
./Data/250915_to_250916_MTR_NEW_DB_KERI/250915_new_MTR_surface__4.5kV/MLU#101_CH01_20250915170700.csv,Surface
./Data/0903/new_mtr_surface_3.1kV/MLU#101_CH01_20250902183300.csv,Surface
./Data/0820/normal_state_3.5kV_and_0.0kV/MLU#101_CH01_20250819234400.csv,Noise
./Data/0820/void_6.4kV_Eco_Oil/MLU#101_CH01_20250819181000.csv,Void
./Data/0903/new_mtr_normal_3.0kv/GLU#101_CH01_20250901193000.csv,Noise
./Data/0820/void_6.4kV_Eco_Oil/MLU#101_CH01_20250819161700.csv,Void
./Data/0903/new_mtr_air_floating_6.10kV/MLU#101_CH01_20250902200200.csv,Floating
./Data/0820/normal_state_3.5kV_and_0.0kV/MLU#101_CH01_20250819235100.csv,Noise
./Data/0820/turn_to_turn_3.5kV_Eco_Oil/MLU#101_CH01_20250819214400.csv,Turn_to_Turn
./Data/0820/normal_state_3.5kV_and_0.0kV/MLU#101_CH01_20250819222400.csv,Noise
./Data/0820/corona_discharge_9.2kV_Eco_Oil/MLU#101_CH01_20250820093900.csv,Corona
./Data/0820/surface_2.69kV_Eco_Oil/MLU#101_CH01_20250819140000.csv,Surface
./Data/0820/turn_to_turn_3.5kV_Eco_Oil/MLU#101_CH01_20250819212700.csv,Turn_to_Turn
./Data/250915_to_250916_MTR_NEW_DB_KERI/250915_new_MTR_Normal_1.5kV/MLU#101_CH01_20250915142600.csv,Noise
./Data/0820/corona_discharge_9.2kV_Eco_Oil/MLU#101_CH01_20250820113900.csv,Corona
./Data/0820/normal_state_3.5kV_and_0.0kV/MLU#101_CH01_20250820134100.csv,Noise
./Data/0820/surface_2.69kV_Eco_Oil/MLU#101_CH01_20250819141300.csv,Surface
./Data/0903/new_mtr_normal_3.0kv/MLU#101_CH01_20250903092100.csv,Noise
./Data/0903/new_mtr_corona_10.0kV/MLU#101_CH01_20250903094300.csv,Corona
./Data/0820/surface_2.69kV_Eco_Oil/MLU#101_CH01_20250819153300.csv,Surface
./Data/250915_to_250916_MTR_NEW_DB_KERI/250915_new_MTR_surface__4.5kV/MLU#101_CH01_20250915164700.csv,Surface
./Data/250915_to_250916_MTR_NEW_DB_KERI/250915_new_MTR_turn_to_turn__8.5kV/MLU#101_CH01_20250915174900.csv,Turn_to_Turn
./Data/250915_to_250916_MTR_NEW_DB_KERI/250915_new_MTR_void__9.77kV/MLU#101_CH01_20250916131200.csv,Void
./Data/0820/turn_to_turn_3.5kV_Eco_Oil/MLU#101_CH01_20250819212000.csv,Turn_to_Turn
./Data/0820/normal_state_3.5kV_and_0.0kV/MLU#101_CH01_20250821133700.csv,Noise
./Data/0820/void_6.4kV_Eco_Oil/MLU#101_CH01_20250819175700.csv,Void
./Data/250915_to_250916_MTR_NEW_DB_KERI/250915_new_MTR_AIR_Floating_6.4kV/MLU#101_CH01_20250915141900.csv,Floating
./Data/0903/new_mtr_surface_3.1kV/MLU#101_CH01_20250902182800.csv,Surface
./Data/0820/normal_state_3.5kV_and_0.0kV/MLU#101_CH01_20250820043700.csv,Noise
./Data/0820/corona_discharge_9.2kV_Eco_Oil/MLU#101_CH01_20250820121800.csv,Corona
./Data/250915_to_250916_MTR_NEW_DB_KERI/250915_new_MTR_surface__4.5kV/MLU#101_CH01_20250915164800.csv,Surface
./Data/0820/normal_state_3.5kV_and_0.0kV/MLU#101_CH01_20250820070900.csv,Noise
./Data/0820/normal_state_3.5kV_and_0.0kV/MLU#101_CH01_20250819223800.csv,Noise
./Data/0820/surface_2.69kV_Eco_Oil/MLU#101_CH01_20250819150200.csv,Surface
./Data/0820/corona_discharge_9.2kV_Eco_Oil/MLU#101_CH01_20250820123700.csv,Corona
./Data/0820/corona_discharge_9.2kV_Eco_Oil/MLU#101_CH01_20250820105400.csv,Corona
./Data/0820/normal_state_3.5kV_and_0.0kV/MLU#101_CH01_20250820004900.csv,Noise
./Data/0820/corona_discharge_9.2kV_Eco_Oil/MLU#101_CH01_20250820125600.csv,Corona
./Data/250915_to_250916_MTR_NEW_DB_KERI/250915_new_MTR_AIR_Floating_6.4kV/MLU#101_CH01_20250915140500.csv,Floating
./Data/0903/new_mtr_surface_3.1kV/MLU#101_CH01_20250902183200.csv,Surface
./Data/0820/normal_state_3.5kV_and_0.0kV/MLU#101_CH01_20250821134300.csv,Noise
./Data/0903/new_mtr_normal_3.0kv/MLU#101_CH01_20250903092300.csv,Noise
./Data/0820/normal_state_3.5kV_and_0.0kV/MLU#101_CH01_20250820012900.csv,Noise
./Data/0820/normal_state_3.5kV_and_0.0kV/MLU#101_CH01_20250821134700.csv,Noise
./Data/0820/surface_2.69kV_Eco_Oil/MLU#101_CH01_20250819134700.csv,Surface
./Data/0820/surface_2.69kV_Eco_Oil/MLU#101_CH01_20250819135800.csv,Surface
./Data/250915_to_250916_MTR_NEW_DB_KERI/250915_new_MTR_Normal_1.5kV/MLU#101_CH01_20250915144500.csv,Noise
./Data/0903/new_mtr_void_6.5kV/MLU#101_CH01_20250903103900.csv,Void
./Data/250915_to_250916_MTR_NEW_DB_KERI/250915_new_MTR_turn_to_turn__8.5kV/MLU#101_CH01_20250916105400.csv,Turn_to_Turn
./Data/250915_to_250916_MTR_NEW_DB_KERI/250915_new_MTR_void__9.77kV/MLU#101_CH01_20250916115700.csv,Void
./Data/0820/void_6.4kV_Eco_Oil/MLU#101_CH01_20250819171300.csv,Void
./Data/0820/surface_2.69kV_Eco_Oil/MLU#101_CH01_20250819142300.csv,Surface
./Data/250915_to_250916_MTR_NEW_DB_KERI/250915_new_MTR_void__9.77kV/MLU#101_CH01_20250916124900.csv,Void
./Data/0903/new_mtr_corona_10.0kV/MLU#101_CH01_20250903094100.csv,Corona
./Data/0820/void_6.4kV_Eco_Oil/MLU#101_CH01_20250819180100.csv,Void
./Data/0820/corona_discharge_9.2kV_Eco_Oil/MLU#101_CH01_20250820113700.csv,Corona
./Data/0820/normal_state_3.5kV_and_0.0kV/MLU#101_CH01_20250820040200.csv,Noise
./Data/0820/void_6.4kV_Eco_Oil/MLU#101_CH01_20250819165700.csv,Void
./Data/0820/void_6.4kV_Eco_Oil/MLU#101_CH01_20250819162700.csv,Void
./Data/0820/normal_state_3.5kV_and_0.0kV/MLU#101_CH01_20250819224300.csv,Noise
./Data/0820/normal_state_3.5kV_and_0.0kV/MLU#101_CH01_20250820054300.csv,Noise
./Data/0820/normal_state_3.5kV_and_0.0kV/MLU#101_CH01_20250819223200.csv,Noise
./Data/250915_to_250916_MTR_NEW_DB_KERI/250915_new_MTR_void__9.77kV/MLU#101_CH01_20250916130600.csv,Void
./Data/0820/normal_state_3.5kV_and_0.0kV/MLU#101_CH01_20250820003600.csv,Noise
./Data/250915_to_250916_MTR_NEW_DB_KERI/250915_new_MTR_void__9.77kV/MLU#101_CH01_20250916114700.csv,Void
./Data/250915_to_250916_MTR_NEW_DB_KERI/250915_new_MTR_turn_to_turn__8.5kV/MLU#101_CH01_20250916110000.csv,Turn_to_Turn
./Data/0820/normal_state_3.5kV_and_0.0kV/MLU#101_CH01_20250819222100.csv,Noise
./Data/0820/void_6.4kV_Eco_Oil/MLU#101_CH01_20250819180700.csv,Void
./Data/250915_to_250916_MTR_NEW_DB_KERI/250915_new_MTR_void__9.77kV/MLU#101_CH01_20250916131700.csv,Void
./Data/0820/void_6.4kV_Eco_Oil/MLU#101_CH01_20250819161000.csv,Void
./Data/0820/normal_state_3.5kV_and_0.0kV/MLU#101_CH01_20250820002600.csv,Noise
./Data/250915_to_250916_MTR_NEW_DB_KERI/250915_new_MTR_turn_to_turn__8.5kV/MLU#101_CH01_20250915173500.csv,Turn_to_Turn
./Data/0820/void_6.4kV_Eco_Oil/MLU#101_CH01_20250819160800.csv,Void
./Data/0820/void_6.4kV_Eco_Oil/MLU#101_CH01_20250819180900.csv,Void
./Data/0903/new_mtr_normal_3.0kv/GLU#101_CH01_20250901192600.csv,Noise
./Data/0903/new_mtr_corona_10.0kV/MLU#101_CH01_20250903094200.csv,Corona
./Data/0820/normal_state_3.5kV_and_0.0kV/MLU#101_CH01_20250820073800.csv,Noise
./Data/0903/new_mtr_air_floating_6.10kV/MLU#101_CH01_20250902202100.csv,Floating
./Data/0820/void_6.4kV_Eco_Oil/MLU#101_CH01_20250819171600.csv,Void
./Data/250915_to_250916_MTR_NEW_DB_KERI/250915_new_MTR_corona_9.5kV/MLU#101_CH01_20250915181000.csv,Corona
./Data/250915_to_250916_MTR_NEW_DB_KERI/250915_new_MTR_corona_9.5kV/MLU#101_CH01_20250915181600.csv,Corona
./Data/0820/normal_state_3.5kV_and_0.0kV/MLU#101_CH01_20250820051400.csv,Noise
./Data/0820/corona_discharge_9.2kV_Eco_Oil/MLU#101_CH01_20250820112200.csv,Corona
./Data/0820/normal_state_3.5kV_and_0.0kV/MLU#101_CH01_20250820005800.csv,Noise
./Data/0903/new_mtr_normal_3.0kv/MLU#101_CH01_20250902190300.csv,Noise
./Data/0903/new_mtr_corona_10.0kV/MLU#101_CH01_20250903094000.csv,Corona
./Data/0820/normal_state_3.5kV_and_0.0kV/MLU#101_CH01_20250820014900.csv,Noise
./Data/0903/new_mtr_corona_10.0kV/MLU#101_CH01_20250903095400.csv,Corona
./Data/250915_to_250916_MTR_NEW_DB_KERI/250915_new_MTR_corona_9.5kV/MLU#101_CH01_20250915182400.csv,Corona
./Data/0820/corona_discharge_9.2kV_Eco_Oil/MLU#101_CH01_20250820111200.csv,Corona
./Data/0820/normal_state_3.5kV_and_0.0kV/MLU#101_CH01_20250820061500.csv,Noise
./Data/250915_to_250916_MTR_NEW_DB_KERI/250915_new_MTR_corona_9.5kV/MLU#101_CH01_20250915181500.csv,Corona
./Data/0820/corona_discharge_9.2kV_Eco_Oil/MLU#101_CH01_20250820124900.csv,Corona
./Data/0820/normal_state_3.5kV_and_0.0kV/MLU#101_CH01_20250820021100.csv,Noise
./Data/250915_to_250916_MTR_NEW_DB_KERI/250915_new_MTR_void__9.77kV/MLU#101_CH01_20250915161800.csv,Void
./Data/0820/normal_state_3.5kV_and_0.0kV/MLU#101_CH01_20250819232000.csv,Noise
./Data/0820/corona_discharge_9.2kV_Eco_Oil/MLU#101_CH01_20250820121000.csv,Corona
./Data/0820/normal_state_3.5kV_and_0.0kV/MLU#101_CH01_20250820134600.csv,Noise
./Data/0903/new_mtr_surface_3.1kV/MLU#101_CH01_20250902175900.csv,Surface
./Data/0820/surface_2.69kV_Eco_Oil/MLU#101_CH01_20250819154300.csv,Surface
./Data/0820/corona_discharge_9.2kV_Eco_Oil/MLU#101_CH01_20250820122800.csv,Corona
./Data/0820/normal_state_3.5kV_and_0.0kV/MLU#101_CH01_20250819230900.csv,Noise
./Data/0903/new_mtr_normal_3.0kv/MLU#101_CH01_20250902190500.csv,Noise
./Data/250915_to_250916_MTR_NEW_DB_KERI/250915_new_MTR_turn_to_turn__8.5kV/MLU#101_CH01_20250916105500.csv,Turn_to_Turn
./Data/0820/corona_discharge_9.2kV_Eco_Oil/MLU#101_CH01_20250820120500.csv,Corona
./Data/250915_to_250916_MTR_NEW_DB_KERI/250915_new_MTR_turn_to_turn__8.5kV/MLU#101_CH01_20250916110300.csv,Turn_to_Turn
./Data/250915_to_250916_MTR_NEW_DB_KERI/250915_new_MTR_surface__4.5kV/MLU#101_CH01_20250915163800.csv,Surface
./Data/0903/new_mtr_surface_3.1kV/MLU#101_CH01_20250902181000.csv,Surface
./Data/0820/normal_state_3.5kV_and_0.0kV/MLU#101_CH01_20250820014400.csv,Noise
./Data/250915_to_250916_MTR_NEW_DB_KERI/250915_new_MTR_void__9.77kV/MLU#101_CH01_20250916121600.csv,Void
./Data/0903/new_mtr_surface_3.1kV/MLU#101_CH01_20250902181100.csv,Surface
./Data/0820/normal_state_3.5kV_and_0.0kV/MLU#101_CH01_20250819232500.csv,Noise
./Data/250915_to_250916_MTR_NEW_DB_KERI/250915_new_MTR_turn_to_turn__8.5kV/MLU#101_CH01_20250916105700.csv,Turn_to_Turn
./Data/0820/normal_state_3.5kV_and_0.0kV/MLU#101_CH01_20250820010000.csv,Noise
./Data/0903/new_mtr_air_floating_6.10kV/MLU#101_CH01_20250902203500.csv,Floating
./Data/250915_to_250916_MTR_NEW_DB_KERI/250915_new_MTR_corona_9.5kV/MLU#101_CH01_20250915183200.csv,Corona
./Data/250915_to_250916_MTR_NEW_DB_KERI/250915_new_MTR_turn_to_turn__8.5kV/MLU#101_CH01_20250916104000.csv,Turn_to_Turn
./Data/0820/surface_2.69kV_Eco_Oil/MLU#101_CH01_20250819142600.csv,Surface
./Data/250915_to_250916_MTR_NEW_DB_KERI/250915_new_MTR_void__9.77kV/MLU#101_CH01_20250916114400.csv,Void
./Data/0820/normal_state_3.5kV_and_0.0kV/MLU#101_CH01_20250819231300.csv,Noise
./Data/0820/normal_state_3.5kV_and_0.0kV/MLU#101_CH01_20250819233900.csv,Noise
./Data/0820/surface_2.69kV_Eco_Oil/MLU#101_CH01_20250819150700.csv,Surface
./Data/250915_to_250916_MTR_NEW_DB_KERI/250915_new_MTR_corona_9.5kV/MLU#101_CH01_20250915181800.csv,Corona
./Data/0820/normal_state_3.5kV_and_0.0kV/MLU#101_CH01_20250820134900.csv,Noise
./Data/0903/new_mtr_surface_3.1kV/MLU#101_CH01_20250902175800.csv,Surface
./Data/0820/turn_to_turn_3.5kV_Eco_Oil/MLU#101_CH01_20250819211500.csv,Turn_to_Turn
./Data/0820/normal_state_3.5kV_and_0.0kV/MLU#101_CH01_20250819222700.csv,Noise
./Data/0820/surface_2.69kV_Eco_Oil/MLU#101_CH01_20250819151100.csv,Surface
./Data/250915_to_250916_MTR_NEW_DB_KERI/250915_new_MTR_AIR_Floating_6.4kV/MLU#101_CH01_20250915141500.csv,Floating
./Data/0820/normal_state_3.5kV_and_0.0kV/MLU#101_CH01_20250820054700.csv,Noise
./Data/0820/corona_discharge_9.2kV_Eco_Oil/MLU#101_CH01_20250820114900.csv,Corona
./Data/0820/void_6.4kV_Eco_Oil/MLU#101_CH01_20250819181900.csv,Void
./Data/0820/normal_state_3.5kV_and_0.0kV/MLU#101_CH01_20250820012700.csv,Noise
./Data/0820/normal_state_3.5kV_and_0.0kV/MLU#101_CH01_20250820060900.csv,Noise
./Data/0903/new_mtr_air_floating_6.10kV/MLU#101_CH01_20250902203600.csv,Floating
./Data/0820/corona_discharge_9.2kV_Eco_Oil/MLU#101_CH01_20250820110100.csv,Corona
./Data/0820/corona_discharge_9.2kV_Eco_Oil/MLU#101_CH01_20250820125800.csv,Corona
./Data/0820/normal_state_3.5kV_and_0.0kV/MLU#101_CH01_20250819221800.csv,Noise
./Data/250915_to_250916_MTR_NEW_DB_KERI/250915_new_MTR_void__9.77kV/MLU#101_CH01_20250916113900.csv,Void
./Data/250915_to_250916_MTR_NEW_DB_KERI/250915_new_MTR_void__9.77kV/MLU#101_CH01_20250916114600.csv,Void
./Data/0820/void_6.4kV_Eco_Oil/MLU#101_CH01_20250819164000.csv,Void
./Data/0820/normal_state_3.5kV_and_0.0kV/MLU#101_CH01_20250820020300.csv,Noise
./Data/0820/void_6.4kV_Eco_Oil/MLU#101_CH01_20250819163800.csv,Void
./Data/250915_to_250916_MTR_NEW_DB_KERI/250915_new_MTR_turn_to_turn__8.5kV/MLU#101_CH01_20250915172600.csv,Turn_to_Turn
./Data/0820/normal_state_3.5kV_and_0.0kV/MLU#101_CH01_20250820052200.csv,Noise
./Data/250915_to_250916_MTR_NEW_DB_KERI/250915_new_MTR_void__9.77kV/MLU#101_CH01_20250916130700.csv,Void
./Data/0820/void_6.4kV_Eco_Oil/MLU#101_CH01_20250819163900.csv,Void
./Data/0820/corona_discharge_9.2kV_Eco_Oil/MLU#101_CH01_20250820110800.csv,Corona
./Data/0820/normal_state_3.5kV_and_0.0kV/MLU#101_CH01_20250821133500.csv,Noise
./Data/0820/turn_to_turn_3.5kV_Eco_Oil/MLU#101_CH01_20250819214000.csv,Turn_to_Turn
./Data/0820/normal_state_3.5kV_and_0.0kV/MLU#101_CH01_20250819225200.csv,Noise
./Data/0820/corona_discharge_9.2kV_Eco_Oil/MLU#101_CH01_20250820115700.csv,Corona
./Data/0820/void_6.4kV_Eco_Oil/MLU#101_CH01_20250819170000.csv,Void
./Data/0820/normal_state_3.5kV_and_0.0kV/MLU#101_CH01_20250820062900.csv,Noise
./Data/250915_to_250916_MTR_NEW_DB_KERI/250915_new_MTR_corona_9.5kV/MLU#101_CH01_20250915181200.csv,Corona
./Data/0820/turn_to_turn_3.5kV_Eco_Oil/MLU#101_CH01_20250819215200.csv,Turn_to_Turn
./Data/0820/void_6.4kV_Eco_Oil/MLU#101_CH01_20250819180200.csv,Void
./Data/250915_to_250916_MTR_NEW_DB_KERI/250915_new_MTR_turn_to_turn__8.5kV/MLU#101_CH01_20250915172000.csv,Turn_to_Turn
./Data/0820/normal_state_3.5kV_and_0.0kV/MLU#101_CH01_20250820015500.csv,Noise
./Data/250915_to_250916_MTR_NEW_DB_KERI/250915_new_MTR_turn_to_turn__8.5kV/MLU#101_CH01_20250915174200.csv,Turn_to_Turn
./Data/0820/normal_state_3.5kV_and_0.0kV/MLU#101_CH01_20250820012200.csv,Noise
./Data/250915_to_250916_MTR_NEW_DB_KERI/250915_new_MTR_surface__4.5kV/MLU#101_CH01_20250915170000.csv,Surface
./Data/0903/new_mtr_normal_3.0kv/MLU#101_CH01_20250902190400.csv,Noise
./Data/0903/new_mtr_surface_3.1kV/MLU#101_CH01_20250902183500.csv,Surface
./Data/0820/corona_discharge_9.2kV_Eco_Oil/MLU#101_CH01_20250820122000.csv,Corona
./Data/0820/corona_discharge_9.2kV_Eco_Oil/MLU#101_CH01_20250820122400.csv,Corona
./Data/0820/normal_state_3.5kV_and_0.0kV/MLU#101_CH01_20250819232100.csv,Noise
./Data/0820/void_6.4kV_Eco_Oil/MLU#101_CH01_20250819160500.csv,Void
./Data/0820/corona_discharge_9.2kV_Eco_Oil/MLU#101_CH01_20250820110600.csv,Corona
./Data/0903/new_mtr_surface_3.1kV/MLU#101_CH01_20250902175300.csv,Surface
./Data/0820/normal_state_3.5kV_and_0.0kV/MLU#101_CH01_20250820002500.csv,Noise
./Data/250915_to_250916_MTR_NEW_DB_KERI/250915_new_MTR_void__9.77kV/MLU#101_CH01_20250916114000.csv,Void
./Data/0820/corona_discharge_9.2kV_Eco_Oil/MLU#101_CH01_20250820091100.csv,Corona
./Data/0820/turn_to_turn_3.5kV_Eco_Oil/MLU#101_CH01_20250819213300.csv,Turn_to_Turn
./Data/0820/normal_state_3.5kV_and_0.0kV/MLU#101_CH01_20250819225000.csv,Noise
./Data/0820/turn_to_turn_3.5kV_Eco_Oil/MLU#101_CH01_20250819220000.csv,Turn_to_Turn
./Data/0820/void_6.4kV_Eco_Oil/MLU#101_CH01_20250819160600.csv,Void
./Data/250915_to_250916_MTR_NEW_DB_KERI/250915_new_MTR_void__9.77kV/MLU#101_CH01_20250915160700.csv,Void
./Data/250915_to_250916_MTR_NEW_DB_KERI/250915_new_MTR_void__9.77kV/MLU#101_CH01_20250916131000.csv,Void
./Data/0903/new_mtr_air_floating_6.10kV/MLU#101_CH01_20250902201800.csv,Floating
./Data/250915_to_250916_MTR_NEW_DB_KERI/250915_new_MTR_void__9.77kV/MLU#101_CH01_20250916123600.csv,Void
./Data/0820/normal_state_3.5kV_and_0.0kV/MLU#101_CH01_20250820001600.csv,Noise
./Data/250915_to_250916_MTR_NEW_DB_KERI/250915_new_MTR_Normal_1.5kV/MLU#101_CH01_20250915144400.csv,Noise
./Data/0820/normal_state_3.5kV_and_0.0kV/MLU#101_CH01_20250820000100.csv,Noise
./Data/0820/normal_state_3.5kV_and_0.0kV/MLU#101_CH01_20250820070400.csv,Noise
./Data/0820/void_6.4kV_Eco_Oil/MLU#101_CH01_20250819165200.csv,Void
./Data/0820/normal_state_3.5kV_and_0.0kV/MLU#101_CH01_20250820054900.csv,Noise
./Data/0820/corona_discharge_9.2kV_Eco_Oil/MLU#101_CH01_20250820093400.csv,Corona
./Data/250915_to_250916_MTR_NEW_DB_KERI/250915_new_MTR_AIR_Floating_6.4kV/MLU#101_CH01_20250915141000.csv,Floating
./Data/250915_to_250916_MTR_NEW_DB_KERI/250915_new_MTR_corona_9.5kV/MLU#101_CH01_20250915180300.csv,Corona
./Data/0903/new_mtr_surface_3.1kV/MLU#101_CH01_20250902184200.csv,Surface
./Data/0820/corona_discharge_9.2kV_Eco_Oil/MLU#101_CH01_20250820094100.csv,Corona
./Data/0820/turn_to_turn_3.5kV_Eco_Oil/MLU#101_CH01_20250819214700.csv,Turn_to_Turn
./Data/0820/corona_discharge_9.2kV_Eco_Oil/MLU#101_CH01_20250820104700.csv,Corona
./Data/0903/new_mtr_corona_10.0kV/MLU#101_CH01_20250903100100.csv,Corona
./Data/0820/normal_state_3.5kV_and_0.0kV/MLU#101_CH01_20250819231700.csv,Noise
./Data/250915_to_250916_MTR_NEW_DB_KERI/250915_new_MTR_AIR_Floating_6.4kV/MLU#101_CH01_20250915141200.csv,Floating
./Data/0820/normal_state_3.5kV_and_0.0kV/MLU#101_CH01_20250819221100.csv,Noise
./Data/250915_to_250916_MTR_NEW_DB_KERI/250915_new_MTR_void__9.77kV/MLU#101_CH01_20250916122200.csv,Void
./Data/250915_to_250916_MTR_NEW_DB_KERI/250915_new_MTR_turn_to_turn__8.5kV/MLU#101_CH01_20250915171800.csv,Turn_to_Turn
./Data/0903/new_mtr_normal_3.0kv/MLU#101_CH01_20250903092000.csv,Noise
./Data/0903/new_mtr_surface_3.1kV/MLU#101_CH01_20250902183900.csv,Surface
./Data/250915_to_250916_MTR_NEW_DB_KERI/250915_new_MTR_void__9.77kV/MLU#101_CH01_20250916121400.csv,Void
./Data/0820/corona_discharge_9.2kV_Eco_Oil/MLU#101_CH01_20250820122900.csv,Corona
./Data/250915_to_250916_MTR_NEW_DB_KERI/250915_new_MTR_void__9.77kV/MLU#101_CH01_20250915155900.csv,Void
./Data/0820/normal_state_3.5kV_and_0.0kV/MLU#101_CH01_20250820000900.csv,Noise
./Data/0820/normal_state_3.5kV_and_0.0kV/MLU#101_CH01_20250821134500.csv,Noise
./Data/0820/turn_to_turn_3.5kV_Eco_Oil/MLU#101_CH01_20250819210600.csv,Turn_to_Turn
./Data/0820/corona_discharge_9.2kV_Eco_Oil/MLU#101_CH01_20250820123300.csv,Corona
./Data/250915_to_250916_MTR_NEW_DB_KERI/250915_new_MTR_void__9.77kV/MLU#101_CH01_20250916124700.csv,Void
./Data/0820/turn_to_turn_3.5kV_Eco_Oil/MLU#101_CH01_20250819211100.csv,Turn_to_Turn
./Data/0820/normal_state_3.5kV_and_0.0kV/MLU#101_CH01_20250820072900.csv,Noise
./Data/250915_to_250916_MTR_NEW_DB_KERI/250915_new_MTR_void__9.77kV/MLU#101_CH01_20250915160300.csv,Void
./Data/250915_to_250916_MTR_NEW_DB_KERI/250915_new_MTR_void__9.77kV/MLU#101_CH01_20250915155600.csv,Void
./Data/0903/new_mtr_void_6.5kV/MLU#101_CH01_20250903103200.csv,Void
./Data/0903/new_mtr_air_floating_6.10kV/MLU#101_CH01_20250902195900.csv,Floating
./Data/0820/turn_to_turn_3.5kV_Eco_Oil/MLU#101_CH01_20250819211000.csv,Turn_to_Turn
./Data/250915_to_250916_MTR_NEW_DB_KERI/250915_new_MTR_AIR_Floating_6.4kV/MLU#101_CH01_20250915140900.csv,Floating
./Data/0820/corona_discharge_9.2kV_Eco_Oil/MLU#101_CH01_20250820115100.csv,Corona
./Data/0820/normal_state_3.5kV_and_0.0kV/MLU#101_CH01_20250820040700.csv,Noise
./Data/0903/new_mtr_void_6.5kV/MLU#101_CH01_20250903103300.csv,Void
./Data/0820/void_6.4kV_Eco_Oil/MLU#101_CH01_20250819162600.csv,Void
./Data/0820/corona_discharge_9.2kV_Eco_Oil/MLU#101_CH01_20250820114500.csv,Corona
./Data/250915_to_250916_MTR_NEW_DB_KERI/250915_new_MTR_AIR_Floating_6.4kV/MLU#101_CH01_20250915142000.csv,Floating
./Data/0820/turn_to_turn_3.5kV_Eco_Oil/MLU#101_CH01_20250819212400.csv,Turn_to_Turn
./Data/0820/normal_state_3.5kV_and_0.0kV/MLU#101_CH01_20250820035500.csv,Noise
./Data/0820/normal_state_3.5kV_and_0.0kV/MLU#101_CH01_20250819222900.csv,Noise
./Data/0820/turn_to_turn_3.5kV_Eco_Oil/MLU#101_CH01_20250819213100.csv,Turn_to_Turn
./Data/0903/new_mtr_normal_3.0kv/GLU#101_CH01_20250901192400.csv,Noise
./Data/0820/normal_state_3.5kV_and_0.0kV/MLU#101_CH01_20250820134500.csv,Noise
./Data/0820/surface_2.69kV_Eco_Oil/MLU#101_CH01_20250819144900.csv,Surface
./Data/0820/void_6.4kV_Eco_Oil/MLU#101_CH01_20250819164600.csv,Void
./Data/0820/corona_discharge_9.2kV_Eco_Oil/MLU#101_CH01_20250820123400.csv,Corona
./Data/250915_to_250916_MTR_NEW_DB_KERI/250915_new_MTR_turn_to_turn__8.5kV/MLU#101_CH01_20250915173800.csv,Turn_to_Turn
./Data/0820/corona_discharge_9.2kV_Eco_Oil/MLU#101_CH01_20250820094300.csv,Corona
./Data/250915_to_250916_MTR_NEW_DB_KERI/250915_new_MTR_surface__4.5kV/MLU#101_CH01_20250915165200.csv,Surface
./Data/0903/new_mtr_surface_3.1kV/MLU#101_CH01_20250902182200.csv,Surface
./Data/0903/new_mtr_surface_3.1kV/MLU#101_CH01_20250902184300.csv,Surface
./Data/0820/void_6.4kV_Eco_Oil/MLU#101_CH01_20250819161200.csv,Void
./Data/0820/void_6.4kV_Eco_Oil/MLU#101_CH01_20250819163500.csv,Void
./Data/0820/normal_state_3.5kV_and_0.0kV/MLU#101_CH01_20250819225300.csv,Noise
./Data/250915_to_250916_MTR_NEW_DB_KERI/250915_new_MTR_AIR_Floating_6.4kV/MLU#101_CH01_20250915141400.csv,Floating
./Data/0903/new_mtr_air_floating_6.10kV/MLU#101_CH01_20250902200900.csv,Floating
./Data/0820/corona_discharge_9.2kV_Eco_Oil/MLU#101_CH01_20250820114800.csv,Corona
./Data/0903/new_mtr_surface_3.1kV/MLU#101_CH01_20250902175600.csv,Surface
./Data/0903/new_mtr_air_floating_6.10kV/MLU#101_CH01_20250902204000.csv,Floating
./Data/0820/surface_2.69kV_Eco_Oil/MLU#101_CH01_20250819154500.csv,Surface
./Data/0820/corona_discharge_9.2kV_Eco_Oil/MLU#101_CH01_20250820120800.csv,Corona
./Data/0820/normal_state_3.5kV_and_0.0kV/MLU#101_CH01_20250819235800.csv,Noise
./Data/0820/normal_state_3.5kV_and_0.0kV/MLU#101_CH01_20250819223700.csv,Noise
./Data/0820/turn_to_turn_3.5kV_Eco_Oil/MLU#101_CH01_20250819220100.csv,Turn_to_Turn
./Data/250915_to_250916_MTR_NEW_DB_KERI/250915_new_MTR_Normal_1.5kV/MLU#101_CH01_20250915144300.csv,Noise
./Data/0903/new_mtr_air_floating_6.10kV/MLU#101_CH01_20250902200500.csv,Floating
./Data/0820/normal_state_3.5kV_and_0.0kV/MLU#101_CH01_20250819234600.csv,Noise
./Data/0820/void_6.4kV_Eco_Oil/MLU#101_CH01_20250819175600.csv,Void
./Data/0820/void_6.4kV_Eco_Oil/MLU#101_CH01_20250819172800.csv,Void
./Data/0820/normal_state_3.5kV_and_0.0kV/MLU#101_CH01_20250821134200.csv,Noise
./Data/250915_to_250916_MTR_NEW_DB_KERI/250915_new_MTR_void__9.77kV/MLU#101_CH01_20250916115400.csv,Void
./Data/0820/turn_to_turn_3.5kV_Eco_Oil/MLU#101_CH01_20250819213700.csv,Turn_to_Turn
./Data/0820/normal_state_3.5kV_and_0.0kV/MLU#101_CH01_20250819224100.csv,Noise
./Data/250915_to_250916_MTR_NEW_DB_KERI/250915_new_MTR_void__9.77kV/MLU#101_CH01_20250916130400.csv,Void
./Data/0820/corona_discharge_9.2kV_Eco_Oil/MLU#101_CH01_20250820125200.csv,Corona
./Data/0820/corona_discharge_9.2kV_Eco_Oil/MLU#101_CH01_20250820093300.csv,Corona
./Data/250915_to_250916_MTR_NEW_DB_KERI/250915_new_MTR_corona_9.5kV/MLU#101_CH01_20250915182600.csv,Corona
./Data/250915_to_250916_MTR_NEW_DB_KERI/250915_new_MTR_turn_to_turn__8.5kV/MLU#101_CH01_20250916105300.csv,Turn_to_Turn
./Data/0820/normal_state_3.5kV_and_0.0kV/MLU#101_CH01_20250819224900.csv,Noise
./Data/250915_to_250916_MTR_NEW_DB_KERI/250915_new_MTR_turn_to_turn__8.5kV/MLU#101_CH01_20250915174000.csv,Turn_to_Turn
./Data/250915_to_250916_MTR_NEW_DB_KERI/250915_new_MTR_corona_9.5kV/MLU#101_CH01_20250915183700.csv,Corona
./Data/250915_to_250916_MTR_NEW_DB_KERI/250915_new_MTR_void__9.77kV/MLU#101_CH01_20250916113200.csv,Void
./Data/0820/normal_state_3.5kV_and_0.0kV/MLU#101_CH01_20250820001400.csv,Noise
./Data/250915_to_250916_MTR_NEW_DB_KERI/250915_new_MTR_AIR_Floating_6.4kV/MLU#101_CH01_20250915140300.csv,Floating
./Data/0903/new_mtr_air_floating_6.10kV/MLU#101_CH01_20250902204100.csv,Floating
./Data/0820/normal_state_3.5kV_and_0.0kV/MLU#101_CH01_20250820002000.csv,Noise
./Data/0820/normal_state_3.5kV_and_0.0kV/MLU#101_CH01_20250820062100.csv,Noise
./Data/0820/normal_state_3.5kV_and_0.0kV/MLU#101_CH01_20250820053800.csv,Noise
./Data/0820/void_6.4kV_Eco_Oil/MLU#101_CH01_20250819164700.csv,Void
./Data/0820/surface_2.69kV_Eco_Oil/MLU#101_CH01_20250819153500.csv,Surface
./Data/0903/new_mtr_normal_3.0kv/MLU#101_CH01_20250902190100.csv,Noise
./Data/250915_to_250916_MTR_NEW_DB_KERI/250915_new_MTR_turn_to_turn__8.5kV/MLU#101_CH01_20250916110100.csv,Turn_to_Turn
./Data/0820/normal_state_3.5kV_and_0.0kV/MLU#101_CH01_20250820001900.csv,Noise
./Data/0820/normal_state_3.5kV_and_0.0kV/MLU#101_CH01_20250819222200.csv,Noise
./Data/250915_to_250916_MTR_NEW_DB_KERI/250915_new_MTR_turn_to_turn__8.5kV/MLU#101_CH01_20250915173600.csv,Turn_to_Turn
./Data/0820/normal_state_3.5kV_and_0.0kV/MLU#101_CH01_20250819223900.csv,Noise
./Data/0820/corona_discharge_9.2kV_Eco_Oil/MLU#101_CH01_20250820112100.csv,Corona
./Data/250915_to_250916_MTR_NEW_DB_KERI/250915_new_MTR_void__9.77kV/MLU#101_CH01_20250916122700.csv,Void
./Data/0820/normal_state_3.5kV_and_0.0kV/MLU#101_CH01_20250820001700.csv,Noise
./Data/0903/new_mtr_air_floating_6.10kV/MLU#101_CH01_20250902201700.csv,Floating
./Data/0820/corona_discharge_9.2kV_Eco_Oil/MLU#101_CH01_20250820090400.csv,Corona
./Data/0820/normal_state_3.5kV_and_0.0kV/MLU#101_CH01_20250820011600.csv,Noise
./Data/0820/corona_discharge_9.2kV_Eco_Oil/MLU#101_CH01_20250820115800.csv,Corona
./Data/0820/normal_state_3.5kV_and_0.0kV/MLU#101_CH01_20250820020800.csv,Noise
./Data/0820/void_6.4kV_Eco_Oil/MLU#101_CH01_20250819171700.csv,Void
./Data/0820/surface_2.69kV_Eco_Oil/MLU#101_CH01_20250819150500.csv,Surface
./Data/0820/normal_state_3.5kV_and_0.0kV/MLU#101_CH01_20250820005400.csv,Noise
./Data/0820/corona_discharge_9.2kV_Eco_Oil/MLU#101_CH01_20250820122500.csv,Corona
./Data/0820/corona_discharge_9.2kV_Eco_Oil/MLU#101_CH01_20250820105800.csv,Corona
./Data/250915_to_250916_MTR_NEW_DB_KERI/250915_new_MTR_AIR_Floating_6.4kV/MLU#101_CH01_20250915140800.csv,Floating
./Data/250915_to_250916_MTR_NEW_DB_KERI/250915_new_MTR_corona_9.5kV/MLU#101_CH01_20250915181400.csv,Corona
./Data/250915_to_250916_MTR_NEW_DB_KERI/250915_new_MTR_void__9.77kV/MLU#101_CH01_20250915155800.csv,Void
./Data/0820/corona_discharge_9.2kV_Eco_Oil/MLU#101_CH01_20250820121500.csv,Corona
./Data/0820/corona_discharge_9.2kV_Eco_Oil/MLU#101_CH01_20250820090700.csv,Corona
./Data/0820/normal_state_3.5kV_and_0.0kV/MLU#101_CH01_20250820013400.csv,Noise
./Data/0820/corona_discharge_9.2kV_Eco_Oil/MLU#101_CH01_20250820115600.csv,Corona
./Data/250915_to_250916_MTR_NEW_DB_KERI/250915_new_MTR_void__9.77kV/MLU#101_CH01_20250915161300.csv,Void
./Data/250915_to_250916_MTR_NEW_DB_KERI/250915_new_MTR_void__9.77kV/MLU#101_CH01_20250916122000.csv,Void
./Data/250915_to_250916_MTR_NEW_DB_KERI/250915_new_MTR_void__9.77kV/MLU#101_CH01_20250916113500.csv,Void
./Data/0903/new_mtr_normal_3.0kv/MLU#101_CH01_20250902190800.csv,Noise
./Data/0820/normal_state_3.5kV_and_0.0kV/MLU#101_CH01_20250820052300.csv,Noise
./Data/0820/normal_state_3.5kV_and_0.0kV/MLU#101_CH01_20250820001500.csv,Noise
./Data/0820/turn_to_turn_3.5kV_Eco_Oil/MLU#101_CH01_20250819215900.csv,Turn_to_Turn
./Data/0820/void_6.4kV_Eco_Oil/MLU#101_CH01_20250819165900.csv,Void
./Data/0820/normal_state_3.5kV_and_0.0kV/MLU#101_CH01_20250820012600.csv,Noise
./Data/0820/surface_2.69kV_Eco_Oil/MLU#101_CH01_20250819140200.csv,Surface
./Data/0903/new_mtr_surface_3.1kV/MLU#101_CH01_20250902180200.csv,Surface
./Data/250915_to_250916_MTR_NEW_DB_KERI/250915_new_MTR_void__9.77kV/MLU#101_CH01_20250916115500.csv,Void
./Data/0820/surface_2.69kV_Eco_Oil/MLU#101_CH01_20250819154600.csv,Surface
./Data/0820/surface_2.69kV_Eco_Oil/MLU#101_CH01_20250819142000.csv,Surface
./Data/0820/normal_state_3.5kV_and_0.0kV/MLU#101_CH01_20250820011800.csv,Noise
./Data/0903/new_mtr_corona_10.0kV/MLU#101_CH01_20250903094900.csv,Corona
./Data/0820/void_6.4kV_Eco_Oil/MLU#101_CH01_20250819180300.csv,Void
./Data/0820/normal_state_3.5kV_and_0.0kV/MLU#101_CH01_20250820051800.csv,Noise
./Data/0820/normal_state_3.5kV_and_0.0kV/MLU#101_CH01_20250820001200.csv,Noise
./Data/0820/corona_discharge_9.2kV_Eco_Oil/MLU#101_CH01_20250820103900.csv,Corona
./Data/0820/turn_to_turn_3.5kV_Eco_Oil/MLU#101_CH01_20250819214500.csv,Turn_to_Turn
./Data/0820/normal_state_3.5kV_and_0.0kV/MLU#101_CH01_20250819230100.csv,Noise
./Data/0820/normal_state_3.5kV_and_0.0kV/MLU#101_CH01_20250820064700.csv,Noise
./Data/0820/normal_state_3.5kV_and_0.0kV/MLU#101_CH01_20250820015800.csv,Noise
./Data/0903/new_mtr_air_floating_6.10kV/MLU#101_CH01_20250902204200.csv,Floating
./Data/250915_to_250916_MTR_NEW_DB_KERI/250915_new_MTR_void__9.77kV/MLU#101_CH01_20250916123300.csv,Void
./Data/0820/void_6.4kV_Eco_Oil/MLU#101_CH01_20250819174700.csv,Void
./Data/0820/surface_2.69kV_Eco_Oil/MLU#101_CH01_20250819153700.csv,Surface
./Data/0903/new_mtr_air_floating_6.10kV/MLU#101_CH01_20250902203400.csv,Floating
./Data/0820/void_6.4kV_Eco_Oil/MLU#101_CH01_20250819165100.csv,Void
./Data/0903/new_mtr_void_6.5kV/MLU#101_CH01_20250903103600.csv,Void
./Data/250915_to_250916_MTR_NEW_DB_KERI/250915_new_MTR_void__9.77kV/MLU#101_CH01_20250916122300.csv,Void
./Data/0820/surface_2.69kV_Eco_Oil/MLU#101_CH01_20250819144400.csv,Surface
./Data/0820/void_6.4kV_Eco_Oil/MLU#101_CH01_20250819171100.csv,Void
./Data/250915_to_250916_MTR_NEW_DB_KERI/250915_new_MTR_turn_to_turn__8.5kV/MLU#101_CH01_20250915175100.csv,Turn_to_Turn
./Data/0820/normal_state_3.5kV_and_0.0kV/MLU#101_CH01_20250821133600.csv,Noise
./Data/250915_to_250916_MTR_NEW_DB_KERI/250915_new_MTR_void__9.77kV/MLU#101_CH01_20250916112500.csv,Void
./Data/0820/corona_discharge_9.2kV_Eco_Oil/MLU#101_CH01_20250820091800.csv,Corona
./Data/0820/surface_2.69kV_Eco_Oil/MLU#101_CH01_20250819150400.csv,Surface
./Data/0820/normal_state_3.5kV_and_0.0kV/MLU#101_CH01_20250820015400.csv,Noise
./Data/0820/corona_discharge_9.2kV_Eco_Oil/MLU#101_CH01_20250820112600.csv,Corona
./Data/0820/corona_discharge_9.2kV_Eco_Oil/MLU#101_CH01_20250820111500.csv,Corona
./Data/0820/normal_state_3.5kV_and_0.0kV/MLU#101_CH01_20250820011700.csv,Noise
./Data/0820/void_6.4kV_Eco_Oil/MLU#101_CH01_20250819172600.csv,Void
./Data/0820/normal_state_3.5kV_and_0.0kV/MLU#101_CH01_20250819231600.csv,Noise
./Data/0903/new_mtr_surface_3.1kV/MLU#101_CH01_20250902183000.csv,Surface
./Data/0820/normal_state_3.5kV_and_0.0kV/MLU#101_CH01_20250819221500.csv,Noise
./Data/250915_to_250916_MTR_NEW_DB_KERI/250915_new_MTR_turn_to_turn__8.5kV/MLU#101_CH01_20250916105800.csv,Turn_to_Turn
./Data/0820/normal_state_3.5kV_and_0.0kV/MLU#101_CH01_20250819232700.csv,Noise
./Data/250915_to_250916_MTR_NEW_DB_KERI/250915_new_MTR_void__9.77kV/MLU#101_CH01_20250916121500.csv,Void
./Data/0820/normal_state_3.5kV_and_0.0kV/MLU#101_CH01_20250820070700.csv,Noise
./Data/0903/new_mtr_air_floating_6.10kV/MLU#101_CH01_20250902202900.csv,Floating
./Data/0820/turn_to_turn_3.5kV_Eco_Oil/MLU#101_CH01_20250819215000.csv,Turn_to_Turn
./Data/250915_to_250916_MTR_NEW_DB_KERI/250915_new_MTR_void__9.77kV/MLU#101_CH01_20250916123500.csv,Void
./Data/0820/corona_discharge_9.2kV_Eco_Oil/MLU#101_CH01_20250820114600.csv,Corona
./Data/0820/surface_2.69kV_Eco_Oil/MLU#101_CH01_20250819150100.csv,Surface
./Data/0820/normal_state_3.5kV_and_0.0kV/MLU#101_CH01_20250819225700.csv,Noise
./Data/0820/normal_state_3.5kV_and_0.0kV/MLU#101_CH01_20250819221400.csv,Noise
./Data/0820/void_6.4kV_Eco_Oil/MLU#101_CH01_20250819175800.csv,Void
./Data/250915_to_250916_MTR_NEW_DB_KERI/250915_new_MTR_surface__4.5kV/MLU#101_CH01_20250915164000.csv,Surface
./Data/250915_to_250916_MTR_NEW_DB_KERI/250915_new_MTR_AIR_Floating_6.4kV/MLU#101_CH01_20250915142300.csv,Floating
./Data/0820/void_6.4kV_Eco_Oil/MLU#101_CH01_20250819171400.csv,Void
./Data/0903/new_mtr_corona_10.0kV/MLU#101_CH01_20250903094600.csv,Corona
./Data/0820/void_6.4kV_Eco_Oil/MLU#101_CH01_20250819165300.csv,Void
./Data/0820/corona_discharge_9.2kV_Eco_Oil/MLU#101_CH01_20250820123100.csv,Corona
./Data/0820/turn_to_turn_3.5kV_Eco_Oil/MLU#101_CH01_20250819213900.csv,Turn_to_Turn
./Data/0820/corona_discharge_9.2kV_Eco_Oil/MLU#101_CH01_20250820111800.csv,Corona
./Data/0903/new_mtr_air_floating_6.10kV/MLU#101_CH01_20250902201400.csv,Floating
./Data/250915_to_250916_MTR_NEW_DB_KERI/250915_new_MTR_void__9.77kV/MLU#101_CH01_20250916131500.csv,Void
./Data/0820/corona_discharge_9.2kV_Eco_Oil/MLU#101_CH01_20250820113200.csv,Corona
./Data/0820/normal_state_3.5kV_and_0.0kV/MLU#101_CH01_20250820051600.csv,Noise
./Data/0820/normal_state_3.5kV_and_0.0kV/MLU#101_CH01_20250819234100.csv,Noise
./Data/0820/surface_2.69kV_Eco_Oil/MLU#101_CH01_20250819152000.csv,Surface
./Data/0820/normal_state_3.5kV_and_0.0kV/MLU#101_CH01_20250819230600.csv,Noise
./Data/250915_to_250916_MTR_NEW_DB_KERI/250915_new_MTR_void__9.77kV/MLU#101_CH01_20250916131300.csv,Void
./Data/250915_to_250916_MTR_NEW_DB_KERI/250915_new_MTR_void__9.77kV/MLU#101_CH01_20250916114800.csv,Void
./Data/0820/normal_state_3.5kV_and_0.0kV/MLU#101_CH01_20250820001300.csv,Noise
./Data/250915_to_250916_MTR_NEW_DB_KERI/250915_new_MTR_surface__4.5kV/MLU#101_CH01_20250915164900.csv,Surface
./Data/0820/void_6.4kV_Eco_Oil/MLU#101_CH01_20250819161100.csv,Void
./Data/250915_to_250916_MTR_NEW_DB_KERI/250915_new_MTR_surface__4.5kV/MLU#101_CH01_20250915163900.csv,Surface
./Data/0820/normal_state_3.5kV_and_0.0kV/MLU#101_CH01_20250820011500.csv,Noise
./Data/0820/normal_state_3.5kV_and_0.0kV/MLU#101_CH01_20250820044800.csv,Noise
./Data/0903/new_mtr_corona_10.0kV/MLU#101_CH01_20250903095800.csv,Corona
./Data/0820/normal_state_3.5kV_and_0.0kV/MLU#101_CH01_20250820011300.csv,Noise
./Data/0903/new_mtr_normal_3.0kv/GLU#101_CH01_20250901192500.csv,Noise
./Data/0820/normal_state_3.5kV_and_0.0kV/MLU#101_CH01_20250819230300.csv,Noise
./Data/250915_to_250916_MTR_NEW_DB_KERI/250915_new_MTR_turn_to_turn__8.5kV/MLU#101_CH01_20250915173900.csv,Turn_to_Turn
./Data/0820/corona_discharge_9.2kV_Eco_Oil/MLU#101_CH01_20250820112800.csv,Corona
./Data/0903/new_mtr_corona_10.0kV/MLU#101_CH01_20250903095200.csv,Corona
./Data/250915_to_250916_MTR_NEW_DB_KERI/250915_new_MTR_corona_9.5kV/MLU#101_CH01_20250915182500.csv,Corona
./Data/0820/normal_state_3.5kV_and_0.0kV/MLU#101_CH01_20250820000800.csv,Noise
./Data/0903/new_mtr_surface_3.1kV/MLU#101_CH01_20250902180900.csv,Surface
./Data/0903/new_mtr_normal_3.0kv/MLU#101_CH01_20250903092200.csv,Noise
./Data/0820/normal_state_3.5kV_and_0.0kV/MLU#101_CH01_20250820002300.csv,Noise
./Data/0820/normal_state_3.5kV_and_0.0kV/MLU#101_CH01_20250820042900.csv,Noise
./Data/0820/corona_discharge_9.2kV_Eco_Oil/MLU#101_CH01_20250820111300.csv,Corona
./Data/0820/surface_2.69kV_Eco_Oil/MLU#101_CH01_20250819145200.csv,Surface
./Data/250915_to_250916_MTR_NEW_DB_KERI/250915_new_MTR_corona_9.5kV/MLU#101_CH01_20250915181700.csv,Corona
./Data/0820/corona_discharge_9.2kV_Eco_Oil/MLU#101_CH01_20250820125500.csv,Corona
./Data/250915_to_250916_MTR_NEW_DB_KERI/250915_new_MTR_AIR_Floating_6.4kV/MLU#101_CH01_20250915140600.csv,Floating
./Data/250915_to_250916_MTR_NEW_DB_KERI/250915_new_MTR_turn_to_turn__8.5kV/MLU#101_CH01_20250915173300.csv,Turn_to_Turn
./Data/0820/normal_state_3.5kV_and_0.0kV/MLU#101_CH01_20250820021200.csv,Noise
./Data/0820/void_6.4kV_Eco_Oil/MLU#101_CH01_20250819163100.csv,Void
./Data/250915_to_250916_MTR_NEW_DB_KERI/250915_new_MTR_turn_to_turn__8.5kV/MLU#101_CH01_20250916111000.csv,Turn_to_Turn
./Data/0820/turn_to_turn_3.5kV_Eco_Oil/MLU#101_CH01_20250819212300.csv,Turn_to_Turn
./Data/0820/normal_state_3.5kV_and_0.0kV/MLU#101_CH01_20250820020600.csv,Noise
./Data/0820/surface_2.69kV_Eco_Oil/MLU#101_CH01_20250819142200.csv,Surface
./Data/0903/new_mtr_surface_3.1kV/MLU#101_CH01_20250902184900.csv,Surface
./Data/0820/surface_2.69kV_Eco_Oil/MLU#101_CH01_20250819140300.csv,Surface
./Data/0820/normal_state_3.5kV_and_0.0kV/MLU#101_CH01_20250819224400.csv,Noise
./Data/0820/corona_discharge_9.2kV_Eco_Oil/MLU#101_CH01_20250820124800.csv,Corona
./Data/0820/corona_discharge_9.2kV_Eco_Oil/MLU#101_CH01_20250820104500.csv,Corona
./Data/0820/turn_to_turn_3.5kV_Eco_Oil/MLU#101_CH01_20250819213500.csv,Turn_to_Turn
./Data/0820/surface_2.69kV_Eco_Oil/MLU#101_CH01_20250819152800.csv,Surface
./Data/0820/normal_state_3.5kV_and_0.0kV/MLU#101_CH01_20250820051300.csv,Noise
./Data/0820/normal_state_3.5kV_and_0.0kV/MLU#101_CH01_20250819224600.csv,Noise
./Data/0820/void_6.4kV_Eco_Oil/MLU#101_CH01_20250819164800.csv,Void
./Data/0820/normal_state_3.5kV_and_0.0kV/MLU#101_CH01_20250820014600.csv,Noise
./Data/0903/new_mtr_surface_3.1kV/MLU#101_CH01_20250902175100.csv,Surface
./Data/0820/corona_discharge_9.2kV_Eco_Oil/MLU#101_CH01_20250820114700.csv,Corona
./Data/0820/void_6.4kV_Eco_Oil/MLU#101_CH01_20250819165800.csv,Void
./Data/0903/new_mtr_surface_3.1kV/MLU#101_CH01_20250902175400.csv,Surface
./Data/250915_to_250916_MTR_NEW_DB_KERI/250915_new_MTR_Normal_1.5kV/MLU#101_CH01_20250915144100.csv,Noise
./Data/0820/corona_discharge_9.2kV_Eco_Oil/MLU#101_CH01_20250820092800.csv,Corona
./Data/0820/normal_state_3.5kV_and_0.0kV/MLU#101_CH01_20250820064800.csv,Noise
./Data/0820/normal_state_3.5kV_and_0.0kV/MLU#101_CH01_20250819221200.csv,Noise
./Data/0903/new_mtr_normal_3.0kv/GLU#101_CH01_20250901193100.csv,Noise
./Data/0820/surface_2.69kV_Eco_Oil/MLU#101_CH01_20250819143000.csv,Surface
./Data/0820/corona_discharge_9.2kV_Eco_Oil/MLU#101_CH01_20250820113500.csv,Corona
./Data/0820/void_6.4kV_Eco_Oil/MLU#101_CH01_20250819170500.csv,Void
./Data/0903/new_mtr_surface_3.1kV/MLU#101_CH01_20250902181600.csv,Surface
./Data/0820/corona_discharge_9.2kV_Eco_Oil/MLU#101_CH01_20250820114200.csv,Corona
./Data/0820/normal_state_3.5kV_and_0.0kV/MLU#101_CH01_20250820013200.csv,Noise
./Data/0820/corona_discharge_9.2kV_Eco_Oil/MLU#101_CH01_20250820105300.csv,Corona
./Data/0903/new_mtr_surface_3.1kV/MLU#101_CH01_20250902184500.csv,Surface
./Data/0820/surface_2.69kV_Eco_Oil/MLU#101_CH01_20250819141700.csv,Surface
./Data/250915_to_250916_MTR_NEW_DB_KERI/250915_new_MTR_void__9.77kV/MLU#101_CH01_20250915160600.csv,Void
./Data/250915_to_250916_MTR_NEW_DB_KERI/250915_new_MTR_turn_to_turn__8.5kV/MLU#101_CH01_20250915173000.csv,Turn_to_Turn
./Data/0820/corona_discharge_9.2kV_Eco_Oil/MLU#101_CH01_20250820124700.csv,Corona
./Data/0820/void_6.4kV_Eco_Oil/MLU#101_CH01_20250819175500.csv,Void
./Data/0820/void_6.4kV_Eco_Oil/MLU#101_CH01_20250819174400.csv,Void
./Data/0820/void_6.4kV_Eco_Oil/MLU#101_CH01_20250819175400.csv,Void
./Data/0820/void_6.4kV_Eco_Oil/MLU#101_CH01_20250819171900.csv,Void
./Data/0903/new_mtr_air_floating_6.10kV/MLU#101_CH01_20250902201300.csv,Floating
./Data/250915_to_250916_MTR_NEW_DB_KERI/250915_new_MTR_void__9.77kV/MLU#101_CH01_20250916115000.csv,Void
./Data/0820/normal_state_3.5kV_and_0.0kV/MLU#101_CH01_20250820010400.csv,Noise
./Data/0820/void_6.4kV_Eco_Oil/MLU#101_CH01_20250819162400.csv,Void
./Data/0820/corona_discharge_9.2kV_Eco_Oil/MLU#101_CH01_20250820092500.csv,Corona
./Data/250915_to_250916_MTR_NEW_DB_KERI/250915_new_MTR_surface__4.5kV/MLU#101_CH01_20250915170300.csv,Surface
./Data/0903/new_mtr_surface_3.1kV/MLU#101_CH01_20250902175200.csv,Surface
./Data/0903/new_mtr_air_floating_6.10kV/MLU#101_CH01_20250902202500.csv,Floating
./Data/0820/surface_2.69kV_Eco_Oil/MLU#101_CH01_20250819142800.csv,Surface
./Data/0820/surface_2.69kV_Eco_Oil/MLU#101_CH01_20250819135600.csv,Surface
./Data/0903/new_mtr_turn to turn_5.2kv/MLU#101_CH01_20250903105400.csv,Void
./Data/250915_to_250916_MTR_NEW_DB_KERI/250915_new_MTR_turn_to_turn__8.5kV/MLU#101_CH01_20250916105900.csv,Turn_to_Turn
./Data/0820/normal_state_3.5kV_and_0.0kV/MLU#101_CH01_20250821133400.csv,Noise
./Data/250915_to_250916_MTR_NEW_DB_KERI/250915_new_MTR_corona_9.5kV/MLU#101_CH01_20250915183400.csv,Corona
./Data/0820/normal_state_3.5kV_and_0.0kV/MLU#101_CH01_20250821134400.csv,Noise
./Data/0820/corona_discharge_9.2kV_Eco_Oil/MLU#101_CH01_20250820123200.csv,Corona
./Data/0820/void_6.4kV_Eco_Oil/MLU#101_CH01_20250819180400.csv,Void
./Data/0820/normal_state_3.5kV_and_0.0kV/MLU#101_CH01_20250820072800.csv,Noise
./Data/0820/corona_discharge_9.2kV_Eco_Oil/MLU#101_CH01_20250820123900.csv,Corona
./Data/250915_to_250916_MTR_NEW_DB_KERI/250915_new_MTR_void__9.77kV/MLU#101_CH01_20250916120500.csv,Void
./Data/250915_to_250916_MTR_NEW_DB_KERI/250915_new_MTR_void__9.77kV/MLU#101_CH01_20250915161700.csv,Void
./Data/0820/normal_state_3.5kV_and_0.0kV/MLU#101_CH01_20250819231500.csv,Noise
./Data/250915_to_250916_MTR_NEW_DB_KERI/250915_new_MTR_void__9.77kV/MLU#101_CH01_20250916123100.csv,Void
./Data/0903/new_mtr_surface_3.1kV/MLU#101_CH01_20250902185300.csv,Surface
./Data/0903/new_mtr_surface_3.1kV/MLU#101_CH01_20250902182300.csv,Surface
./Data/0820/normal_state_3.5kV_and_0.0kV/MLU#101_CH01_20250820043300.csv,Noise
./Data/0820/surface_2.69kV_Eco_Oil/MLU#101_CH01_20250819153400.csv,Surface
./Data/0820/corona_discharge_9.2kV_Eco_Oil/MLU#101_CH01_20250820092000.csv,Corona
./Data/0820/corona_discharge_9.2kV_Eco_Oil/MLU#101_CH01_20250820090900.csv,Corona
./Data/0903/new_mtr_turn to turn_5.2kv/MLU#101_CH01_20250903110200.csv,Void
./Data/0820/normal_state_3.5kV_and_0.0kV/MLU#101_CH01_20250820002100.csv,Noise
./Data/0820/normal_state_3.5kV_and_0.0kV/MLU#101_CH01_20250819233700.csv,Noise
./Data/0820/corona_discharge_9.2kV_Eco_Oil/MLU#101_CH01_20250820092600.csv,Corona
./Data/0820/corona_discharge_9.2kV_Eco_Oil/MLU#101_CH01_20250820120000.csv,Corona
./Data/0820/void_6.4kV_Eco_Oil/MLU#101_CH01_20250819164400.csv,Void
./Data/250915_to_250916_MTR_NEW_DB_KERI/250915_new_MTR_void__9.77kV/MLU#101_CH01_20250916124100.csv,Void
./Data/0820/normal_state_3.5kV_and_0.0kV/MLU#101_CH01_20250820001000.csv,Noise
./Data/0903/new_mtr_surface_3.1kV/MLU#101_CH01_20250902180700.csv,Surface
./Data/250915_to_250916_MTR_NEW_DB_KERI/250915_new_MTR_Normal_1.5kV/MLU#101_CH01_20250915143500.csv,Noise
./Data/0820/void_6.4kV_Eco_Oil/MLU#101_CH01_20250819172000.csv,Void
./Data/0820/normal_state_3.5kV_and_0.0kV/MLU#101_CH01_20250820064900.csv,Noise
./Data/0820/corona_discharge_9.2kV_Eco_Oil/MLU#101_CH01_20250820122700.csv,Corona
./Data/250915_to_250916_MTR_NEW_DB_KERI/250915_new_MTR_void__9.77kV/MLU#101_CH01_20250915160400.csv,Void
./Data/0820/normal_state_3.5kV_and_0.0kV/MLU#101_CH01_20250820001800.csv,Noise
./Data/0820/turn_to_turn_3.5kV_Eco_Oil/MLU#101_CH01_20250819211600.csv,Turn_to_Turn
./Data/0820/normal_state_3.5kV_and_0.0kV/MLU#101_CH01_20250820004200.csv,Noise
./Data/250915_to_250916_MTR_NEW_DB_KERI/250915_new_MTR_void__9.77kV/MLU#101_CH01_20250916113300.csv,Void
./Data/0903/new_mtr_air_floating_6.10kV/MLU#101_CH01_20250902201900.csv,Floating
./Data/0820/corona_discharge_9.2kV_Eco_Oil/MLU#101_CH01_20250820115000.csv,Corona
./Data/0903/new_mtr_air_floating_6.10kV/MLU#101_CH01_20250902201200.csv,Floating
./Data/0820/void_6.4kV_Eco_Oil/MLU#101_CH01_20250819174900.csv,Void
./Data/0820/void_6.4kV_Eco_Oil/MLU#101_CH01_20250819163600.csv,Void
./Data/0820/normal_state_3.5kV_and_0.0kV/MLU#101_CH01_20250821133900.csv,Noise
./Data/250915_to_250916_MTR_NEW_DB_KERI/250915_new_MTR_void__9.77kV/MLU#101_CH01_20250916121800.csv,Void
./Data/0820/void_6.4kV_Eco_Oil/MLU#101_CH01_20250819180500.csv,Void
./Data/0820/surface_2.69kV_Eco_Oil/MLU#101_CH01_20250819152300.csv,Surface
./Data/0820/corona_discharge_9.2kV_Eco_Oil/MLU#101_CH01_20250820093200.csv,Corona
./Data/250915_to_250916_MTR_NEW_DB_KERI/250915_new_MTR_turn_to_turn__8.5kV/MLU#101_CH01_20250915175000.csv,Turn_to_Turn
./Data/0820/corona_discharge_9.2kV_Eco_Oil/MLU#101_CH01_20250820090500.csv,Corona
./Data/0820/turn_to_turn_3.5kV_Eco_Oil/MLU#101_CH01_20250819210900.csv,Turn_to_Turn
./Data/0903/new_mtr_surface_3.1kV/MLU#101_CH01_20250902180400.csv,Surface
./Data/0820/normal_state_3.5kV_and_0.0kV/MLU#101_CH01_20250820015600.csv,Noise
./Data/0820/void_6.4kV_Eco_Oil/MLU#101_CH01_20250819161800.csv,Void
./Data/0820/surface_2.69kV_Eco_Oil/MLU#101_CH01_20250819142900.csv,Surface
./Data/0820/corona_discharge_9.2kV_Eco_Oil/MLU#101_CH01_20250820113300.csv,Corona
./Data/0820/surface_2.69kV_Eco_Oil/MLU#101_CH01_20250819154100.csv,Surface
./Data/0820/normal_state_3.5kV_and_0.0kV/MLU#101_CH01_20250820022600.csv,Noise
./Data/0903/new_mtr_air_floating_6.10kV/MLU#101_CH01_20250902200000.csv,Floating
./Data/0903/new_mtr_surface_3.1kV/MLU#101_CH01_20250902184400.csv,Surface
./Data/0820/void_6.4kV_Eco_Oil/MLU#101_CH01_20250819181500.csv,Void
./Data/0820/normal_state_3.5kV_and_0.0kV/MLU#101_CH01_20250820015000.csv,Noise
./Data/0820/normal_state_3.5kV_and_0.0kV/MLU#101_CH01_20250820133900.csv,Noise
./Data/250915_to_250916_MTR_NEW_DB_KERI/250915_new_MTR_AIR_Floating_6.4kV/MLU#101_CH01_20250915142100.csv,Floating
./Data/0820/normal_state_3.5kV_and_0.0kV/MLU#101_CH01_20250820002400.csv,Noise
./Data/0820/normal_state_3.5kV_and_0.0kV/MLU#101_CH01_20250820035000.csv,Noise
./Data/0820/surface_2.69kV_Eco_Oil/MLU#101_CH01_20250819150600.csv,Surface
./Data/250915_to_250916_MTR_NEW_DB_KERI/250915_new_MTR_AIR_Floating_6.4kV/MLU#101_CH01_20250915142200.csv,Floating
./Data/250915_to_250916_MTR_NEW_DB_KERI/250915_new_MTR_void__9.77kV/MLU#101_CH01_20250915155300.csv,Void
./Data/0820/turn_to_turn_3.5kV_Eco_Oil/MLU#101_CH01_20250819215800.csv,Turn_to_Turn
./Data/0820/normal_state_3.5kV_and_0.0kV/MLU#101_CH01_20250820012300.csv,Noise
./Data/0820/normal_state_3.5kV_and_0.0kV/MLU#101_CH01_20250820022500.csv,Noise
./Data/0820/turn_to_turn_3.5kV_Eco_Oil/MLU#101_CH01_20250819212200.csv,Turn_to_Turn
./Data/250915_to_250916_MTR_NEW_DB_KERI/250915_new_MTR_Normal_1.5kV/MLU#101_CH01_20250915143300.csv,Noise
./Data/0903/new_mtr_surface_3.1kV/MLU#101_CH01_20250902185200.csv,Surface
./Data/0903/new_mtr_air_floating_6.10kV/MLU#101_CH01_20250902202300.csv,Floating
./Data/0820/surface_2.69kV_Eco_Oil/MLU#101_CH01_20250819151900.csv,Surface
./Data/0820/corona_discharge_9.2kV_Eco_Oil/MLU#101_CH01_20250820114100.csv,Corona
./Data/0820/normal_state_3.5kV_and_0.0kV/MLU#101_CH01_20250820021600.csv,Noise
./Data/0820/normal_state_3.5kV_and_0.0kV/MLU#101_CH01_20250820134400.csv,Noise
./Data/0820/normal_state_3.5kV_and_0.0kV/MLU#101_CH01_20250819224200.csv,Noise
./Data/0820/normal_state_3.5kV_and_0.0kV/MLU#101_CH01_20250820035900.csv,Noise
./Data/0820/normal_state_3.5kV_and_0.0kV/MLU#101_CH01_20250820062500.csv,Noise
./Data/250915_to_250916_MTR_NEW_DB_KERI/250915_new_MTR_turn_to_turn__8.5kV/MLU#101_CH01_20250915172300.csv,Turn_to_Turn
./Data/0820/corona_discharge_9.2kV_Eco_Oil/MLU#101_CH01_20250820110000.csv,Corona
./Data/250915_to_250916_MTR_NEW_DB_KERI/250915_new_MTR_turn_to_turn__8.5kV/MLU#101_CH01_20250915173700.csv,Turn_to_Turn
./Data/0903/new_mtr_air_floating_6.10kV/MLU#101_CH01_20250902200100.csv,Floating
./Data/250915_to_250916_MTR_NEW_DB_KERI/250915_new_MTR_corona_9.5kV/MLU#101_CH01_20250915182000.csv,Corona
./Data/0820/normal_state_3.5kV_and_0.0kV/MLU#101_CH01_20250820021300.csv,Noise
./Data/250915_to_250916_MTR_NEW_DB_KERI/250915_new_MTR_turn_to_turn__8.5kV/MLU#101_CH01_20250915171700.csv,Turn_to_Turn
./Data/0903/new_mtr_air_floating_6.10kV/MLU#101_CH01_20250902201600.csv,Floating
./Data/0820/corona_discharge_9.2kV_Eco_Oil/MLU#101_CH01_20250820094500.csv,Corona
./Data/0820/normal_state_3.5kV_and_0.0kV/MLU#101_CH01_20250819222300.csv,Noise
./Data/250915_to_250916_MTR_NEW_DB_KERI/250915_new_MTR_Normal_1.5kV/MLU#101_CH01_20250915143000.csv,Noise
./Data/0820/normal_state_3.5kV_and_0.0kV/MLU#101_CH01_20250819220900.csv,Noise
./Data/0820/normal_state_3.5kV_and_0.0kV/MLU#101_CH01_20250820010100.csv,Noise
./Data/0820/corona_discharge_9.2kV_Eco_Oil/MLU#101_CH01_20250820105500.csv,Corona
./Data/0820/normal_state_3.5kV_and_0.0kV/MLU#101_CH01_20250819234800.csv,Noise
./Data/0820/surface_2.69kV_Eco_Oil/MLU#101_CH01_20250819140500.csv,Surface
./Data/0820/normal_state_3.5kV_and_0.0kV/MLU#101_CH01_20250820051000.csv,Noise
./Data/0820/normal_state_3.5kV_and_0.0kV/MLU#101_CH01_20250820072700.csv,Noise
./Data/0820/normal_state_3.5kV_and_0.0kV/MLU#101_CH01_20250820004100.csv,Noise
./Data/0820/corona_discharge_9.2kV_Eco_Oil/MLU#101_CH01_20250820105900.csv,Corona
./Data/0903/new_mtr_surface_3.1kV/MLU#101_CH01_20250902183100.csv,Surface
./Data/0820/normal_state_3.5kV_and_0.0kV/MLU#101_CH01_20250820061700.csv,Noise
./Data/0820/void_6.4kV_Eco_Oil/MLU#101_CH01_20250819181100.csv,Void
./Data/0820/normal_state_3.5kV_and_0.0kV/MLU#101_CH01_20250820004600.csv,Noise
./Data/0820/void_6.4kV_Eco_Oil/MLU#101_CH01_20250819160700.csv,Void
./Data/0820/void_6.4kV_Eco_Oil/MLU#101_CH01_20250819162200.csv,Void
./Data/0903/new_mtr_surface_3.1kV/MLU#101_CH01_20250902185000.csv,Surface
./Data/0820/normal_state_3.5kV_and_0.0kV/MLU#101_CH01_20250820054100.csv,Noise
./Data/0820/turn_to_turn_3.5kV_Eco_Oil/MLU#101_CH01_20250819212100.csv,Turn_to_Turn
./Data/0820/normal_state_3.5kV_and_0.0kV/MLU#101_CH01_20250820040100.csv,Noise
./Data/0903/new_mtr_surface_3.1kV/MLU#101_CH01_20250902185400.csv,Surface
./Data/0820/surface_2.69kV_Eco_Oil/MLU#101_CH01_20250819145600.csv,Surface
./Data/0820/normal_state_3.5kV_and_0.0kV/MLU#101_CH01_20250819233000.csv,Noise
./Data/0903/new_mtr_turn to turn_5.2kv/MLU#101_CH01_20250903110100.csv,Void
./Data/0903/new_mtr_surface_3.1kV/MLU#101_CH01_20250902184800.csv,Surface
./Data/250915_to_250916_MTR_NEW_DB_KERI/250915_new_MTR_void__9.77kV/MLU#101_CH01_20250916121700.csv,Void
./Data/250915_to_250916_MTR_NEW_DB_KERI/250915_new_MTR_surface__4.5kV/MLU#101_CH01_20250915164500.csv,Surface
./Data/0820/normal_state_3.5kV_and_0.0kV/MLU#101_CH01_20250820021000.csv,Noise
./Data/0903/new_mtr_air_floating_6.10kV/MLU#101_CH01_20250902203800.csv,Floating
./Data/0820/normal_state_3.5kV_and_0.0kV/MLU#101_CH01_20250819233300.csv,Noise
./Data/0820/normal_state_3.5kV_and_0.0kV/MLU#101_CH01_20250820040500.csv,Noise
./Data/250915_to_250916_MTR_NEW_DB_KERI/250915_new_MTR_corona_9.5kV/MLU#101_CH01_20250915181900.csv,Corona
./Data/250915_to_250916_MTR_NEW_DB_KERI/250915_new_MTR_turn_to_turn__8.5kV/MLU#101_CH01_20250915174500.csv,Turn_to_Turn
./Data/0820/void_6.4kV_Eco_Oil/MLU#101_CH01_20250819174300.csv,Void
./Data/0820/normal_state_3.5kV_and_0.0kV/MLU#101_CH01_20250819233100.csv,Noise
./Data/0820/void_6.4kV_Eco_Oil/MLU#101_CH01_20250819181600.csv,Void
./Data/0820/normal_state_3.5kV_and_0.0kV/MLU#101_CH01_20250820020900.csv,Noise
./Data/0820/surface_2.69kV_Eco_Oil/MLU#101_CH01_20250819145900.csv,Surface
./Data/250915_to_250916_MTR_NEW_DB_KERI/250915_new_MTR_void__9.77kV/MLU#101_CH01_20250916122900.csv,Void
./Data/0820/normal_state_3.5kV_and_0.0kV/MLU#101_CH01_20250820012500.csv,Noise
./Data/250915_to_250916_MTR_NEW_DB_KERI/250915_new_MTR_turn_to_turn__8.5kV/MLU#101_CH01_20250915172200.csv,Turn_to_Turn
./Data/0903/new_mtr_surface_3.1kV/MLU#101_CH01_20250902182500.csv,Surface
./Data/250915_to_250916_MTR_NEW_DB_KERI/250915_new_MTR_Normal_1.5kV/MLU#101_CH01_20250915142800.csv,Noise
./Data/0820/surface_2.69kV_Eco_Oil/MLU#101_CH01_20250819150900.csv,Surface
./Data/0820/normal_state_3.5kV_and_0.0kV/MLU#101_CH01_20250820134000.csv,Noise
./Data/0820/normal_state_3.5kV_and_0.0kV/MLU#101_CH01_20250820022400.csv,Noise
./Data/0820/surface_2.69kV_Eco_Oil/MLU#101_CH01_20250819150300.csv,Surface
./Data/0820/void_6.4kV_Eco_Oil/MLU#101_CH01_20250819170400.csv,Void
./Data/0820/turn_to_turn_3.5kV_Eco_Oil/MLU#101_CH01_20250819211900.csv,Turn_to_Turn
./Data/0820/normal_state_3.5kV_and_0.0kV/MLU#101_CH01_20250820074200.csv,Noise
./Data/0903/new_mtr_surface_3.1kV/MLU#101_CH01_20250902184600.csv,Surface
./Data/250915_to_250916_MTR_NEW_DB_KERI/250915_new_MTR_void__9.77kV/MLU#101_CH01_20250916121000.csv,Void
./Data/0820/normal_state_3.5kV_and_0.0kV/MLU#101_CH01_20250820013600.csv,Noise
./Data/0820/normal_state_3.5kV_and_0.0kV/MLU#101_CH01_20250820040300.csv,Noise
./Data/0820/corona_discharge_9.2kV_Eco_Oil/MLU#101_CH01_20250820094200.csv,Corona
./Data/250915_to_250916_MTR_NEW_DB_KERI/250915_new_MTR_Normal_1.5kV/MLU#101_CH01_20250915143400.csv,Noise
./Data/250915_to_250916_MTR_NEW_DB_KERI/250915_new_MTR_AIR_Floating_6.4kV/MLU#101_CH01_20250915141600.csv,Floating
./Data/0820/surface_2.69kV_Eco_Oil/MLU#101_CH01_20250819141200.csv,Surface
./Data/0903/new_mtr_surface_3.1kV/MLU#101_CH01_20250902182400.csv,Surface
./Data/0820/corona_discharge_9.2kV_Eco_Oil/MLU#101_CH01_20250820112000.csv,Corona
./Data/0820/normal_state_3.5kV_and_0.0kV/MLU#101_CH01_20250819225400.csv,Noise
./Data/250915_to_250916_MTR_NEW_DB_KERI/250915_new_MTR_surface__4.5kV/MLU#101_CH01_20250915170900.csv,Surface
./Data/0820/void_6.4kV_Eco_Oil/MLU#101_CH01_20250819174000.csv,Void
./Data/250915_to_250916_MTR_NEW_DB_KERI/250915_new_MTR_turn_to_turn__8.5kV/MLU#101_CH01_20250916104500.csv,Turn_to_Turn
./Data/250915_to_250916_MTR_NEW_DB_KERI/250915_new_MTR_void__9.77kV/MLU#101_CH01_20250916120600.csv,Void
./Data/0820/normal_state_3.5kV_and_0.0kV/MLU#101_CH01_20250819231900.csv,Noise
./Data/250915_to_250916_MTR_NEW_DB_KERI/250915_new_MTR_void__9.77kV/MLU#101_CH01_20250916120100.csv,Void
./Data/0903/new_mtr_surface_3.1kV/MLU#101_CH01_20250902183700.csv,Surface
./Data/250915_to_250916_MTR_NEW_DB_KERI/250915_new_MTR_surface__4.5kV/MLU#101_CH01_20250915165500.csv,Surface
./Data/0820/void_6.4kV_Eco_Oil/MLU#101_CH01_20250819180600.csv,Void
./Data/250915_to_250916_MTR_NEW_DB_KERI/250915_new_MTR_turn_to_turn__8.5kV/MLU#101_CH01_20250916111100.csv,Turn_to_Turn
./Data/0820/normal_state_3.5kV_and_0.0kV/MLU#101_CH01_20250821133800.csv,Noise
./Data/0820/normal_state_3.5kV_and_0.0kV/MLU#101_CH01_20250819235600.csv,Noise
./Data/0820/normal_state_3.5kV_and_0.0kV/MLU#101_CH01_20250819233400.csv,Noise
./Data/250915_to_250916_MTR_NEW_DB_KERI/250915_new_MTR_void__9.77kV/MLU#101_CH01_20250916113800.csv,Void
./Data/0820/void_6.4kV_Eco_Oil/MLU#101_CH01_20250819180800.csv,Void
./Data/250915_to_250916_MTR_NEW_DB_KERI/250915_new_MTR_surface__4.5kV/MLU#101_CH01_20250915170200.csv,Surface
./Data/0820/corona_discharge_9.2kV_Eco_Oil/MLU#101_CH01_20250820110400.csv,Corona
./Data/0903/new_mtr_air_floating_6.10kV/MLU#101_CH01_20250902200800.csv,Floating
./Data/0903/new_mtr_surface_3.1kV/MLU#101_CH01_20250902180300.csv,Surface
./Data/0820/corona_discharge_9.2kV_Eco_Oil/MLU#101_CH01_20250820091400.csv,Corona
./Data/0820/normal_state_3.5kV_and_0.0kV/MLU#101_CH01_20250820040800.csv,Noise
./Data/0820/normal_state_3.5kV_and_0.0kV/MLU#101_CH01_20250820051100.csv,Noise
./Data/0820/normal_state_3.5kV_and_0.0kV/MLU#101_CH01_20250820012400.csv,Noise
./Data/0820/normal_state_3.5kV_and_0.0kV/MLU#101_CH01_20250820052700.csv,Noise
./Data/250915_to_250916_MTR_NEW_DB_KERI/250915_new_MTR_corona_9.5kV/MLU#101_CH01_20250915180800.csv,Corona
./Data/0820/normal_state_3.5kV_and_0.0kV/MLU#101_CH01_20250819231200.csv,Noise
./Data/0820/corona_discharge_9.2kV_Eco_Oil/MLU#101_CH01_20250820093800.csv,Corona
./Data/0820/normal_state_3.5kV_and_0.0kV/MLU#101_CH01_20250820010700.csv,Noise
./Data/250915_to_250916_MTR_NEW_DB_KERI/250915_new_MTR_void__9.77kV/MLU#101_CH01_20250916125000.csv,Void
./Data/0820/corona_discharge_9.2kV_Eco_Oil/MLU#101_CH01_20250820111000.csv,Corona
./Data/0820/corona_discharge_9.2kV_Eco_Oil/MLU#101_CH01_20250820124300.csv,Corona
./Data/0820/normal_state_3.5kV_and_0.0kV/MLU#101_CH01_20250820014800.csv,Noise
./Data/0820/surface_2.69kV_Eco_Oil/MLU#101_CH01_20250819153000.csv,Surface
./Data/0820/surface_2.69kV_Eco_Oil/MLU#101_CH01_20250819145800.csv,Surface
./Data/0820/normal_state_3.5kV_and_0.0kV/MLU#101_CH01_20250819231800.csv,Noise
./Data/0820/normal_state_3.5kV_and_0.0kV/MLU#101_CH01_20250819233200.csv,Noise
./Data/0820/corona_discharge_9.2kV_Eco_Oil/MLU#101_CH01_20250820115400.csv,Corona
./Data/0820/corona_discharge_9.2kV_Eco_Oil/MLU#101_CH01_20250820105200.csv,Corona
./Data/0820/normal_state_3.5kV_and_0.0kV/MLU#101_CH01_20250820063600.csv,Noise
./Data/0820/surface_2.69kV_Eco_Oil/MLU#101_CH01_20250819141800.csv,Surface
./Data/0820/corona_discharge_9.2kV_Eco_Oil/MLU#101_CH01_20250820111700.csv,Corona
./Data/0820/surface_2.69kV_Eco_Oil/MLU#101_CH01_20250819134400.csv,Surface
./Data/0820/normal_state_3.5kV_and_0.0kV/MLU#101_CH01_20250820055500.csv,Noise
./Data/0820/normal_state_3.5kV_and_0.0kV/MLU#101_CH01_20250820005100.csv,Noise
./Data/0820/turn_to_turn_3.5kV_Eco_Oil/MLU#101_CH01_20250819215700.csv,Turn_to_Turn
./Data/0820/normal_state_3.5kV_and_0.0kV/MLU#101_CH01_20250820005600.csv,Noise
./Data/0820/surface_2.69kV_Eco_Oil/MLU#101_CH01_20250819152500.csv,Surface
./Data/0820/corona_discharge_9.2kV_Eco_Oil/MLU#101_CH01_20250820124500.csv,Corona
./Data/0820/normal_state_3.5kV_and_0.0kV/MLU#101_CH01_20250820014300.csv,Noise
./Data/0820/turn_to_turn_3.5kV_Eco_Oil/MLU#101_CH01_20250819210700.csv,Turn_to_Turn
./Data/0903/new_mtr_corona_10.0kV/MLU#101_CH01_20250903095300.csv,Corona
./Data/0820/normal_state_3.5kV_and_0.0kV/MLU#101_CH01_20250820003800.csv,Noise
./Data/0820/surface_2.69kV_Eco_Oil/MLU#101_CH01_20250819135200.csv,Surface
./Data/0820/corona_discharge_9.2kV_Eco_Oil/MLU#101_CH01_20250820090600.csv,Corona
./Data/0820/void_6.4kV_Eco_Oil/MLU#101_CH01_20250819173600.csv,Void
./Data/0820/void_6.4kV_Eco_Oil/MLU#101_CH01_20250819181300.csv,Void
./Data/0820/normal_state_3.5kV_and_0.0kV/MLU#101_CH01_20250820010800.csv,Noise
./Data/250915_to_250916_MTR_NEW_DB_KERI/250915_new_MTR_surface__4.5kV/MLU#101_CH01_20250915164600.csv,Surface
./Data/250915_to_250916_MTR_NEW_DB_KERI/250915_new_MTR_void__9.77kV/MLU#101_CH01_20250916122800.csv,Void
./Data/0820/corona_discharge_9.2kV_Eco_Oil/MLU#101_CH01_20250820104300.csv,Corona
./Data/0820/void_6.4kV_Eco_Oil/MLU#101_CH01_20250819181800.csv,Void
./Data/250915_to_250916_MTR_NEW_DB_KERI/250915_new_MTR_void__9.77kV/MLU#101_CH01_20250916124600.csv,Void
./Data/0820/corona_discharge_9.2kV_Eco_Oil/MLU#101_CH01_20250820104000.csv,Corona
./Data/0820/normal_state_3.5kV_and_0.0kV/MLU#101_CH01_20250820061200.csv,Noise
./Data/0820/normal_state_3.5kV_and_0.0kV/MLU#101_CH01_20250820004800.csv,Noise
./Data/0820/corona_discharge_9.2kV_Eco_Oil/MLU#101_CH01_20250820110700.csv,Corona
./Data/0820/surface_2.69kV_Eco_Oil/MLU#101_CH01_20250819144700.csv,Surface
./Data/0820/normal_state_3.5kV_and_0.0kV/MLU#101_CH01_20250820015200.csv,Noise
./Data/0820/corona_discharge_9.2kV_Eco_Oil/MLU#101_CH01_20250820104200.csv,Corona
./Data/0820/corona_discharge_9.2kV_Eco_Oil/MLU#101_CH01_20250820091900.csv,Corona
./Data/0903/new_mtr_corona_10.0kV/MLU#101_CH01_20250903100200.csv,Corona
./Data/0820/corona_discharge_9.2kV_Eco_Oil/MLU#101_CH01_20250820120200.csv,Corona
./Data/250915_to_250916_MTR_NEW_DB_KERI/250915_new_MTR_void__9.77kV/MLU#101_CH01_20250916112800.csv,Void
./Data/0820/turn_to_turn_3.5kV_Eco_Oil/MLU#101_CH01_20250819211800.csv,Turn_to_Turn
./Data/0820/normal_state_3.5kV_and_0.0kV/MLU#101_CH01_20250820070800.csv,Noise
./Data/0820/normal_state_3.5kV_and_0.0kV/MLU#101_CH01_20250820134200.csv,Noise
./Data/0820/void_6.4kV_Eco_Oil/MLU#101_CH01_20250819161400.csv,Void
./Data/0820/corona_discharge_9.2kV_Eco_Oil/MLU#101_CH01_20250820110900.csv,Corona
./Data/250915_to_250916_MTR_NEW_DB_KERI/250915_new_MTR_surface__4.5kV/MLU#101_CH01_20250915165400.csv,Surface
./Data/0903/new_mtr_surface_3.1kV/MLU#101_CH01_20250902181700.csv,Surface
./Data/0820/normal_state_3.5kV_and_0.0kV/MLU#101_CH01_20250820134700.csv,Noise
./Data/0903/new_mtr_air_floating_6.10kV/MLU#101_CH01_20250902201500.csv,Floating
./Data/0820/normal_state_3.5kV_and_0.0kV/MLU#101_CH01_20250820020200.csv,Noise
./Data/250915_to_250916_MTR_NEW_DB_KERI/250915_new_MTR_turn_to_turn__8.5kV/MLU#101_CH01_20250915173200.csv,Turn_to_Turn
./Data/250915_to_250916_MTR_NEW_DB_KERI/250915_new_MTR_void__9.77kV/MLU#101_CH01_20250915160200.csv,Void
./Data/250915_to_250916_MTR_NEW_DB_KERI/250915_new_MTR_turn_to_turn__8.5kV/MLU#101_CH01_20250916110800.csv,Turn_to_Turn
./Data/250915_to_250916_MTR_NEW_DB_KERI/250915_new_MTR_void__9.77kV/MLU#101_CH01_20250916113600.csv,Void
./Data/250915_to_250916_MTR_NEW_DB_KERI/250915_new_MTR_void__9.77kV/MLU#101_CH01_20250916125700.csv,Void
./Data/0820/surface_2.69kV_Eco_Oil/MLU#101_CH01_20250819150800.csv,Surface
./Data/0820/normal_state_3.5kV_and_0.0kV/MLU#101_CH01_20250820073700.csv,Noise
./Data/0820/normal_state_3.5kV_and_0.0kV/MLU#101_CH01_20250820052500.csv,Noise
./Data/0820/corona_discharge_9.2kV_Eco_Oil/MLU#101_CH01_20250820114000.csv,Corona
./Data/0820/normal_state_3.5kV_and_0.0kV/MLU#101_CH01_20250819234900.csv,Noise
./Data/0820/turn_to_turn_3.5kV_Eco_Oil/MLU#101_CH01_20250819213600.csv,Turn_to_Turn
./Data/0903/new_mtr_normal_3.0kv/MLU#101_CH01_20250903091700.csv,Noise
./Data/0903/new_mtr_air_floating_6.10kV/MLU#101_CH01_20250902203900.csv,Floating
./Data/0820/normal_state_3.5kV_and_0.0kV/MLU#101_CH01_20250820064300.csv,Noise
./Data/0820/normal_state_3.5kV_and_0.0kV/MLU#101_CH01_20250821134100.csv,Noise
./Data/0820/turn_to_turn_3.5kV_Eco_Oil/MLU#101_CH01_20250819214200.csv,Turn_to_Turn
./Data/250915_to_250916_MTR_NEW_DB_KERI/250915_new_MTR_void__9.77kV/MLU#101_CH01_20250915161100.csv,Void
./Data/250915_to_250916_MTR_NEW_DB_KERI/250915_new_MTR_AIR_Floating_6.4kV/MLU#101_CH01_20250915142400.csv,Floating
./Data/0820/corona_discharge_9.2kV_Eco_Oil/MLU#101_CH01_20250820093100.csv,Corona
./Data/250915_to_250916_MTR_NEW_DB_KERI/250915_new_MTR_surface__4.5kV/MLU#101_CH01_20250915164200.csv,Surface
./Data/0820/corona_discharge_9.2kV_Eco_Oil/MLU#101_CH01_20250820105600.csv,Corona
./Data/0820/normal_state_3.5kV_and_0.0kV/MLU#101_CH01_20250820003400.csv,Noise
./Data/0820/void_6.4kV_Eco_Oil/MLU#101_CH01_20250819180000.csv,Void
./Data/250915_to_250916_MTR_NEW_DB_KERI/250915_new_MTR_void__9.77kV/MLU#101_CH01_20250916130900.csv,Void
./Data/0820/corona_discharge_9.2kV_Eco_Oil/MLU#101_CH01_20250820121200.csv,Corona
./Data/250915_to_250916_MTR_NEW_DB_KERI/250915_new_MTR_void__9.77kV/MLU#101_CH01_20250915161400.csv,Void
./Data/0820/normal_state_3.5kV_and_0.0kV/MLU#101_CH01_20250819224000.csv,Noise
./Data/250915_to_250916_MTR_NEW_DB_KERI/250915_new_MTR_corona_9.5kV/MLU#101_CH01_20250915181300.csv,Corona
./Data/0820/corona_discharge_9.2kV_Eco_Oil/MLU#101_CH01_20250820124200.csv,Corona
./Data/250915_to_250916_MTR_NEW_DB_KERI/250915_new_MTR_turn_to_turn__8.5kV/MLU#101_CH01_20250915174400.csv,Turn_to_Turn
./Data/0820/normal_state_3.5kV_and_0.0kV/MLU#101_CH01_20250820015700.csv,Noise
./Data/250915_to_250916_MTR_NEW_DB_KERI/250915_new_MTR_surface__4.5kV/MLU#101_CH01_20250915165300.csv,Surface
./Data/0903/new_mtr_surface_3.1kV/MLU#101_CH01_20250902182100.csv,Surface
./Data/0820/corona_discharge_9.2kV_Eco_Oil/MLU#101_CH01_20250820115300.csv,Corona
./Data/250915_to_250916_MTR_NEW_DB_KERI/250915_new_MTR_void__9.77kV/MLU#101_CH01_20250916115200.csv,Void
./Data/0820/corona_discharge_9.2kV_Eco_Oil/MLU#101_CH01_20250820121400.csv,Corona
./Data/0820/normal_state_3.5kV_and_0.0kV/MLU#101_CH01_20250819223600.csv,Noise
./Data/0820/surface_2.69kV_Eco_Oil/MLU#101_CH01_20250819134900.csv,Surface
./Data/0820/normal_state_3.5kV_and_0.0kV/MLU#101_CH01_20250819235900.csv,Noise
./Data/0820/normal_state_3.5kV_and_0.0kV/MLU#101_CH01_20250820003500.csv,Noise
./Data/0820/normal_state_3.5kV_and_0.0kV/MLU#101_CH01_20250820035200.csv,Noise
./Data/250915_to_250916_MTR_NEW_DB_KERI/250915_new_MTR_surface__4.5kV/MLU#101_CH01_20250915165700.csv,Surface
./Data/0903/new_mtr_air_floating_6.10kV/MLU#101_CH01_20250902202200.csv,Floating
./Data/0820/corona_discharge_9.2kV_Eco_Oil/MLU#101_CH01_20250820104800.csv,Corona
./Data/0820/turn_to_turn_3.5kV_Eco_Oil/MLU#101_CH01_20250819212500.csv,Turn_to_Turn
./Data/0820/normal_state_3.5kV_and_0.0kV/MLU#101_CH01_20250820015100.csv,Noise
./Data/0903/new_mtr_corona_10.0kV/MLU#101_CH01_20250903095000.csv,Corona
./Data/0820/void_6.4kV_Eco_Oil/MLU#101_CH01_20250819164200.csv,Void
./Data/0820/surface_2.69kV_Eco_Oil/MLU#101_CH01_20250819135100.csv,Surface
./Data/0820/corona_discharge_9.2kV_Eco_Oil/MLU#101_CH01_20250820125700.csv,Corona
./Data/250915_to_250916_MTR_NEW_DB_KERI/250915_new_MTR_turn_to_turn__8.5kV/MLU#101_CH01_20250915174300.csv,Turn_to_Turn
./Data/0903/new_mtr_air_floating_6.10kV/MLU#101_CH01_20250902204300.csv,Floating
./Data/250915_to_250916_MTR_NEW_DB_KERI/250915_new_MTR_void__9.77kV/MLU#101_CH01_20250916121200.csv,Void
./Data/0820/surface_2.69kV_Eco_Oil/MLU#101_CH01_20250819145400.csv,Surface
./Data/250915_to_250916_MTR_NEW_DB_KERI/250915_new_MTR_void__9.77kV/MLU#101_CH01_20250916124000.csv,Void
./Data/0903/new_mtr_void_6.5kV/MLU#101_CH01_20250903103500.csv,Void
./Data/0820/void_6.4kV_Eco_Oil/MLU#101_CH01_20250819161500.csv,Void
./Data/0903/new_mtr_air_floating_6.10kV/MLU#101_CH01_20250902202600.csv,Floating
./Data/0820/corona_discharge_9.2kV_Eco_Oil/MLU#101_CH01_20250820110300.csv,Corona
./Data/0820/normal_state_3.5kV_and_0.0kV/MLU#101_CH01_20250820010300.csv,Noise
./Data/0820/void_6.4kV_Eco_Oil/MLU#101_CH01_20250819181400.csv,Void
./Data/0820/normal_state_3.5kV_and_0.0kV/MLU#101_CH01_20250819224500.csv,Noise
./Data/0820/surface_2.69kV_Eco_Oil/MLU#101_CH01_20250819134500.csv,Surface
./Data/0820/normal_state_3.5kV_and_0.0kV/MLU#101_CH01_20250819230500.csv,Noise
./Data/0820/corona_discharge_9.2kV_Eco_Oil/MLU#101_CH01_20250820093000.csv,Corona
./Data/0820/normal_state_3.5kV_and_0.0kV/MLU#101_CH01_20250819221700.csv,Noise
./Data/250915_to_250916_MTR_NEW_DB_KERI/250915_new_MTR_AIR_Floating_6.4kV/MLU#101_CH01_20250915140700.csv,Floating
./Data/0820/normal_state_3.5kV_and_0.0kV/MLU#101_CH01_20250820013900.csv,Noise
./Data/0820/corona_discharge_9.2kV_Eco_Oil/MLU#101_CH01_20250820111900.csv,Corona
./Data/0820/turn_to_turn_3.5kV_Eco_Oil/MLU#101_CH01_20250819211200.csv,Turn_to_Turn
./Data/0820/normal_state_3.5kV_and_0.0kV/MLU#101_CH01_20250820005200.csv,Noise
./Data/250915_to_250916_MTR_NEW_DB_KERI/250915_new_MTR_Normal_1.5kV/MLU#101_CH01_20250915143700.csv,Noise
./Data/0820/void_6.4kV_Eco_Oil/MLU#101_CH01_20250819165500.csv,Void
./Data/0820/corona_discharge_9.2kV_Eco_Oil/MLU#101_CH01_20250820122300.csv,Corona
./Data/250915_to_250916_MTR_NEW_DB_KERI/250915_new_MTR_turn_to_turn__8.5kV/MLU#101_CH01_20250916104300.csv,Turn_to_Turn
./Data/0903/new_mtr_air_floating_6.10kV/MLU#101_CH01_20250902203300.csv,Floating
./Data/250915_to_250916_MTR_NEW_DB_KERI/250915_new_MTR_corona_9.5kV/MLU#101_CH01_20250915183300.csv,Corona
./Data/0820/normal_state_3.5kV_and_0.0kV/MLU#101_CH01_20250820003300.csv,Noise
./Data/250915_to_250916_MTR_NEW_DB_KERI/250915_new_MTR_turn_to_turn__8.5kV/MLU#101_CH01_20250916104900.csv,Turn_to_Turn
./Data/0820/normal_state_3.5kV_and_0.0kV/MLU#101_CH01_20250819235300.csv,Noise
./Data/0820/normal_state_3.5kV_and_0.0kV/MLU#101_CH01_20250820051900.csv,Noise
./Data/250915_to_250916_MTR_NEW_DB_KERI/250915_new_MTR_void__9.77kV/MLU#101_CH01_20250916130800.csv,Void
./Data/0820/corona_discharge_9.2kV_Eco_Oil/MLU#101_CH01_20250820090100.csv,Corona
./Data/250915_to_250916_MTR_NEW_DB_KERI/250915_new_MTR_void__9.77kV/MLU#101_CH01_20250916130100.csv,Void
./Data/0820/corona_discharge_9.2kV_Eco_Oil/MLU#101_CH01_20250820113000.csv,Corona
./Data/0903/new_mtr_surface_3.1kV/MLU#101_CH01_20250902182000.csv,Surface
./Data/0820/void_6.4kV_Eco_Oil/MLU#101_CH01_20250819170900.csv,Void
./Data/0820/normal_state_3.5kV_and_0.0kV/MLU#101_CH01_20250819233800.csv,Noise
./Data/0903/new_mtr_corona_10.0kV/MLU#101_CH01_20250903094700.csv,Corona
./Data/250915_to_250916_MTR_NEW_DB_KERI/250915_new_MTR_void__9.77kV/MLU#101_CH01_20250916112900.csv,Void
./Data/0820/normal_state_3.5kV_and_0.0kV/MLU#101_CH01_20250820022000.csv,Noise
./Data/250915_to_250916_MTR_NEW_DB_KERI/250915_new_MTR_Normal_1.5kV/MLU#101_CH01_20250915143200.csv,Noise
./Data/0903/new_mtr_surface_3.1kV/MLU#101_CH01_20250902182600.csv,Surface
./Data/0820/normal_state_3.5kV_and_0.0kV/MLU#101_CH01_20250820013300.csv,Noise
./Data/0820/normal_state_3.5kV_and_0.0kV/MLU#101_CH01_20250820014000.csv,Noise
./Data/0820/normal_state_3.5kV_and_0.0kV/MLU#101_CH01_20250820052400.csv,Noise
./Data/0820/normal_state_3.5kV_and_0.0kV/MLU#101_CH01_20250820052000.csv,Noise
./Data/0820/void_6.4kV_Eco_Oil/MLU#101_CH01_20250819173900.csv,Void
./Data/0820/normal_state_3.5kV_and_0.0kV/MLU#101_CH01_20250820053600.csv,Noise
