seed,rule,val_auroc,val_macro_f1,test_auroc,test_macro_f1,test_missed_pd,test_false_alarms
42,mean,0.9868,0.9612,0.8532,0.7179,18,43
42,median,0.9714,0.925,0.8362,0.7428,30,20
42,max,0.9311,0.8421,0.7848,0.6196,8,79
42,min,0.9158,0.8147,0.8277,0.7406,22,32
42,p90,0.9458,0.8593,0.8166,0.7591,34,10
42,count>=1_PD_windows,0.7516,0.6652,0.5942,0.4312,0,125
42,count>=3_PD_windows,0.8191,0.7575,0.6784,0.5697,1,97
42,count>=5_PD_windows,0.8224,0.7617,0.668,0.5759,5,92
42,count>=8_PD_windows,0.8671,0.8273,0.7194,0.6575,8,70
43,mean,0.9578,0.8995,0.8723,0.8457,20,10
43,median,0.9524,0.8809,0.8669,0.8297,25,7
43,max,0.8663,0.8176,0.7997,0.6764,11,62
43,min,0.9104,0.8263,0.8336,0.7595,23,26
43,p90,0.8631,0.8393,0.8135,0.597,13,79
43,count>=1_PD_windows,0.6903,0.5806,0.5552,0.3607,0,137
43,count>=3_PD_windows,0.7323,0.6391,0.5942,0.4312,0,125
43,count>=5_PD_windows,0.7516,0.6652,0.6201,0.4746,0,117
43,count>=8_PD_windows,0.7903,0.7162,0.6394,0.5118,1,109
44,mean,0.9586,0.9012,0.8164,0.7265,30,24
44,median,0.948,0.8725,0.8268,0.7446,33,15
44,max,0.9071,0.8398,0.7855,0.6464,13,67
44,min,0.9365,0.8622,0.828,0.6981,21,44
44,p90,0.8735,0.8497,0.7941,0.6023,9,82
44,count>=1_PD_windows,0.7129,0.6125,0.5649,0.379,0,134
44,count>=3_PD_windows,0.7516,0.6652,0.5974,0.4368,0,124
44,count>=5_PD_windows,0.7742,0.6951,0.6266,0.4851,0,115
44,count>=8_PD_windows,0.8032,0.733,0.6591,0.5355,0,105
