date,files,n_pd,errors,missed_pd,false_alarms,error_rate
20250217,32,0,20,0,20,0.625
20250213,24,0,12,0,12,0.5
20220427,17,17,7,7,0,0.4117647058823529
20231023,6,6,5,5,0,0.8333333333333334
20250211,10,0,3,0,3,0.3
20210605,12,12,3,3,0,0.25
20230922,8,0,2,0,2,0.25
20250216,3,0,2,0,2,0.6666666666666666
20230902,8,0,1,0,1,0.125
20190327,1,1,1,1,0,1.0
20190403,1,1,1,1,0,1.0
20230903,3,0,1,0,1,0.3333333333333333
20250205,17,0,1,0,1,0.058823529411764705
20231002,3,2,1,0,1,0.3333333333333333
20210221,1,1,1,1,0,1.0
20210104,5,5,0,0,0,0.0
20230501,1,1,0,0,0,0.0
20230404,3,3,0,0,0,0.0
20220506,3,3,0,0,0,0.0
20230915,5,0,0,0,0,0.0
20230913,3,0,0,0,0,0.0
20230912,5,0,0,0,0,0.0
20230908,3,0,0,0,0,0.0
20230503,1,1,0,0,0,0.0
20230409,2,2,0,0,0,0.0
20230426,1,1,0,0,0,0.0
20230923,1,0,0,0,0,0.0
20231010,4,0,0,0,0,0.0
20231007,9,9,0,0,0,0.0
20231003,1,0,0,0,0,0.0
20230930,8,8,0,0,0,0.0
20230927,2,0,0,0,0,0.0
20230928,1,0,0,0,0,0.0
20250206,23,0,0,0,0,0.0
20231107,2,2,0,0,0,0.0
