sample_id,window_idx,cls,label,date,error_kind,pd_nn_domain_Lab_frac,pd_nn_top_label,pd_nn_top_sample,pd_nn_dist,noise_nn_domain_Lab_frac,noise_nn_top_label,noise_nn_top_sample,noise_nn_dist
004be058f7d6cfed,6,PD,Floating,20210104,correct,0.0,Floating,8e011532245f68f8,2.3442402,0.2,Noise,612efabdd9384cdf,3.873083
024cdb882b83a2c3,13,Noise,Noise,20250213,correct,1.0,Floating,f66ffc03158596c5,1.476532,0.2,Noise,87251036db8864f4,1.4397721
032d431664ff8ea2,5,PD,Floating,20230404,correct,0.4,Floating,fb911893426bb01b,2.1943512,0.0,Noise,f3a37a5d9d270c7e,4.23748
037f56d1bca43e38,5,PD,Void,20220427,correct,0.6,Void,7b258fb0bc962e5d,1.7732487,0.0,Noise,cef70fcafdfb19e2,1.9921217
046ede97f504cf9d,26,Noise,Noise,20250216,false alarm,0.6,Void,777b67bb306eab62,1.8848,0.0,Noise,0ed0546f71d3eb27,1.6994591
04e05c07fb8b350f,9,PD,Void,20210605,missed PD,0.6,Floating,47c30b811b464969,1.4706497,0.0,Noise,8679af098091053f,1.560049
067f7f855f8da133,0,PD,Void,20220506,correct,0.2,Void,95ea5bfcd4dc5e5f,1.6165972,0.4,Noise,34e3d09785a517cf,1.8800678
06deab1f1f50d547,10,PD,Floating,20190327,missed PD,0.8,Floating,ddd6b93098db874e,4.0392904,0.2,Noise,e5c198adc8ace590,4.418211
0795643c81579511,25,Noise,Noise,20250205,correct,0.6,Void,3c76b557024bb3c1,1.7415352,0.0,Noise,2408071a43a7de94,2.0677824
081b46dee4d9d3a3,11,Noise,Noise,20250205,correct,0.6,Floating,45472d513dd2ed3f,1.3999958,0.0,Noise,c7b61b5a6341a8b4,1.4048734
09a2b449dcf8c31d,20,Noise,Noise,20250217,correct,0.6,Corona,695cb79c1af21c11,1.3677244,0.2,Noise,d2624f487e0e96f2,1.6260548
0c9ec1c3341e3b3a,16,Noise,Noise,20250217,false alarm,0.4,Floating,22342b245a3c574b,2.485258,0.2,Noise,a1967c91c314aac1,1.9808941
0ce0679a25c67faf,24,Noise,Noise,20250211,false alarm,0.8,Void,3f4d0e9391be5893,2.1117134,0.2,Noise,d8ba1045b2fa0d94,1.7043533
0dfac41eb1b50eae,16,PD,Corona,20231023,missed PD,1.0,Corona,643765f89e64851c,3.118143,0.0,Noise,ed0a1b4f01b3ce0b,3.4982586
0e983cce5500899f,27,Noise,Noise,20250205,correct,0.8,Void,6fbe6d583ab20836,1.3870192,0.2,Noise,c4c5422115a79551,1.4942217
110b22cc2958ea65,0,Noise,Noise,20230922,correct,1.0,Void,7438f8b5ee571fd8,2.2400131,0.0,Noise,002471f3fcbacb0f,2.4817562
11134be3bde0d983,13,PD,Floating,20190403,missed PD,0.6,Void,b10b00f2d3b19e02,1.8765736,0.2,Noise,fddc90ee481e96d6,2.2159634
1272b04e719f1ff9,3,Noise,Noise,20230922,false alarm,0.4,Void,3870703b4979ab20,2.3505907,0.0,Noise,10d8fbeb6f34644d,2.2234936
13867283b37292d3,3,PD,Void,20230930,correct,0.0,Void,4ead9a81ad5b37f2,1.7135038,0.2,Noise,15819c9c849cda84,2.7208538
139889ea6dfb8c2d,15,Noise,Noise,20230912,correct,1.0,Void,12a7e707abb57191,3.9272738,0.0,Noise,d517ed9f54bd4404,3.6000977
13c1077fa4596fd2,27,PD,Void,20220427,missed PD,0.0,Void,fbf1e90ec939d0c1,1.6766624,0.6,Noise,980778740f04a540,1.7814598
15aedeff93d9a733,6,PD,Void,20230930,correct,0.0,Void,82f3fd66221f109e,1.7148638,0.0,Noise,15819c9c849cda84,2.827797
15fbb9e3831e3d7e,19,Noise,Noise,20230903,correct,1.0,Void,e2c8d6d4c8253315,3.285262,0.2,Noise,8732ee3d359509bd,2.7916489
16c35fda6602cfb7,16,PD,Void,20220506,correct,0.4,Void,ee3bcc1bd65ca546,1.7733078,0.6,Noise,3b2df06d87c9570b,1.9625721
1a291312b6136adb,23,PD,Void,20231007,correct,0.0,Void,deabae23813099d4,1.7525473,0.0,Noise,e6f4b9f433c6eb66,2.8480148
1c58a524c71b6390,7,Noise,Noise,20230922,correct,0.4,Floating,3d8f779967dbb03c,3.6885014,0.2,Noise,0e3ef95345288e4f,3.9063187
1faf2ca8e4c5418e,5,Noise,Noise,20250211,correct,1.0,Floating,e15971d07fa4204b,1.509573,0.4,Noise,7692f19b2866e0d6,1.8274727
21008b2081f01c87,25,PD,Void,20230930,correct,0.4,Void,cd44ebca63e48b87,1.6462536,0.4,Noise,ee576470e71c66a1,2.8288078
21ad5d1589f0c279,5,PD,Void,20210605,missed PD,0.2,Void,49b76579dac633c4,1.5775156,0.0,Noise,db07554a279e215c,1.733511
24362295e2d4f83e,18,Noise,Noise,20230902,correct,1.0,Void,58df0eb557fec0ed,2.2199945,0.0,Noise,0ed0546f71d3eb27,2.404582
2547ff64b3d9fec9,27,Noise,Noise,20230915,correct,1.0,Void,18fbd1417747e498,2.9316149,0.2,Noise,6a4a3c4f95e0ef4c,2.860218
257eb7545b5a8dbc,4,Noise,Noise,20250217,correct,0.8,Void,eb18a05b7a3cd22e,1.5709429,0.2,Noise,5ac930c22962359d,1.7402163
2752b3641a535ab7,24,Noise,Noise,20250205,correct,0.8,Void,3f4d0e9391be5893,1.7443562,0.0,Noise,3d5f47a3ac17f5af,1.8680239
2a633c9a0158d5fc,8,PD,Void,20210605,correct,0.8,Floating,569c558e0fb839ca,2.092432,0.4,Noise,3d5f47a3ac17f5af,2.6414013
2a7da90dbdaff44f,11,Noise,Noise,20250217,false alarm,1.0,Corona,d8936c6f1ab2fb68,1.562479,0.0,Noise,1c3ea257bad89bc0,1.410819
2a8f40085d19e769,15,PD,Corona,20231023,correct,0.8,Corona,d0ce47e95838b3a0,2.5457754,0.0,Noise,d3349fccd2ba0462,3.1657934
2aa84b77d3de89cb,8,Noise,Noise,20230913,correct,1.0,Corona,2efaa434169b3160,3.1397152,0.0,Noise,8efaad829f841383,2.5039005
2ac8218d90bf5997,7,PD,Floating,20230503,correct,0.6,Floating,2a217634b5ec14b5,2.3510132,0.4,Noise,ee0663a1cd6db404,3.1068325
2ad34cc162187c6e,22,Noise,Noise,20250206,correct,0.6,Floating,47c30b811b464969,1.4621696,0.0,Noise,c7b61b5a6341a8b4,1.4121494
2b67d0b613393ab2,17,PD,Floating,20210605,correct,0.8,Floating,8f1d410e5c76829a,1.498745,0.0,Noise,612efabdd9384cdf,1.8895493
2bbf9c043359d406,3,Noise,Noise,20230913,correct,1.0,Void,a17d4adc0d05d2a7,3.450592,0.0,Noise,8efaad829f841383,2.8408413
2c1f324981b5fc3e,2,Noise,Noise,20250213,false alarm,0.6,Floating,f177b8ba659011f2,3.1734715,0.2,Noise,a1967c91c314aac1,2.8756742
2f7468dacaa7a2ef,14,Noise,Noise,20250206,correct,1.0,Corona,2f66eca5cc60254a,1.7850876,0.0,Noise,f376fda8b7389c01,2.1407394
2f7ac09fd69dffdd,26,PD,Void,20210605,correct,0.8,Floating,597e085f7dfb8fd9,1.527956,0.2,Noise,8e6c4cfe5a52c50c,1.9891663
2fa550bc18238a5e,15,PD,Void,20220427,correct,0.4,Void,30e411692f6d3b54,1.9398785,0.2,Noise,17c73f78609ee931,2.433343
31a37eaa38c9e393,21,Noise,Noise,20250206,correct,1.0,Void,0e3d53516eb2091b,2.190157,0.4,Noise,cfd86d4c1fd911b9,2.551773
31b5860d5bc8b3f7,0,Noise,Noise,20250213,correct,0.6,Floating,47c30b811b464969,1.4621725,0.0,Noise,c7b61b5a6341a8b4,1.4114952
330b09ef5d9a5309,16,Noise,Noise,20230902,correct,1.0,Void,3bf07e09d420562f,3.5489407,0.0,Noise,8a0346388477f2cc,3.8785143
33a18ecef525143b,9,Noise,Noise,20250213,false alarm,0.2,Void,0e16e7df1f1be307,2.132656,0.0,Noise,c699d61525b57d35,1.9078646
3619a430ccc2c3c8,23,Noise,Noise,20250211,correct,0.2,Void,8ec2298ceb4d9609,1.7073364,0.0,Noise,06da8eeede77219d,2.1017323
3659f9824d1dc3eb,21,Noise,Noise,20230902,correct,0.2,Void,0e16e7df1f1be307,3.3349,0.0,Noise,89475594ea35c1fa,2.8468513
369c81711e4c806a,13,Noise,Noise,20230915,correct,0.2,Corona,b5f943034e73376a,2.2086706,0.0,Noise,794a2ad451a34528,1.9491396
37272aff09615ecc,5,Noise,Noise,20250211,correct,1.0,Corona,06c768d8a6c20a83,1.5047188,0.4,Noise,c434023e4935750e,1.618886
37c3891d862b2ba4,3,PD,Void,20220427,missed PD,0.8,Void,997c16d4dc6bc25d,1.5541096,0.6,Noise,e8ce4c9e92730004,1.7030439
38343be2c3a11b15,13,Noise,Noise,20250205,correct,0.8,Void,6516e0fed01f6611,2.1107512,0.0,Noise,cef70fcafdfb19e2,2.2055168
394729747bed9865,13,PD,Void,20231002,correct,0.0,Void,80a5d95ff5236a11,1.8710546,0.2,Noise,4ec63814ddd8c1aa,3.0642633
39b07f6589673f75,25,PD,Void,20220427,correct,0.2,Void,103679f6b843f102,1.6578016,0.2,Noise,cd6e88a4bef5d029,1.8783503
39f25e73161ae770,25,PD,Void,20220427,missed PD,0.8,Void,1bf3f336e17f05e8,1.4751415,0.6,Noise,387d56c59ea0b5bb,1.607625
3a5d596a1c29021f,2,Noise,Noise,20250217,false alarm,1.0,Void,49dd32e2be6bbea3,2.501831,0.0,Noise,7da44ed9e33ea63d,2.348816
3af13d6d1dc3fbfd,21,Noise,Noise,20250217,correct,0.8,Corona,22342b245a3c574b,1.4584017,0.0,Noise,a586e512e869d022,1.7429819
3b06970b18ad4091,21,Noise,Noise,20250206,correct,1.0,Corona,433048a2e39e527d,1.7298307,0.0,Noise,3159feac5c2f8438,1.7219391
3d08f8a7c24afebc,1,PD,Floating,20210104,correct,0.2,Floating,67f73c24ad8df22e,2.5586452,0.4,Noise,ed3bb813b41b209c,3.8945866
3d621cbe15953fc5,4,Noise,Noise,20250217,false alarm,0.8,Floating,492ee647848233c0,1.5337029,0.4,Noise,85f47db08bec6970,1.4449186
3fadd4430948ee99,10,Noise,Noise,20250217,false alarm,0.8,Floating,fef636810fa49fe7,2.1347466,0.0,Noise,2a3c657bfe0bd66e,1.7721391
408ccf82bb98ef4c,21,Noise,Noise,20250206,correct,0.8,Floating,674a87bb7585709b,1.6971893,0.2,Noise,e2b4eab8ea8e0ee4,1.7057018
40d1f9a8a0a99d15,16,PD,Void,20220427,correct,0.0,Void,103679f6b843f102,1.630106,0.2,Noise,e43e4896fbb34396,1.8996019
42fcace35e22c023,23,Noise,Noise,20250205,correct,1.0,Void,12a7e707abb57191,2.598506,0.0,Noise,7da44ed9e33ea63d,2.8005352
43b245550a9410d4,12,PD,Void,20210605,correct,1.0,Floating,db6d6cfe9cff2a46,1.6244698,0.0,Noise,612efabdd9384cdf,1.9745207
44c7839381042f32,5,PD,Floating,20230404,correct,0.8,Floating,477a67a894bb9431,2.1245403,0.0,Noise,c7b61b5a6341a8b4,2.9354153
44cbf0c3ea019f72,16,Noise,Noise,20250217,false alarm,0.6,Floating,47c30b811b464969,1.4622154,0.2,Noise,ed99465fa85c4cac,1.4194279
450d6b71024d10ab,8,Noise,Noise,20250213,correct,1.0,Void,1f1e1e1e47dd32bb,2.7104435,0.2,Noise,e2ea9b277c965b09,3.1623926
47694a3c9e2347eb,19,Noise,Noise,20250206,correct,0.8,Void,f03f804b8aa17d3a,1.4796295,0.0,Noise,29113acdf8fb777b,1.5371628
47b46b6b550a79e7,4,PD,Floating,20230409,correct,0.2,Floating,17a2f9d69087ac22,2.2948332,0.0,Noise,f3a37a5d9d270c7e,4.560751
4887abdd51d29d30,6,PD,Void,20220427,missed PD,0.8,Void,35bb54207db664d7,1.5976954,0.2,Noise,a2a8ca443d6c0b0d,1.7264595
4900eba010a76395,14,Noise,Noise,20250206,correct,0.6,Floating,3c323291969e447d,1.4897509,0.2,Noise,3d5f47a3ac17f5af,1.458188
496798b8a8ead9a4,14,Noise,Noise,20250206,correct,1.0,Corona,3f021f4e26ad465b,1.6269493,0.2,Noise,e2b4eab8ea8e0ee4,1.9892282
496eb91d6b42fcfd,22,PD,Particle,20220427,correct,0.8,Void,0437970ae6b4cf56,1.8564854,0.0,Noise,8a0346388477f2cc,2.6595573
49dbb7fa94387772,22,Noise,Noise,20250217,correct,1.0,Particle,a6598ad280665e81,1.5065241,0.0,Noise,1c3ea257bad89bc0,1.7748995
4a8764757979c52e,27,Noise,Noise,20250213,false alarm,0.6,Floating,22342b245a3c574b,2.74689,0.4,Noise,bd8e66770087f5de,2.6127462
4bd71b8132ae9d8f,24,Noise,Noise,20250213,correct,0.8,Void,6e7c043aa521bc87,1.5416985,0.2,Noise,6247747551c39f55,1.6738739
4e235266804b0122,5,PD,Void,20230930,correct,0.2,Void,866d9c8ec5bd18e2,1.7441502,0.0,Noise,00735a963743eb60,2.7922049
4f3a6d8354141c6e,25,Noise,Noise,20250217,false alarm,0.8,Floating,01107ea4ea9402b2,1.6354189,0.2,Noise,f0ff90efd4670b13,1.4525013
4ff1bcc0b36802b6,2,PD,Void,20231107,correct,0.0,Void,82f3fd66221f109e,1.880374,0.0,Noise,a5963026bb601f29,2.9322815
509f451ae08eb0ca,11,Noise,Noise,20250205,correct,0.6,Floating,45472d513dd2ed3f,1.4022274,0.0,Noise,c7b61b5a6341a8b4,1.4051561
5273da37c0de2d05,26,Noise,Noise,20230922,false alarm,1.0,Void,3e5e6f0f3928f8a6,2.5792208,0.0,Noise,f47e8daf6678a080,2.1853447
5377bde8fd533872,18,PD,Void,20220427,missed PD,1.0,Floating,30e411692f6d3b54,1.5086164,0.4,Noise,fc4d392f0514ce88,1.6375675
54384379676245aa,20,PD,Void,20210605,correct,0.8,Floating,5b15a6f9eac98a06,1.6523113,0.2,Noise,ee0663a1cd6db404,1.8917027
55c4b04d8e24fdee,0,Noise,Noise,20230908,correct,0.8,Corona,7d3c44a9863da386,2.50113,0.0,Noise,a5963026bb601f29,2.5898132
589dd62c9fa95b32,4,Noise,Noise,20250213,false alarm,0.8,Floating,1e76a9b7805f6fe1,1.9915237,0.2,Noise,989a06a3795716d4,1.9184227
58cb2776f8413d7d,21,Noise,Noise,20250206,correct,1.0,Void,e15971d07fa4204b,1.484746,0.0,Noise,9b5fbc4dd191b6c9,1.9317074
59cfb38d28da6696,10,Noise,Noise,20250217,false alarm,1.0,Particle,19b90cd81231f80a,1.8481321,0.2,Noise,42c0db3d61bf128d,1.6833506
5aa12174d7022660,10,Noise,Noise,20250205,correct,0.8,Floating,8997ad234b3c8e3f,1.7742357,0.0,Noise,d7e0926e8223d6db,1.9276123
5ae38b07111ae995,3,PD,Void,20230930,correct,0.2,Void,6c937cffd188cc1f,1.7872257,0.2,Noise,033820c1cb6a2e9a,2.6261234
5b15ca3a75ce29a9,2,Noise,Noise,20250211,false alarm,0.8,Void,abe119b4623f1349,1.5223598,0.0,Noise,b1bd35a410e2aaa8,1.3566351
5f4d1bdd9fcebcdb,22,Noise,Noise,20250211,correct,0.8,Void,c441f0d705ad5408,1.8954725,0.0,Noise,041ae2cd3f93f54d,2.0404654
621562a53fc51df5,21,Noise,Noise,20250205,false alarm,0.6,Floating,47c30b811b464969,1.4645557,0.0,Noise,c7b61b5a6341a8b4,1.4002619
62c23c3dd82ed7cc,26,Noise,Noise,20230912,correct,0.0,Void,e6f23dff4e0fd2a2,3.0873861,0.0,Noise,732fff371ee9d84b,3.2155275
645a172946775d89,0,Noise,Noise,20250206,correct,0.6,Floating,47c30b811b464969,1.4621725,0.0,Noise,c7b61b5a6341a8b4,1.4114952
64b55aab4fab61d8,1,Noise,Noise,20230915,correct,0.6,Void,54b2893bd7e53cda,2.5450268,0.0,Noise,8908e4968ba2ce5e,2.3014116
651a7756ec8266eb,8,Noise,Noise,20250205,correct,1.0,Void,f96f57fe2c8a4ed4,2.4184284,0.0,Noise,26b6619b874271d6,2.7722769
669ed7b4e538c917,0,Noise,Noise,20250217,false alarm,0.8,Floating,3c323291969e447d,1.5447607,0.2,Noise,3d5f47a3ac17f5af,1.4201841
6a5f0ee457ce19df,15,Noise,Noise,20250217,correct,0.8,Floating,ea867f896271ac0f,1.4575071,0.0,Noise,db07554a279e215c,1.5687895
6ac6c760a22b2a15,19,PD,Void,20231007,correct,0.0,Void,80a5d95ff5236a11,1.9805193,0.0,Noise,74fa5bf776ecc7b5,3.2959194
6bf070961c861eb7,13,Noise,Noise,20230908,correct,0.4,Floating,7bac88b1dd19010d,3.4985495,0.2,Noise,d13697b9a095c20e,3.7967796
6e1415f46570bb06,21,Noise,Noise,20250206,correct,1.0,Particle,e15971d07fa4204b,1.4945335,0.2,Noise,9b5fbc4dd191b6c9,2.0027237
6e3c340e6227e54c,5,PD,Floating,20210104,correct,0.0,Floating,de4546fd300102cc,2.5544796,0.2,Noise,c86c99ce6335adbe,3.9528255
7003d711f5ba2ee1,23,Noise,Noise,20230903,false alarm,0.6,Void,b79512565d5a53e1,3.6134644,0.0,Noise,457ef32e7552ff13,3.4272375
710ffd2d4f8a99d3,15,PD,Void,20220427,missed PD,0.2,Void,905911b720ceb2ee,1.5038834,0.4,Noise,43721aa19c54008f,1.6479416
721684133e2d9afa,7,Noise,Noise,20231010,correct,1.0,Corona,a8efbe443e54bc33,3.8124504,0.0,Noise,3654037937fb9248,4.3605022
726401204f801a13,0,Noise,Noise,20250217,correct,1.0,Void,590c15528933c234,1.5986567,0.2,Noise,341cb1129761fbc7,1.7905321
763bc4e64bde8ab8,11,Noise,Noise,20250217,false alarm,0.6,Void,5153f39258ba6ca7,2.519659,0.0,Noise,d8ab5dfd7872649a,2.3494081
76f5cbd7ea59d675,18,Noise,Noise,20230927,correct,0.8,Void,ff92d218ce249d7a,3.435583,0.0,Noise,aa90f9c47727a037,3.2330952
77d7efb8e24fbc5c,4,Noise,Noise,20250217,false alarm,0.8,Void,9c3fb6bf98405143,1.5750809,0.0,Noise,ae129c31b1c0832a,1.4014378
783e4af2e966d6dc,25,PD,Void,20231002,correct,0.2,Void,80a5d95ff5236a11,1.7313452,0.0,Noise,52b1780c949aec89,3.1430244
785e1f5cb7a645c7,24,Noise,Noise,20231002,false alarm,1.0,Void,c89931d2ea9b3ff1,2.204052,0.0,Noise,a544434e650e1055,1.9674435
78f3ca905ce2cc4c,23,Noise,Noise,20250217,correct,1.0,Void,13e8fee70ebd32d4,1.474186,0.2,Noise,0b9cf4ddff8bea51,1.5667849
7988bbb4fd7e5cb6,0,Noise,Noise,20250213,correct,0.6,Floating,47c30b811b464969,1.4621725,0.0,Noise,c7b61b5a6341a8b4,1.4114952
7b5ec5d765e743a1,22,Noise,Noise,20250217,correct,1.0,Particle,a6598ad280665e81,1.4899273,0.0,Noise,1c3ea257bad89bc0,1.754034
7c5c3b275f24634e,17,Noise,Noise,20250206,correct,0.4,Floating,c33b1898f337f93a,1.7393131,0.0,Noise,3d5f47a3ac17f5af,1.9233112
7e4ceb4a7556f60d,27,Noise,Noise,20230915,correct,0.6,Void,6bb519f4dc5835c1,2.9813623,0.0,Noise,f7cd115baa2d0e2c,2.238058
7fcdc97cf2021de9,2,Noise,Noise,20250217,false alarm,0.8,Void,c2392f1d207c436c,2.4725637,0.6,Noise,8043741ce693c2bc,2.3634224
805301343e588c7f,13,Noise,Noise,20250213,correct,0.6,Void,6f36ae5daecc0d4f,2.2509956,0.2,Noise,99f5b0c93f04e9fa,2.4300604
80ba043519f7c4f4,24,Noise,Noise,20250206,correct,1.0,Void,3e5e6f0f3928f8a6,1.7090521,0.4,Noise,52b1780c949aec89,1.7012348
837c358e948b88e8,23,Noise,Noise,20250213,false alarm,0.6,Floating,0f97c742b047cf55,1.9652414,0.0,Noise,239e01b7d50314d5,1.7718868
8480390b29cf8a5e,11,Noise,Noise,20250213,correct,1.0,Corona,ca80d9be4ba6163c,3.424592,0.0,Noise,ed99465fa85c4cac,3.6897984
85e5f03e74f5857d,23,PD,Void,20210605,correct,0.8,Floating,0f83bfda172e2119,1.6431274,0.4,Noise,612efabdd9384cdf,1.9596138
87747eabc5361536,15,Noise,Noise,20250213,false alarm,0.8,Floating,c2c89e53cf7f9443,1.5386496,0.0,Noise,c7b61b5a6341a8b4,1.4149213
87d3c9188877bafb,21,PD,Floating,20230404,correct,0.2,Floating,3d8f779967dbb03c,1.9463692,0.8,Noise,7ce787c8c375d462,2.8259573
8872e046e589ced9,10,Noise,Noise,20230912,correct,0.6,Void,563ffc5cfac0ac47,3.3693771,0.0,Noise,87b3e40e58a3cfd8,3.2652483
891879b0ad156991,6,Noise,Noise,20250206,correct,0.6,Floating,47c30b811b464969,1.4772635,0.2,Noise,5c5cd74b54ea1e4d,1.5346184
8d1801a49cf87673,0,PD,Floating,20230409,correct,0.6,Floating,5cfe4e0ce8731d05,3.0739517,0.0,Noise,c7b61b5a6341a8b4,4.341057
8d2a5a2d98a1ee08,10,PD,Void,20220506,correct,0.2,Void,9e74405e52e3a806,1.6993828,0.2,Noise,55c98f0698db3112,1.9295521
8d83613c995aa9e0,0,Noise,Noise,20230922,correct,1.0,Void,406cbfe283093904,3.2306328,0.2,Noise,2411bf1a03947c7d,3.5280628
8dce958239dc022f,21,Noise,Noise,20250206,correct,1.0,Void,50ee4d59c5a05243,1.5340376,0.0,Noise,a301e3fc7b9f027c,1.785305
8ed224e09fa8b49c,24,Noise,Noise,20231010,correct,1.0,Corona,f1825c905f4b4d20,4.2834997,0.0,Noise,f7376060044fad58,4.474139
8ed8138f98df55f4,25,Noise,Noise,20230923,correct,1.0,Void,7bac88b1dd19010d,3.7258062,0.0,Noise,f38e7840ba69f43f,3.7544966
8f148e9c5b2b2234,13,PD,Void,20230930,correct,0.0,Void,80a5d95ff5236a11,1.705059,0.2,Noise,ed0a1b4f01b3ce0b,2.6050491
9283c46f17a7545b,16,PD,Void,20220427,correct,0.2,Void,fbf1e90ec939d0c1,1.5843954,0.4,Noise,e8718f4f074f6e32,1.7447414
93685eec067fba8f,6,PD,Void,20231007,correct,0.0,Void,51abd75ad11b235a,1.7916803,0.0,Noise,5df2e3a8275b15dc,2.9370785
9400454eed627cfc,15,Noise,Noise,20230902,correct,0.2,Void,996ef98d0ad6fb39,2.4789028,0.0,Noise,f47e8daf6678a080,2.7087631
9407133636936564,14,Noise,Noise,20250206,correct,1.0,Corona,2f66eca5cc60254a,1.6923838,0.2,Noise,136ce83b4d77955d,2.078373
946c724c0111f24e,17,Noise,Noise,20250206,correct,0.6,Void,62d822581ed63bcc,2.0167751,0.0,Noise,a30205fdc9fc9c30,2.2016544
947555dfda46ab33,7,PD,Void,20231107,correct,0.0,Void,82f3fd66221f109e,1.9136276,0.0,Noise,c0789301eb57e23e,2.8952503
956f17d14e388d78,14,Noise,Noise,20250217,false alarm,0.8,Floating,3c323291969e447d,1.5478325,0.0,Noise,aa2901679f7d0a2e,1.4064512
96718409ccac099f,5,Noise,Noise,20250211,correct,0.8,Void,0d122309135e9ef0,1.5783386,0.2,Noise,e2b4eab8ea8e0ee4,1.6991863
96bb9b1481031827,16,PD,Corona,20231023,missed PD,1.0,Corona,2567ea8b1459fcce,2.8942719,0.0,Noise,457ef32e7552ff13,3.399331
99937e1509f4acf4,15,PD,Void,20231007,correct,0.0,Void,82f3fd66221f109e,1.7638693,0.4,Noise,87b3e40e58a3cfd8,2.9130764
9ac254fd1d974a7c,24,PD,Void,20231007,correct,0.4,Void,dd3d530da9ea36ed,1.8058376,0.2,Noise,318ee13a0a8cb474,2.8565855
9b9ef6266643077a,7,PD,Void,20210605,correct,0.6,Floating,d96700ce832db0dc,1.5540962,0.4,Noise,8e6c4cfe5a52c50c,1.8571091
a0d05d67380d0b88,23,Noise,Noise,20250213,false alarm,0.0,Floating,22342b245a3c574b,2.6762638,0.2,Noise,376aefbf43228067,2.379715
a12fa096ea90ca14,15,Noise,Noise,20250213,false alarm,0.8,Void,5702b89b36cf3d71,1.8435001,0.0,Noise,d8ba1045b2fa0d94,1.6509981
a149a7adcda57aba,14,Noise,Noise,20250206,correct,1.0,Corona,2f66eca5cc60254a,1.7790508,0.0,Noise,4d0b2457e702b1de,2.126503
a1f1562413e0dc97,2,Noise,Noise,20250217,false alarm,0.2,Void,d42575f324c51db8,2.5950994,0.2,Noise,f8b983aa5610165b,2.4571943
a2027ec9f270b788,8,Noise,Noise,20230922,correct,1.0,Corona,695cb79c1af21c11,5.124796,0.0,Noise,8d3f779b3e8ec6e8,5.1188736
a571a0b69a1b8a58,6,PD,Void,20210221,missed PD,1.0,Void,ae8a5f4be254ef38,1.4633818,0.2,Noise,779387ab287e2737,1.523632
a84fe20ce88c5fd2,22,PD,Corona,20231023,missed PD,0.8,Floating,06c768d8a6c20a83,2.7950916,0.0,Noise,d43e9782307e3668,3.4361496
a91e67050752f478,11,Noise,Noise,20250217,correct,0.6,Particle,a6598ad280665e81,1.4793854,0.0,Noise,ed0a1b4f01b3ce0b,1.628603
a9baa9397d8831f3,27,PD,Void,20231007,correct,0.0,Void,4ead9a81ad5b37f2,1.9538708,0.2,Noise,794a2ad451a34528,3.0741444
a9fc160fd638a0b9,1,Noise,Noise,20250217,correct,1.0,Corona,635af96f49975d66,2.4126797,0.0,Noise,2f4c91db73a43248,2.843914
ad383d89045c81cf,22,PD,Floating,20230501,correct,0.2,Floating,298bb96184ddc5f1,2.8763256,0.0,Noise,34e3d09785a517cf,5.1217937
ad7937a06edb7415,17,PD,Void,20220427,correct,0.8,Void,91c0d15328172a7c,1.7967148,0.0,Noise,2fa5359e6c12a96d,2.5720549
af2f2a2f8131ac5d,12,Noise,Noise,20231003,correct,0.8,Void,be476b041b5fe5fe,2.1533566,0.0,Noise,111d78ffcfb72804,2.0405273
af88c1582bda2654,19,Noise,Noise,20250206,correct,0.6,Void,49b76579dac633c4,1.4718266,0.0,Noise,29113acdf8fb777b,1.5458937
b06b58235f16d323,26,Noise,Noise,20230912,correct,0.8,Void,57c29f92bdc2d7af,4.0863056,0.0,Noise,f38e7840ba69f43f,3.6379051
b0a25dca1ef2f132,1,Noise,Noise,20230927,correct,0.2,Floating,c5bfba09e120085c,3.4380531,0.4,Noise,ee576470e71c66a1,3.390726
b16da765cec4678f,18,Noise,Noise,20250213,correct,0.6,Floating,47c30b811b464969,1.495367,0.4,Noise,f8886faf6ae5e41e,1.4559202
b3a9079b8a3bd90c,27,Noise,Noise,20230912,correct,0.8,Void,50cb72f934732568,3.9794588,0.0,Noise,d517ed9f54bd4404,3.6015024
b5141a1f4232bc99,17,Noise,Noise,20250216,false alarm,0.6,Void,ecc5fc543921386d,1.6778078,0.0,Noise,7ea138b725618702,1.5743504
b8c808f04d4063fc,1,PD,Floating,20210605,correct,0.4,Floating,80103d43d17da672,1.7869091,0.6,Noise,86444a3adea5fef0,2.2861462
bc02290394c39b16,24,Noise,Noise,20250213,correct,0.8,Floating,f177b8ba659011f2,2.302987,0.2,Noise,a1967c91c314aac1,2.7824306
bc9fbbdaa7376a05,2,Noise,Noise,20250206,correct,1.0,Void,af345d0d55f1f6e7,1.6034794,0.4,Noise,23c2d13b8fdfc4a1,1.6718006
bcbcf5f1574e33fa,13,Noise,Noise,20230902,false alarm,1.0,Void,a66b707a145280d7,2.1971693,0.0,Noise,5ac930c22962359d,2.052662
bcc2c33abbad34bd,14,Noise,Noise,20250206,correct,0.8,Corona,2f66eca5cc60254a,1.6736603,0.0,Noise,7702527f5a1f3bfc,1.943182
bf106a35858f5051,11,PD,Floating,20230426,correct,0.0,Floating,17a2f9d69087ac22,2.8279114,0.2,Noise,c7b61b5a6341a8b4,4.7655087
c1da5bf4e043d10b,13,Noise,Noise,20250213,false alarm,0.2,Floating,27b9012d7cacbfc6,2.7384386,0.0,Noise,a42338527a3ea057,2.5579147
c2e9bf439276b8a8,12,Noise,Noise,20250217,false alarm,0.0,Void,a28022a118b494c2,3.1987772,0.2,Noise,36f3ec12f2c6e55b,2.676856
c366fc20cb24b5db,26,Noise,Noise,20250213,correct,0.4,Void,68a8ad575a3e11fb,1.9359045,0.2,Noise,e5c198adc8ace590,1.9555607
c3b7a8c4d860ef8e,1,Noise,Noise,20230915,correct,1.0,Void,456073c3e8eaf47a,2.3926764,0.0,Noise,57fe1e31594d86c3,2.4677916
c70263d595801d6a,2,Noise,Noise,20250213,correct,0.8,Void,2d2b764acb42ecd8,1.9481306,0.0,Noise,52614fca70e46b16,2.1093683
c9def6f021c507d7,17,Noise,Noise,20230903,correct,1.0,Void,44ce39dda4041358,1.8799124,0.0,Noise,52b1780c949aec89,2.0636425
cb06d89e7a972d05,11,Noise,Noise,20230902,correct,0.4,Void,13431e62f730bffe,2.9412308,0.0,Noise,618585de0558a2a1,3.231083
cc305a65eabb0f01,24,Noise,Noise,20250213,false alarm,0.8,Particle,8fd60ab310f1c1f4,2.0677214,0.2,Noise,a8c11c5cc144b945,1.9570961
cd89e86ab90f34f4,23,PD,Void,20231007,correct,0.0,Void,4ead9a81ad5b37f2,1.7816086,0.0,Noise,aa90f9c47727a037,2.9852371
cddb1008dbe133e4,7,PD,Void,20220427,correct,0.2,Void,50cb72f934732568,1.5640049,0.4,Noise,a2a8ca443d6c0b0d,1.7441292
ced6ef8a2cfb2376,26,Noise,Noise,20250217,false alarm,0.4,Void,cbcfc256c0b317ab,1.8571863,0.0,Noise,136ce83b4d77955d,1.6420488
cfc56fb7c351c6a8,24,PD,Corona,20231023,missed PD,1.0,Corona,0c9c51ca07bff816,3.4706936,0.0,Noise,d43e9782307e3668,4.037184
d05936eb690f9c00,24,PD,Void,20210605,missed PD,0.6,Floating,3c323291969e447d,1.5130072,0.0,Noise,c4c5422115a79551,1.7318535
d1fa1b50eeda20a2,16,Noise,Noise,20250205,correct,0.2,Void,403cd76ebd39b6ce,2.0007114,0.0,Noise,36f3ec12f2c6e55b,2.1161127
d21f135faa9f9d16,21,Noise,Noise,20250206,correct,1.0,Void,50ee4d59c5a05243,1.51087,0.0,Noise,9b5fbc4dd191b6c9,1.9311371
d2bb75cc576843b0,17,Noise,Noise,20230922,correct,0.6,Void,dc1045677f301dc6,3.0062237,0.0,Noise,c4ee488bfb6dbd8b,3.1390533
d645dc5adb59551d,17,Noise,Noise,20231010,correct,1.0,Corona,f1110870d76c975b,4.509158,0.0,Noise,6244e8c850185dce,4.3435802
d65cdfcd2ad3ed24,4,Noise,Noise,20250217,false alarm,0.6,Particle,6d3ec0536610592f,1.6019573,0.2,Noise,a1d69ec70bcd9b29,1.5215712
da8cb6888b679c9d,22,Noise,Noise,20250211,false alarm,1.0,Void,dac199a7502bddc8,1.9801807,0.2,Noise,41f18a8daaa3c16b,1.6636505
db0cb72f09949af6,8,Noise,Noise,20230908,correct,0.4,Void,36f22644ad2e3368,3.00037,0.0,Noise,94e76d9c2546db84,3.1724186
db5a40cc7a70475a,24,Noise,Noise,20250216,correct,1.0,Void,49dd32e2be6bbea3,1.7596292,0.4,Noise,90c47885ac859630,1.9371157
dd067f8c6f2c7e69,18,PD,Void,20230930,correct,0.0,Void,ac6e4c1f731915d5,1.8045683,0.2,Noise,9f4c8a13dd0ce299,2.87994
dd640a1d4fc62b39,6,Noise,Noise,20250205,correct,1.0,Floating,f177b8ba659011f2,2.004552,0.0,Noise,15b1ac55947638ab,2.1132917
de20d384fd9f0e65,16,PD,Void,20210605,correct,0.6,Floating,a6598ad280665e81,1.5279236,0.4,Noise,ee0663a1cd6db404,1.9891434
de75f25972fc0416,24,Noise,Noise,20250205,correct,0.6,Floating,45472d513dd2ed3f,1.3774891,0.0,Noise,6244e8c850185dce,1.3900242
df12f4dfd836a699,21,Noise,Noise,20250206,correct,1.0,Void,8786add935e296c9,1.5567675,0.0,Noise,a301e3fc7b9f027c,1.8075256
dfda1c4e8eddecba,26,Noise,Noise,20230913,correct,0.6,Void,269d435148e42ad1,3.1186895,0.0,Noise,2411bf1a03947c7d,2.7684755
e00b270191345b3e,27,Noise,Noise,20250217,correct,0.8,Void,ae8a5f4be254ef38,1.5620813,0.0,Noise,30638bde95d0136b,1.7753658
e2475bfd8cf0c0cc,5,Noise,Noise,20250211,correct,0.6,Floating,47c30b811b464969,1.4720211,0.2,Noise,4d0b2457e702b1de,1.6658592
e2b498bb19e1712e,25,PD,Void,20231007,correct,0.0,Void,44cff9eb8a85a238,1.7661333,0.2,Noise,5df2e3a8275b15dc,3.0466652
e434c566b01dccfe,7,Noise,Noise,20230902,correct,0.8,Void,7b258fb0bc962e5d,2.6875677,0.0,Noise,df6f195c31df9beb,3.3211899
e456b623d71f593c,2,PD,Void,20220427,correct,0.4,Void,cbcfc256c0b317ab,1.6699867,0.6,Noise,20ceaecd9694eecb,1.8374481
e5cd496f4332924c,0,Noise,Noise,20250213,correct,0.6,Floating,47c30b811b464969,1.4621725,0.0,Noise,c7b61b5a6341a8b4,1.4114952
e7981fd497a55cb3,4,Noise,Noise,20250217,correct,0.8,Void,a65f3cc30ab7639a,1.8607674,0.0,Noise,fc4d392f0514ce88,2.0878792
e91d0792f1fa8de9,4,Noise,Noise,20250217,false alarm,0.6,Floating,3c323291969e447d,1.4782257,0.0,Noise,7eeead391f63a387,1.4218216
ea9a1bd4a6ff42bb,5,Noise,Noise,20250211,correct,0.8,Void,55ea94e57c8ca0b7,1.5872364,0.2,Noise,e2b4eab8ea8e0ee4,1.6954412
eb0aedb0dffbc6f0,21,PD,Void,20231007,correct,0.0,Void,4ead9a81ad5b37f2,1.9911575,0.0,Noise,74fa5bf776ecc7b5,3.0114193
eb495321dc1bb417,15,Noise,Noise,20230922,correct,1.0,Void,57623c723846c65a,2.73341,0.0,Noise,141a9fb419c3d9ce,2.8724384
edb122f4e2afb8db,9,PD,Corona,20231023,missed PD,1.0,Corona,f7d1e89d803ba585,3.042984,0.0,Noise,e8ce4c9e92730004,3.3875246
ee59ee1c5663de20,0,PD,Void,20220427,missed PD,0.4,Void,68a8ad575a3e11fb,1.6579027,0.4,Noise,22fff19114f0cf4a,1.6928902
eebeade9522092dd,5,Noise,Noise,20250205,correct,0.8,Corona,47c30b811b464969,1.3706398,0.0,Noise,c7b61b5a6341a8b4,1.3979983
f041e45d16e0f171,9,Noise,Noise,20230902,correct,0.4,Floating,ef128d020cc78419,3.2815123,0.2,Noise,9ee1832c9f07de75,3.6607485
f08262fd6a80e0b6,8,Noise,Noise,20250217,false alarm,0.8,Particle,5bc754ff371909c7,1.5877895,0.0,Noise,c26aceddc9e7d8b4,1.5348053
f2de0a1488c9174a,22,PD,Floating,20210104,correct,0.4,Floating,370178b4f7a08d88,2.2687778,0.4,Noise,16bf2a4b9afeb694,3.981411
f4abbfba1bc5e6c3,11,Noise,Noise,20250213,false alarm,0.4,Floating,590c15528933c234,3.3744764,0.0,Noise,376aefbf43228067,3.1005297
f7897c678ed714e4,2,PD,Void,20230930,correct,0.0,Void,118ebda7254c5d97,1.6508808,0.0,Noise,52b1780c949aec89,2.5759335
f79fd8c7becdccee,11,Noise,Noise,20250217,false alarm,0.6,Void,c2392f1d207c436c,2.5417747,0.0,Noise,32305c6a8c4cb526,2.3217783
f7fddaa8f157690e,5,PD,Floating,20210104,correct,0.0,Floating,6fb2e581b3afeb41,2.697733,0.4,Noise,ee0663a1cd6db404,3.97336
f800955d2b380e7c,3,Noise,Noise,20231010,correct,1.0,Corona,88361299eb24b9a8,3.6760225,0.0,Noise,6244e8c850185dce,3.7793245
f8a790272ca32e63,3,Noise,Noise,20250205,correct,0.6,Floating,c622399aec282928,1.39713,0.4,Noise,e2ea9b277c965b09,1.482296
fa9669af1246fa85,10,Noise,Noise,20250205,correct,0.8,Corona,47c30b811b464969,1.3721466,0.0,Noise,c7b61b5a6341a8b4,1.4060593
fd61450c28cacf4b,5,Noise,Noise,20250213,false alarm,0.6,Floating,47c30b811b464969,1.4954414,0.0,Noise,c7b61b5a6341a8b4,1.3598628
fe661ebe7632adc4,13,Noise,Noise,20250205,correct,1.0,Void,4f68d8cbb77b4bcb,1.827014,0.0,Noise,44289907ac58e52b,1.9249697
fe7404bf7e5c08ef,1,PD,Void,20220427,correct,0.6,Particle,9f8ada065e3d1eb3,1.5448647,0.2,Noise,86444a3adea5fef0,1.7455721
feeb5dfca67e3967,16,Noise,Noise,20230928,correct,0.8,Corona,c5bfba09e120085c,2.2026882,0.0,Noise,2abe13208635f716,2.0351677
