sample_id,pos_pulse_count,pos_mean_amplitude,pos_max_amplitude,pos_amp_skewness,pos_amp_kurtosis,pos_active_phase_bins,neg_pulse_count,neg_mean_amplitude,neg_max_amplitude,neg_amp_skewness,neg_amp_kurtosis,neg_active_phase_bins,count_asymmetry,amplitude_asymmetry,half_cycle_cross_correlation,total_pulses,occupied_cells,cls,label,date,error_kind
a12fa096ea90ca14,2125,10.504,26.0,0.05331861839567928,-0.9845420581657289,33,2209,10.29560887279312,25.0,0.01337965231972734,-1.1254361822559613,60,-0.019381633594831565,0.9801607837769535,0.9912040071253604,4334,793,Noise,Noise,20250213,false alarm
4bd71b8132ae9d8f,2221,15.076992345790185,27.0,-0.759679553402166,-0.2376945584460195,36,2318,14.712683347713547,30.0,-0.756425954006832,-0.34777652052322106,60,-0.021370345891165456,0.9758367591014689,0.9918949735378357,4539,780,Noise,Noise,20250213,correct
c1da5bf4e043d10b,3113,17.718599421779633,33.0,-0.6809569821634289,-0.3290827164668788,50,3178,17.38042794210195,31.0,-0.6965684796683477,-0.39036269133554047,60,-0.010332220632649818,0.9809143221973852,0.9909536882031523,6291,1388,Noise,Noise,20250213,false alarm
a0d05d67380d0b88,3032,17.141820580474935,33.0,-0.6224312952324947,-0.46868978299852815,54,3059,17.220333442301406,34.0,-0.6519664508138975,-0.48961654175247515,60,-0.004432769660154326,1.0045801938865175,0.988523076867681,6091,1429,Noise,Noise,20250213,false alarm
5b15ca3a75ce29a9,230400,1.0178862847222223,23.0,34.49599287982239,2692.2768470206806,64,230352,1.0164747864138362,6.0,12.362592007841737,174.45079335457163,64,0.00010417751849150954,0.9986133045217607,,460752,561,Noise,Noise,20250211,false alarm
87747eabc5361536,913,1.095290251916758,12.0,10.831123664354632,140.14208670422207,64,1034,1.2127659574468086,32.0,13.528871862826364,200.99814435086844,64,-0.062146892655367235,1.1072553191489363,0.13055618554257836,1947,201,Noise,Noise,20250213,false alarm
fd61450c28cacf4b,2242,1.203835860838537,19.0,8.468926181027353,94.33617195538764,64,2259,1.3187250996015936,18.0,5.925449954153998,44.302904807495196,64,-0.0037769384581204176,1.0954359663974704,0.8055978009117339,4501,404,Noise,Noise,20250213,false alarm
ea9a1bd4a6ff42bb,16,27.4375,43.0,-0.33031713072330454,-1.373859545922608,16,61,1.3934426229508197,25.0,7.6168672475412516,56.016666666666644,60,-0.5844155844155844,0.0507860637066358,0.09821559067074769,77,77,Noise,Noise,20250211,correct
37272aff09615ecc,16,27.4375,43.0,-0.33031713072330454,-1.373859545922608,16,61,1.3934426229508197,25.0,7.6168672475412516,56.016666666666644,60,-0.5844155844155844,0.0507860637066358,0.09821559067074769,77,77,Noise,Noise,20250211,correct
1faf2ca8e4c5418e,13,27.53846153846154,43.0,-0.35867437579561234,-1.387530077671551,13,64,2.59375,39.0,4.266755326136643,17.59080331149634,63,-0.6623376623376623,0.09418645251396647,0.0,77,77,Noise,Noise,20250211,correct
96718409ccac099f,10,24.1,42.0,0.07585224634640332,-1.4348152023053053,10,67,4.223880597014926,43.0,2.9477595679297197,7.147867633321685,64,-0.7402597402597403,0.17526475506286,-0.09543305571897805,77,77,Noise,Noise,20250211,correct
e2475bfd8cf0c0cc,7,19.142857142857142,37.0,0.49591739132134555,-1.1676305081316727,7,70,5.571428571428571,43.0,2.3330424487423005,3.7736822241092263,64,-0.8181818181818182,0.291044776119403,-0.11271279531923223,77,77,Noise,Noise,20250211,correct
024cdb882b83a2c3,5,14.6,24.0,0.3979642605727478,-1.3862848639495458,5,72,3.4583333333333335,23.0,2.289022639543468,3.627897273940307,61,-0.8701298701298701,0.23687214611872148,0.17762741721961034,77,77,Noise,Noise,20250213,correct
7988bbb4fd7e5cb6,5,14.6,24.0,0.3979642605727478,-1.3862848639495458,5,72,3.4583333333333335,23.0,2.289022639543468,3.627897273940307,60,-0.8701298701298701,0.23687214611872148,0.16536212616062235,77,77,Noise,Noise,20250213,correct
b16da765cec4678f,6,13.5,24.0,0.668740366379543,-1.1276388669496404,6,71,3.3943661971830985,23.0,2.326650289108358,3.7360807780029868,60,-0.8441558441558441,0.25143453312467395,0.03907274026101962,77,77,Noise,Noise,20250213,correct
31b5860d5bc8b3f7,6,13.5,24.0,0.668740366379543,-1.1276388669496404,6,71,3.3943661971830985,23.0,2.326650289108358,3.7360807780029868,60,-0.8441558441558441,0.25143453312467395,0.15273889374762217,77,77,Noise,Noise,20250213,correct
e5cd496f4332924c,6,13.5,24.0,0.668740366379543,-1.1276388669496404,6,71,3.3943661971830985,23.0,2.326650289108358,3.7360807780029868,60,-0.8441558441558441,0.25143453312467395,0.15273889374762217,77,77,Noise,Noise,20250213,correct
589dd62c9fa95b32,4285,43.66161026837806,66.0,-0.8999521642724846,0.1939345862396742,56,4336,43.504612546125465,65.0,-1.0035794302466983,0.40390826106515343,64,-0.00591578703166686,0.996404215939642,0.9691588544002795,8621,2275,Noise,Noise,20250213,false alarm
4a8764757979c52e,4219,44.10879355297464,66.0,-0.9990966519013083,0.428276551182623,56,4268,43.54428303655108,66.0,-1.044143812896134,0.4669731899774412,64,-0.0057735359962295275,0.9872018599704936,0.9794877381542422,8487,2272,Noise,Noise,20250213,false alarm
2c1f324981b5fc3e,3669,50.62169528481875,70.0,-1.8658350212261876,3.4608630230910755,57,3723,49.86220789685737,68.0,-1.955036703524808,3.584675726653739,63,-0.007305194805194805,0.9849968006071669,0.9896717160479745,7392,1950,Noise,Noise,20250213,false alarm
f4abbfba1bc5e6c3,3664,50.3367903930131,68.0,-1.7622967987250433,3.075290306119891,57,3706,49.644360496492176,68.0,-1.840060202140148,3.170586536682653,61,-0.005698778833107192,0.9862440594421166,0.9896749022463611,7370,2102,Noise,Noise,20250213,false alarm
257eb7545b5a8dbc,442,44.70814479638009,160.0,0.810068748376237,0.32786655160793776,63,464,42.025862068965516,186.0,1.34446837573275,1.884944741398825,64,-0.024282560706401765,0.9400046067751003,0.5691009899968582,906,869,Noise,Noise,20250217,correct
78f3ca905ce2cc4c,413,5.549636803874092,29.0,1.5334001178502574,1.7577618634784447,44,1391,4.345075485262401,29.0,1.8983684315766998,3.837217093746431,63,-0.5421286031042128,0.7829477205119423,0.8107130968607275,1804,680,Noise,Noise,20250217,correct
42fcace35e22c023,25039,9.902112704181476,65.0,1.1256930480188745,1.3864856966834296,64,28889,11.880923534909481,65.0,0.9215463376110252,0.6203695825450035,64,-0.07139148494288682,1.1998372357337834,0.6962414911952236,53928,3741,Noise,Noise,20250205,correct
651a7756ec8266eb,18002,9.624486168203532,77.0,1.0525940397255078,1.4927452458645156,64,18924,11.457355738744452,72.0,1.0326552023724735,0.5870842275503922,64,-0.024968856632183286,1.1904381738940184,0.7478164550755132,36926,3603,Noise,Noise,20250205,correct
dd640a1d4fc62b39,10835,10.221965851407475,67.0,1.209443866989798,0.8677018603051434,64,7912,16.635743174924166,75.0,0.520131874187465,-0.3562522544106024,64,0.15591828025817464,1.6274504744734175,0.6423764043214576,18747,3326,Noise,Noise,20250205,correct
d1fa1b50eeda20a2,16161,12.535734174865416,62.0,0.9335439101445749,1.3143667100770902,64,10995,17.333788085493406,65.0,0.6363247445998196,-0.25288503896461867,64,0.190234202386213,1.3827501320383975,0.581651507595561,27156,3479,Noise,Noise,20250205,correct
38343be2c3a11b15,16561,12.453293883219612,56.0,0.8425151219971281,0.76166415292098,64,11484,14.906217345872518,66.0,0.8482738389696899,0.07726376550559788,64,0.181030486717775,1.1969698527678798,0.6528749737894427,28045,3538,Noise,Noise,20250205,correct
fe661ebe7632adc4,16454,12.745289899112677,66.0,0.6316600922685961,0.4977985496050925,64,10442,17.480942348209155,65.0,0.3891963432152729,-0.4834363800405117,64,0.22352766210588934,1.3715609834364122,0.6816819441154308,26896,3408,Noise,Noise,20250205,correct
80ba043519f7c4f4,230390,22.381392421546074,125.0,2.915700543144389,77.49483287031939,64,230378,22.385236437507054,142.0,4.02606615662546,118.12557892906928,64,2.6043475241336204e-05,1.0001717505277856,-0.11710181071236904,460768,2763,Noise,Noise,20250206,correct
bc9fbbdaa7376a05,230386,23.3845676386586,110.0,2.5171145098740477,66.74631628579502,64,230399,23.366577111879828,136.0,2.7833688165565382,104.45059598494367,64,-2.821272393849626e-05,0.9992306666919499,-0.05357264880782919,460785,2329,Noise,Noise,20250206,correct
31a37eaa38c9e393,230393,23.82085393219412,100.0,2.572848453418288,52.158556571241895,64,230397,23.806937590333206,149.0,6.300293890998494,276.2604470791113,64,-8.680743939755637e-06,0.9994157916462388,0.13846423261166144,460790,2429,Noise,Noise,20250206,correct
8dce958239dc022f,4,63.5,78.0,-0.2564233454143692,-1.5893647200845027,4,89,20.640449438202246,104.0,1.116466679264056,-0.25095480414607607,60,-0.9139784946236559,0.3250464478457047,0.030398888289556315,93,93,Noise,Noise,20250206,correct
d21f135faa9f9d16,13,57.07692307692308,78.0,0.5782166752101638,-0.6447100460601543,7,80,16.8625,104.0,1.5331130737330259,0.8215662973773004,60,-0.7204301075268817,0.2954346361185984,-0.3304625289072251,93,93,Noise,Noise,20250206,correct
6e1415f46570bb06,14,54.42857142857143,78.0,0.8001919302457517,0.26807787984272613,7,79,16.82278481012658,104.0,1.5429382524803616,0.775269155877369,61,-0.6989247311827957,0.3090800358815907,-0.24721948096428695,93,93,Noise,Noise,20250206,correct
df12f4dfd836a699,18,52.833333333333336,78.0,0.889930235388258,0.6356831601761406,9,75,15.2,104.0,1.7444979088165313,1.3318353871089288,60,-0.6129032258064516,0.28769716088328073,-0.14763855668368076,93,93,Noise,Noise,20250206,correct
58cb2776f8413d7d,18,52.833333333333336,78.0,0.889930235388258,0.6356831601761406,9,75,15.2,104.0,1.7444979088165313,1.3318353871089288,60,-0.6129032258064516,0.28769716088328073,-0.003381035649244598,93,93,Noise,Noise,20250206,correct
9407133636936564,7,129.28571428571428,224.0,-0.20462671600399487,-1.8458758760488396,7,42,33.857142857142854,247.0,1.8385907976781566,2.6187694924225795,35,-0.7142857142857143,0.261878453038674,-0.04459246239863209,49,49,Noise,Noise,20250206,correct
bcc2c33abbad34bd,7,129.28571428571428,224.0,-0.20462671600399487,-1.8458758760488396,7,42,33.857142857142854,247.0,1.8385907976781566,2.6187694924225795,32,-0.7142857142857143,0.261878453038674,-0.04052204492365539,49,49,Noise,Noise,20250206,correct
496798b8a8ead9a4,7,129.85714285714286,224.0,-0.20399188180996788,-1.84335973527764,7,42,33.76190476190476,247.0,1.8442924066169768,2.6343990643454527,31,-0.7142857142857143,0.25999266593326,-0.1057424700390085,49,49,Noise,Noise,20250206,correct
2f7468dacaa7a2ef,8,118.5,224.0,0.07212375514814605,-1.8971599738096305,8,41,33.63414634146341,247.0,1.8291086887494306,2.5179245653056297,31,-0.673469387755102,0.2838324585777503,-0.13627938656909985,49,49,Noise,Noise,20250206,correct
a149a7adcda57aba,8,118.5,224.0,0.07212375514814605,-1.8971599738096305,8,41,33.63414634146341,247.0,1.8291086887494306,2.5179245653056297,30,-0.673469387755102,0.2838324585777503,-0.13251760761271944,49,49,Noise,Noise,20250206,correct
7c5c3b275f24634e,32,56.96875,93.0,0.6996958811687078,-0.09685864447104642,14,94,19.829787234042552,88.0,0.8261317575988077,-0.9450821663592386,63,-0.49206349206349204,0.34808183844726365,0.8637164433794473,126,116,Noise,Noise,20250206,correct
af88c1582bda2654,35,53.42857142857143,93.0,1.1098358659684224,0.5531917321460158,14,91,19.967032967032967,88.0,0.8719975661463422,-0.9622066736625485,64,-0.4444444444444444,0.37371452077334427,0.87434040564959,126,116,Noise,Noise,20250206,correct
47694a3c9e2347eb,31,54.935483870967744,93.0,0.9538313054232698,0.24746460801478465,13,95,20.88421052631579,88.0,0.7766010534781157,-1.0771823167749637,62,-0.5079365079365079,0.3801588527984671,0.8839822211509529,126,116,Noise,Noise,20250206,correct
891879b0ad156991,31,54.935483870967744,93.0,0.9538313054232698,0.24746460801478465,13,95,20.88421052631579,88.0,0.7766010534781157,-1.0771823167749637,60,-0.5079365079365079,0.3801588527984671,0.8622965174406682,126,116,Noise,Noise,20250206,correct
946c724c0111f24e,31,54.935483870967744,93.0,0.9538313054232698,0.24746460801478465,13,95,20.88421052631579,88.0,0.7766010534781157,-1.0771823167749637,60,-0.5079365079365079,0.3801588527984671,0.8622965174406682,126,116,Noise,Noise,20250206,correct
4900eba010a76395,10,72.6,119.0,0.5208027315682271,-0.29470911529907395,10,67,6.7164179104477615,78.0,2.8788359930839253,6.887509442962861,62,-0.7402597402597403,0.09251264339459728,-0.19306285026523157,77,77,Noise,Noise,20250206,correct
2ad34cc162187c6e,11,68.18181818181819,119.0,0.5535207246616499,-0.5727685765267827,11,66,6.454545454545454,78.0,3.0063349937715134,7.381144248395913,62,-0.7142857142857143,0.09466666666666665,-0.046740849913597865,77,77,Noise,Noise,20250206,correct
645a172946775d89,11,68.18181818181819,119.0,0.5535207246616499,-0.5727685765267827,11,66,6.454545454545454,78.0,3.0063349937715134,7.381144248395913,60,-0.7142857142857143,0.09466666666666665,0.2791811463440437,77,77,Noise,Noise,20250206,correct
408ccf82bb98ef4c,11,68.18181818181819,119.0,0.5535207246616499,-0.5727685765267827,11,66,6.454545454545454,78.0,3.0063349937715134,7.381144248395913,60,-0.7142857142857143,0.09466666666666665,0.2791811463440437,77,77,Noise,Noise,20250206,correct
3b06970b18ad4091,11,68.18181818181819,119.0,0.5535207246616499,-0.5727685765267827,11,66,6.454545454545454,78.0,3.0063349937715134,7.381144248395913,60,-0.7142857142857143,0.09466666666666665,0.2791811463440437,77,77,Noise,Noise,20250206,correct
cc305a65eabb0f01,186344,1.0730315974756364,84.0,29.860716370257716,1055.1917441317826,64,186337,1.138968642835293,77.0,23.45021878534984,590.7164948668235,64,1.878281962321664e-05,1.0614493044890543,0.04438864337955039,372681,1438,Noise,Noise,20250213,false alarm
805301343e588c7f,190406,1.1355997184962658,84.0,16.17955891156407,384.004258442834,64,190184,1.700679342110798,77.0,9.397208043666348,113.54082471950902,64,0.0005833048687564046,1.4976045823283552,-0.04119442228016805,380590,1893,Noise,Noise,20250213,correct
c70263d595801d6a,184594,1.3133742158466688,90.0,9.305289326806578,115.76799076375276,64,179157,1.6879161852453435,90.0,6.520549149542781,53.235121630293946,64,0.014947037946287434,1.2851753634871121,0.3031388091680363,363751,2967,Noise,Noise,20250213,correct
33a18ecef525143b,170985,1.9263327192443782,125.0,9.600848870044269,94.13608683780774,64,166960,1.5954300431241015,121.0,12.01853607259273,150.75668055551313,64,0.011910222077556999,0.8282214319392984,0.4855155726201151,337945,3053,Noise,Noise,20250213,false alarm
837c358e948b88e8,169563,1.914539138845149,127.0,9.881832601335766,98.81234740964376,64,165426,1.5801506413743909,123.0,12.306599871799522,158.80782398498914,64,0.012349659242542292,0.8253425638127924,0.34551911994642753,334989,2918,Noise,Noise,20250213,false alarm
db5a40cc7a70475a,132376,1.2421209282649424,125.0,21.21394909588624,526.8287628439944,64,161827,1.2861203631038083,122.0,17.338117385721652,341.35733498153184,64,-0.10010434971771193,1.0354228270675114,0.9263281717786611,294203,1985,Noise,Noise,20250216,correct
046ede97f504cf9d,152414,1.318192554489745,125.0,19.38932099324434,413.2949010770425,64,152732,1.3863106618128487,125.0,15.652220742466104,256.51249257241557,64,-0.0010421240979727737,1.0516753846705433,0.9864301312284722,305146,2023,Noise,Noise,20250216,false alarm
b5141a1f4232bc99,158368,1.2028250656698323,124.0,23.663863894373044,627.3068669695075,64,189252,1.0911166064295226,126.0,33.493709181233534,1320.2981016377528,64,-0.08884414015304068,0.9071282579415643,0.9462574025813931,347620,1366,Noise,Noise,20250216,false alarm
09a2b449dcf8c31d,617,38.90113452188007,144.0,0.8852550193604632,-0.19190242500641608,61,1002,33.579840319361274,115.0,1.2930994455669262,0.36996530312718434,64,-0.23780111179740582,0.8632097940607409,0.5655710468456667,1619,1372,Noise,Noise,20250217,correct
6a5f0ee457ce19df,616,39.34902597402598,144.0,0.8445006002145605,-0.31229708657095934,61,1003,33.31006979062811,115.0,1.325214443926921,0.4849929114733986,64,-0.23903644224830142,0.8465284455227904,0.5724507857184783,1619,1372,Noise,Noise,20250217,correct
e91d0792f1fa8de9,634,39.80441640378549,144.0,0.8009260799540217,-0.43563325222418126,61,986,32.88438133874239,115.0,1.3749582996659038,0.6543123795227732,64,-0.21728395061728395,0.8261490635902154,0.485781916293212,1620,1373,Noise,Noise,20250217,false alarm
669ed7b4e538c917,658,40.27963525835866,144.0,0.7776072092053761,-0.5188864204236765,63,962,32.38669438669439,114.0,1.4186321392775727,0.8183121692871804,62,-0.18765432098765433,0.804046366829343,0.40027068339289557,1620,1373,Noise,Noise,20250217,false alarm
59cfb38d28da6696,672,40.74404761904762,144.0,0.7439881120267344,-0.6137596010449315,64,948,31.940928270042193,114.0,1.4673638413753674,1.0116887443696339,61,-0.17037037037037037,0.7839409714195892,0.36287332132504563,1620,1373,Noise,Noise,20250217,false alarm
d65cdfcd2ad3ed24,608,50.672697368421055,149.0,0.5528282898845309,-1.1214244650376772,60,848,56.735849056603776,144.0,0.1594177415844314,-1.508071318363516,61,-0.16483516483516483,1.1196532255644485,0.5117285398511618,1456,1336,Noise,Noise,20250217,false alarm
2a7da90dbdaff44f,588,50.30952380952381,149.0,0.5903872352580959,-1.061728086364938,60,868,56.84216589861751,144.0,0.1449380551652537,-1.5199362343002363,61,-0.19230769230769232,1.129849014548952,0.5807173501105428,1456,1336,Noise,Noise,20250217,false alarm
f08262fd6a80e0b6,588,50.644557823129254,149.0,0.5816901455325281,-1.0799542600792553,60,868,56.615207373271886,144.0,0.15033394132193154,-1.5169721328758792,61,-0.19230769230769232,1.117893211171761,0.5702551782991109,1456,1336,Noise,Noise,20250217,false alarm
44cbf0c3ea019f72,584,50.51027397260274,149.0,0.597315793215165,-1.072697310530247,60,872,56.67775229357798,144.0,0.1417222097291343,-1.5139600175385666,61,-0.1978021978021978,1.1221034422486116,0.5851632442155756,1456,1336,Noise,Noise,20250217,false alarm
3d621cbe15953fc5,583,50.59862778730703,149.0,0.5945158325272362,-1.0743019060685375,60,873,56.61168384879725,144.0,0.14407174824628025,-1.5148597205058003,61,-0.19917582417582416,1.1188383227854775,0.5774531111492696,1456,1336,Noise,Noise,20250217,false alarm
7b5ec5d765e743a1,1036,54.20173745173745,151.0,0.5611483324896136,-1.1356980744110614,64,1878,55.25079872204473,162.0,0.35028646987969186,-1.4230379615043958,64,-0.28894989704873025,1.019354753549024,0.4948026492569667,2914,2500,Noise,Noise,20250217,correct
e00b270191345b3e,1041,54.20268972142171,151.0,0.5608139053684434,-1.1115553953811188,64,1873,55.25306994127069,162.0,0.35224133936224383,-1.4320661913685955,64,-0.2855181880576527,1.0193787471663762,0.46037906092507624,2914,2500,Noise,Noise,20250217,correct
3af13d6d1dc3fbfd,1044,54.53448275862069,151.0,0.5399615084164242,-1.106483647989025,64,1870,55.06951871657754,162.0,0.3650047675214287,-1.4349148768952986,64,-0.2834591626630062,1.0098109660327212,0.4574733161892385,2914,2500,Noise,Noise,20250217,correct
49dbb7fa94387772,1073,54.67567567567568,151.0,0.5316958927432064,-1.0972131202060338,64,1841,54.99565453557849,162.0,0.36856262553181474,-1.442353908735845,64,-0.26355525051475637,1.0058523073734078,0.3534486171493091,2914,2500,Noise,Noise,20250217,correct
a91e67050752f478,1102,55.49637023593466,151.0,0.4891192786668389,-1.1365090081736202,64,1812,54.50165562913907,162.0,0.3926470138442058,-1.4284647825219867,64,-0.24365133836650651,0.9820760420444309,0.28980545850808426,2914,2500,Noise,Noise,20250217,correct
726401204f801a13,1022,34.36105675146771,149.0,1.6687732110127258,1.6657618866573625,64,956,40.7918410041841,149.0,1.1161066232231678,-0.05733950229015772,64,0.033367037411526794,1.1871532735221162,0.6725553777712816,1978,1625,Noise,Noise,20250217,correct
7fcdc97cf2021de9,1037,34.17261330761813,149.0,1.6751778808989075,1.7088754426299806,64,942,41.06900212314225,149.0,1.106635319919787,-0.09102728538068972,64,0.048004042445679636,1.2018104016056244,0.6765170134065086,1979,1625,Noise,Noise,20250217,false alarm
3a5d596a1c29021f,1069,33.81571562207671,149.0,1.6844310969267855,1.7416439866669329,64,910,41.73076923076923,149.0,1.0851094392075942,-0.1375016434441405,64,0.08034360788276908,1.2340643533069326,0.7065232968420738,1979,1625,Noise,Noise,20250217,false alarm
956f17d14e388d78,1075,34.051162790697674,149.0,1.666424668987606,1.655931319215938,64,904,41.5033185840708,149.0,1.0955129224515348,-0.10177616998207073,64,0.08640727640222334,1.2188517273016284,0.7084421432264112,1979,1625,Noise,Noise,20250217,false alarm
a1f1562413e0dc97,1077,34.30176415970288,149.0,1.639459135690664,1.5469386968846583,64,902,41.22062084257206,149.0,1.1165583473456768,-0.043753426248505534,64,0.08842849924204144,1.2017055639079153,0.7209878509388726,1979,1625,Noise,Noise,20250217,false alarm
4f3a6d8354141c6e,698,57.16189111747851,154.0,0.48306597756360764,-1.2815232973963733,64,818,52.641809290953546,162.0,0.7035843494560584,-0.950324291489328,64,-0.079155672823219,0.9209249075186239,0.31252803303527116,1516,1396,Noise,Noise,20250217,false alarm
f79fd8c7becdccee,680,57.667647058823526,154.0,0.46108827599513885,-1.2996758681612863,64,836,52.32775119617225,162.0,0.7185055435699804,-0.9301516437346216,64,-0.10290237467018469,0.9074022240372605,0.3548724480437269,1516,1396,Noise,Noise,20250217,false alarm
77d7efb8e24fbc5c,670,57.36268656716418,154.0,0.48625691338841576,-1.2430108548773608,64,846,52.632387706855795,162.0,0.6944501673494422,-0.9943014815443392,64,-0.11609498680738786,0.9175370063121114,0.3931610880432404,1516,1396,Noise,Noise,20250217,false alarm
c2e9bf439276b8a8,687,57.1528384279476,154.0,0.5033156105276048,-1.2036330270545168,64,829,52.70928829915561,162.0,0.6845858988604058,-1.0269130750825042,64,-0.09366754617414248,0.9222514532783186,0.33304744863728225,1516,1396,Noise,Noise,20250217,false alarm
763bc4e64bde8ab8,682,57.28592375366569,154.0,0.5024326097537771,-1.1802241030064138,64,834,52.62709832134293,162.0,0.6851462717130612,-1.0448451067213875,64,-0.10026385224274406,0.9186741676304967,0.3521419202102041,1516,1396,Noise,Noise,20250217,false alarm
3fadd4430948ee99,990,5.92020202020202,47.0,2.1236976648754466,3.9502207991142457,64,5369,14.574408642205253,53.0,0.6139543080746094,-0.9659766737655735,64,-0.6886302877810977,2.4618093423960414,0.2583936670927624,6359,1635,Noise,Noise,20250217,false alarm
0c9ec1c3341e3b3a,415,23.82168674698795,55.0,0.05009048017399774,-1.5142823474238298,56,3049,21.451295506723515,61.0,0.520044556121066,-1.5338320706148834,62,-0.7603926096997691,0.90049439968544,-0.5157594482785087,3464,1333,Noise,Noise,20250217,false alarm
ced6ef8a2cfb2376,325,23.369230769230768,56.0,0.043557978380880664,-1.6807488700959747,55,2959,22.794187225413992,61.0,0.4697490534622022,-1.5396897144940178,64,-0.8020706455542022,0.9753931334113953,-0.4770990274766099,3284,1097,Noise,Noise,20250217,false alarm
a9fc160fd638a0b9,3216,18.23476368159204,64.0,0.6904747751256604,-0.3780960164360203,64,4908,24.901385493072535,69.0,0.15347621285354152,-1.47918554244535,64,-0.20827178729689808,1.3655995727660808,-0.27282369542344315,8124,3198,Noise,Noise,20250217,correct
e7981fd497a55cb3,2945,11.605432937181664,54.0,1.2381214717477145,1.6847886108663896,64,3473,21.361646991074,58.0,0.43233361863196407,-1.0268264607742095,64,-0.08226861950763478,1.8406592073472094,-0.06611104956899891,6418,2094,Noise,Noise,20250217,correct
3619a430ccc2c3c8,9912,3.6165254237288136,27.0,2.052093385766481,2.8896876840098953,57,7255,1.0177808407994486,9.0,19.24561424872569,519.0266308590828,59,0.15477369371468516,0.28142504795391904,0.7006988718437919,17167,702,Noise,Noise,20250211,correct
da8cb6888b679c9d,11265,3.471815357301376,28.0,2.152856054547482,3.5071055014187174,63,7049,1.0307845084409135,6.0,11.002728946715498,143.98254398468993,64,0.23020639947581087,0.2969007283964943,0.5665871444412218,18314,770,Noise,Noise,20250211,false alarm
0ce0679a25c67faf,11821,3.6991794264444633,25.0,1.762113462562812,1.821914175913423,57,7854,1.042908072319837,6.0,9.143838812165063,98.57419828000663,62,0.2016264294790343,0.2819295719651663,0.6646294903886105,19675,758,Noise,Noise,20250211,false alarm
5f4d1bdd9fcebcdb,11883,3.413531936379702,28.0,1.9916712700921528,2.789244040030523,61,8710,1.0225028702640644,6.0,12.349426135359108,178.00485946441972,64,0.1540814839994173,0.2995439589613164,0.6385782600636067,20593,728,Noise,Noise,20250211,correct
450d6b71024d10ab,6052,13.351288830138797,113.0,2.3032517462734448,7.774297635242915,64,7052,11.803743618831538,98.0,2.1146148867590915,2.7102832191918313,64,-0.07631257631257632,0.8840902005045478,-0.507465837996015,13104,2363,Noise,Noise,20250213,correct
8480390b29cf8a5e,20763,14.91094735828156,90.0,1.035094378613625,0.5988704117701666,64,15663,9.650960863180744,92.0,1.7426481592253493,2.7137048943033673,64,0.14000988305056827,0.6472399527197438,-0.19585251428568634,36426,5340,Noise,Noise,20250213,correct
c366fc20cb24b5db,20318,16.35106801850576,106.0,1.0225898246950977,0.40652729441621815,64,15442,7.840499935241549,83.0,2.1507753921946136,5.317530125355999,64,0.13635346756152125,0.4795099577818313,-0.21851105678099694,35760,5191,Noise,Noise,20250213,correct
bc02290394c39b16,18170,16.85222894881673,85.0,0.8754839847129724,0.03575438837315614,64,13561,10.560356905832903,99.0,1.3253348719861697,2.324109408815784,64,0.1452522769531373,0.6266445191260229,0.23001352830707653,31731,5057,Noise,Noise,20250213,correct
2752b3641a535ab7,12641,7.007594335891148,43.0,1.2203588412970687,0.1508724999677371,64,5362,2.9142111152555015,26.0,2.6521656517534247,6.937057616620562,64,0.4043215019718936,0.41586469986278174,-0.1793136342153583,18003,1505,Noise,Noise,20250205,correct
5aa12174d7022660,13325,7.040750469043152,45.0,1.222951209539823,0.2588272046312903,64,5846,3.023947998631543,30.0,2.4379607182674405,5.179756645125611,64,0.39012049449689634,0.429492283802312,-0.2593281239804287,19171,1467,Noise,Noise,20250205,correct
0795643c81579511,14286,6.5643287134257315,45.0,1.5636007976291657,1.4464053064958513,64,6742,2.9259863541975677,33.0,2.3020214956432525,5.787671225816139,64,0.35875974890622025,0.44574037680550294,-0.04219440600314652,21028,1814,Noise,Noise,20250205,correct
0e983cce5500899f,1251,1.0,1.0,,,19,2830,1.0007067137809187,2.0,37.576597866405876,1410.000707213579,60,-0.3869149718206322,1.0007067137809187,-0.08419107495750819,4081,81,Noise,Noise,20250205,correct
621562a53fc51df5,1248,1.0,1.0,,,10,2359,1.0012717253073335,3.0,39.05959383664344,1599.2487879976445,60,-0.308012198502911,1.0012717253073335,-0.0803456766030039,3607,72,Noise,Noise,20250205,false alarm
f8a790272ca32e63,491,1.0,1.0,,,11,1950,1.0,1.0,,,60,-0.5977058582548136,1.0,-0.06142670060309853,2441,71,Noise,Noise,20250205,correct
fa9669af1246fa85,647,1.0,1.0,,,17,403,1.0124069478908189,6.0,20.000062188958044,398.0024875621891,60,0.23238095238095238,1.0124069478908189,0.8821088842007094,1050,78,Noise,Noise,20250205,correct
eebeade9522092dd,646,1.0,1.0,,,16,404,1.0123762376237624,6.0,20.02504635174606,399.0024813895781,60,0.23047619047619047,1.0123762376237624,0.8821260796405483,1050,77,Noise,Noise,20250205,correct
de75f25972fc0416,646,1.0,1.0,,,16,404,1.0123762376237624,6.0,20.02504635174606,399.0024813895781,59,0.23047619047619047,1.0123762376237624,0.882098675271703,1050,76,Noise,Noise,20250205,correct
081b46dee4d9d3a3,646,1.0,1.0,,,16,404,1.0123762376237624,6.0,20.02504635174606,399.0024813895781,60,0.23047619047619047,1.0123762376237624,0.8821547044767005,1050,77,Noise,Noise,20250205,correct
509f451ae08eb0ca,646,1.0,1.0,,,16,404,1.0123762376237624,6.0,20.02504635174606,399.0024813895781,60,0.23047619047619047,1.0123762376237624,0.883739825251281,1050,77,Noise,Noise,20250205,correct
7e4ceb4a7556f60d,110922,15.682344350083843,61.0,0.7322333534152753,-0.06953659638403664,64,110714,15.672155282981375,109.0,0.7302727393473986,-0.04261223036217476,64,0.0009384756988936816,0.9993502841874268,-0.026184403318823768,221636,6562,Noise,Noise,20230915,correct
64b55aab4fab61d8,89250,14.687394957983193,60.0,0.8089090849040351,0.04706762272095455,64,96635,14.869933253996999,64.0,0.7935014698675328,0.04736791060120771,64,-0.039728864620598756,1.0124282281872314,0.7445981125346914,185885,6280,Noise,Noise,20230915,correct
2547ff64b3d9fec9,106515,14.843177017321503,73.0,0.782110435083262,0.025574498567367154,64,107662,14.930504727759098,62.0,0.7712075363084276,-0.015881561719358395,64,-0.00535538363129561,1.0058833570694257,0.9925165816275495,214177,6317,Noise,Noise,20230915,correct
369c81711e4c806a,227734,20.709661271483398,66.0,0.5004070888604429,-0.14295543004477995,64,227883,20.71615258707319,64.0,0.499297399885455,-0.15951088880384034,64,-0.00032702906168997204,1.0003134438320693,0.25278295832313835,455617,7141,Noise,Noise,20230915,correct
c3b7a8c4d860ef8e,222666,19.77407866490618,64.0,0.5118895279451854,-0.16835748896668967,64,222661,19.786895774293658,65.0,0.5101712998349871,-0.1588494626192869,64,1.1227704585619107e-05,1.000648177323691,0.9886380247158305,445327,7054,Noise,Noise,20230915,correct
c9def6f021c507d7,230400,25.075677083333332,140.0,5.198039567086939,61.70174373072966,64,230340,25.08869931405748,140.0,5.480645297651495,66.68276326638944,64,0.0001302252897512697,1.0005193172124873,,460740,5227,Noise,Noise,20230903,correct
6bf070961c861eb7,230400,52.1423828125,170.0,0.7682842350493314,-1.0275855609651443,64,230400,63.023676215277774,187.0,0.4526368629461759,-1.556974246788515,64,0.0,1.2086842375789781,,460800,18439,Noise,Noise,20230908,correct
139889ea6dfb8c2d,199030,17.066829121238005,172.0,2.984192494508161,8.337481304828183,64,198719,15.290973686461788,179.0,3.53959264553345,12.708422592779424,64,0.0007819001430550423,0.8959469610809931,0.5219063510520984,397749,11749,Noise,Noise,20230912,correct
62c23c3dd82ed7cc,230400,19.345013020833335,172.0,4.412939873941815,32.33043087775754,64,230400,21.06473090277778,174.0,4.521788854921784,23.05469451658882,64,0.0,1.0888972201824014,,460800,10250,Noise,Noise,20230912,correct
8872e046e589ced9,230400,17.000924479166667,160.0,3.6489069926412205,20.598297444344812,64,230400,19.618684895833333,185.0,3.632241295989767,14.914372806920028,64,0.0,1.153977533390877,,460800,10227,Noise,Noise,20230912,correct
b3a9079b8a3bd90c,200195,18.91840455555833,166.0,2.8199994515018303,7.711743214292884,64,200222,18.872211844852213,185.0,3.3269589123319685,10.81340473180196,64,-6.742970453302432e-05,0.9975583189073656,0.8473140604202356,400417,11956,Noise,Noise,20230912,correct
a2027ec9f270b788,135634,77.88778624828583,196.0,0.06550195703551212,-1.8871415899516806,64,141567,83.89515918257786,196.0,-0.047917202719008574,-1.8814775919420168,64,-0.021403241691047292,1.0771285617894195,0.9844138971619353,277201,17325,Noise,Noise,20230922,correct
8ed8138f98df55f4,194272,50.25520404381486,183.0,0.6609967633876012,-1.3077216833481702,64,195184,49.833024223296995,183.0,0.6685909427075231,-1.172078402922647,64,-0.002341727948728483,0.9915992815361016,0.9829514298519042,389456,16489,Noise,Noise,20230923,correct
b0a25dca1ef2f132,227487,11.398506288271419,128.0,2.9318617117527235,10.143107595533275,64,227663,17.33821481751536,131.0,2.104551697980474,3.3010380401615036,64,-0.0003866857080083489,1.5210953417076807,0.31261819181238193,455150,10536,Noise,Noise,20230927,correct
76f5cbd7ea59d675,227867,9.971825670237463,134.0,2.0307376613950274,6.168447042283036,64,228064,13.012549109022029,143.0,3.2166254324268997,12.501691102527044,64,-0.0004320829248285377,1.3049314678514787,0.18337612329873748,455931,9673,Noise,Noise,20230927,correct
8ed224e09fa8b49c,143856,63.73620843065287,200.0,-0.12139177008640513,-1.1061233557059476,64,145573,96.03003304184155,222.0,-0.33568267892657266,-1.1989191468568907,64,-0.005932370287704411,1.5066794120068412,0.9611784044144955,289429,17592,Noise,Noise,20231010,correct
721684133e2d9afa,151323,44.74973401267487,204.0,0.513065664293122,-0.22372512065081107,64,141496,57.9859006615028,213.0,0.3712071482937816,-1.0978793267297575,64,0.03355998073895478,1.2957820183932027,0.9353872594612267,292819,16695,Noise,Noise,20231010,correct
d645dc5adb59551d,136319,71.78389659548559,196.0,-0.0947349842924716,-1.3908080795157531,64,119709,74.83275275877335,222.0,0.20128825489161134,-1.445777092324674,64,0.06487571671848391,1.0424727035990897,0.9049468453080325,256028,17491,Noise,Noise,20231010,correct
f800955d2b380e7c,114850,17.729899869394863,198.0,2.0726361920155996,5.372458002330079,64,123632,55.92240682024072,204.0,0.2979320954512543,-1.5858513344734635,64,-0.036824582148757556,3.154129872824228,0.9106059546264579,238482,13929,Noise,Noise,20231010,correct
330b09ef5d9a5309,108582,9.550045127184985,164.0,7.395743742694436,55.14281847132586,64,108121,9.55494307303854,161.0,7.086367784080029,50.377303348754694,64,0.0021273355698813584,1.0005128714878648,0.7564024279013306,216703,3069,Noise,Noise,20230902,correct
55c4b04d8e24fdee,103912,17.254388328585726,130.0,2.0022723205564614,3.067923991576901,64,102563,17.98910913292318,126.0,1.8401221506907537,2.042052511192738,64,0.006533478629374016,1.0425816777938297,0.9778898450813622,206475,9467,Noise,Noise,20230908,correct
1c58a524c71b6390,84806,25.982395113553288,125.0,1.4499180716013715,0.17860187812237394,64,84576,24.899806091562617,123.0,1.5100669649156144,0.3625570499860493,64,0.0013578774604149201,0.9583337480144024,0.9480341764105019,169382,5497,Noise,Noise,20230922,correct
d2bb75cc576843b0,100658,11.409992250988497,160.0,4.477307072424287,19.291113913744766,64,97280,16.178618421052633,162.0,3.191975266226835,10.43478636024288,64,0.017065949943921833,1.4179342163576851,0.8042868318261215,197938,5538,Noise,Noise,20230922,correct
eb495321dc1bb417,100986,11.5714653516329,156.0,4.396234983706226,18.769451073165488,64,96968,16.308885405494596,161.0,3.141309957982651,10.08371779473251,64,0.02029764490740273,1.4094053700116016,0.6497606721593702,197954,6023,Noise,Noise,20230922,correct
cb06d89e7a972d05,23354,75.57510490708229,159.0,-0.33150757808923037,-1.172221882028931,64,44869,53.81339009115425,158.0,0.6373390676573915,0.08965973276986317,64,-0.315362854169415,0.712051808030124,-0.21602956437799797,68223,8231,Noise,Noise,20230902,correct
f041e45d16e0f171,69413,103.48895739991067,170.0,-1.1818427850810045,1.1920950914769959,64,76656,85.4209585681486,175.0,-0.43323304466824136,-1.407914936074802,64,-0.049586154488632087,0.8254113358013435,0.9085321141993721,146069,11369,Noise,Noise,20230902,correct
3659f9824d1dc3eb,196804,6.990401617853296,140.0,2.6628356703904608,8.84252575654289,64,199508,9.998426128275558,142.0,2.515486018119225,6.579454466009084,64,-0.006822907204424797,1.4303078241942278,-0.030310639541584354,396312,9107,Noise,Noise,20230902,correct
b06b58235f16d323,181441,12.309974041148362,169.0,3.626597730750092,19.051223294571237,64,181502,11.417824596974137,172.0,3.6356898088426233,22.64174394996439,64,-0.00016807046836555604,0.927526293622387,0.13440171135590454,362943,10258,Noise,Noise,20230912,correct
dfda1c4e8eddecba,229106,14.523329812401247,169.0,3.528955274962584,16.775430042480444,64,229049,13.467432732734045,168.0,3.8884050418557825,23.676643077280893,64,0.0001244120439589222,0.9272964882498511,0.11058467845982739,458155,10855,Noise,Noise,20230913,correct
2aa84b77d3de89cb,215407,12.926283732654928,151.0,1.9615515353380237,5.374336419441661,64,214816,12.451735438701029,180.0,2.7675672016231867,13.848266355154227,64,0.0013737061942295042,0.9632881109707444,0.06439721510865933,430223,10125,Noise,Noise,20230913,correct
2bbf9c043359d406,184694,11.349664851050928,166.0,3.3965349547857153,17.268815198672105,64,184480,11.769606461405031,167.0,4.186034292720406,22.702372449705624,64,0.0005796724579737468,1.0370003533906307,0.5704056335617375,369174,9998,Noise,Noise,20230913,correct
bcbcf5f1574e33fa,5917,43.07148893020111,115.0,0.21257761894034044,-1.206891827224358,58,3102,13.34107027724049,90.0,2.0301613107827325,8.137052271988566,62,0.3121188601840559,0.3097424911142536,0.7483974644573674,9019,2907,Noise,Noise,20230902,false alarm
24362295e2d4f83e,2548,43.12441130298273,101.0,-0.13398725314364496,-1.4041779054196757,64,455,15.687912087912087,75.0,1.5454283436769876,1.8172545535980245,64,0.696969696969697,0.36378263758065543,0.5487223500679684,3003,1435,Noise,Noise,20230902,correct
7003d711f5ba2ee1,6087,77.3916543453261,200.0,-1.418669681971131,3.312075057241115,61,6493,77.89480979516402,194.0,-1.5246233111496021,3.1900119149731614,62,-0.03227344992050874,1.0065014174214808,0.9782586942386459,12580,3082,Noise,Noise,20230903,false alarm
785e1f5cb7a645c7,107638,6.503028670172244,140.0,7.821547102937358,66.33215330795221,64,106842,6.586529641901125,149.0,7.7838656361177865,64.9739497621615,64,0.00371130175307721,1.0128403204051488,0.9877084366174287,214480,4466,Noise,Noise,20231002,false alarm
15fbb9e3831e3d7e,77501,33.53426407401195,61.0,-0.9112743868421865,-0.923045905693868,64,77386,33.6558550642235,61.0,-0.928476246032372,-0.8789111851702742,64,0.0007424767733896324,1.003625873224568,0.9626591601495234,154887,4945,Noise,Noise,20230903,correct
db0cb72f09949af6,18387,37.66106488279763,107.0,-0.6638060591218296,-0.6800032904690245,64,17733,35.324987311791574,106.0,0.20604949056127253,-1.3656760607686589,64,0.018106312292358803,0.937971016531901,0.42740239003064795,36120,6231,Noise,Noise,20230908,correct
e434c566b01dccfe,26561,94.78713150860284,132.0,-2.014059069041961,3.9396797848221734,64,2506,32.04309656823623,109.0,0.33411916354907345,0.31985912322845245,61,0.8275707847387072,0.33805323632278095,0.5438686433670605,29067,4434,Noise,Noise,20230902,correct
5273da37c0de2d05,192728,6.11861275995185,113.0,3.7170011263105174,14.019814865016194,64,190563,2.5608486432308477,52.0,5.416164053779215,39.36501944225251,64,0.005648449872290244,0.41853419127818775,0.45589131609447053,383291,4821,Noise,Noise,20230922,false alarm
110b22cc2958ea65,159420,8.587655250282273,126.0,3.2569943208967387,9.85934455417152,64,155668,2.3791594932805715,29.0,3.8937807036492567,19.715424607289382,64,0.011907784491951455,0.27704413183125504,-0.08310565911751228,315088,5151,Noise,Noise,20230922,correct
8d83613c995aa9e0,228660,11.460933263360447,128.0,3.3488300065444037,9.959918241565216,64,228511,3.840117105959888,44.0,1.9766326112453505,18.73453915652897,64,0.0003259174357078642,0.33506146643715223,-0.08206957356789701,457171,4604,Noise,Noise,20230922,correct
1272b04e719f1ff9,230395,9.739525597343693,120.0,3.972169385482609,15.969276643615771,64,230338,5.609005027394525,59.0,5.362463469000147,48.85072919547174,64,0.00012371590487332142,0.5759012563121447,-0.1612838765941647,460733,6080,Noise,Noise,20230922,false alarm
9400454eed627cfc,1987,48.61298439859084,85.0,-0.5283784523931205,-0.4952312803333925,48,1747,65.96851745850029,92.0,-0.8961926486957226,0.056500376107352146,46,0.06427423674343867,1.3570143506847223,0.907223830546216,3734,2435,Noise,Noise,20230902,correct
feeb5dfca67e3967,96134,23.96795098508332,50.0,-0.8784410416126754,0.8291271139354492,61,96732,24.14422321465492,56.0,-0.8929991788292237,0.8950740656791529,61,-0.003100598342890919,1.0073544972484842,0.9947472531256759,192866,4452,Noise,Noise,20230928,correct
af2f2a2f8131ac5d,104053,19.861349504579398,43.0,-0.6463393383724046,0.07865680550868737,62,104160,19.86646505376344,44.0,-0.6570623438026584,0.10106019729332516,60,-0.0005138968268071638,1.000257563021227,0.9983485781860223,208213,3954,Noise,Noise,20231003,correct
edb122f4e2afb8db,3018,111.72730284956926,140.0,-0.7286075744771136,0.04270435999087896,44,113,75.56637168141593,130.0,-1.0549898528007806,0.8530637624998758,37,0.927818588310444,0.6763465129303197,0.5877386918412193,3131,1029,PD,Corona,20231023,missed PD
0dfac41eb1b50eae,2449,116.4997958350347,149.0,-0.8387593940414111,0.5808223443252709,52,61,82.8688524590164,149.0,-0.7404201154566092,-0.4872048192281526,37,0.951394422310757,0.7113218685495365,0.43489392363043233,2510,884,PD,Corona,20231023,missed PD
2a8f40085d19e769,4941,117.40578830196317,146.0,-1.0296827629331058,1.0998338289871343,47,694,76.99423631123919,136.0,-1.8911099946948529,12.436786299760037,52,0.7536823425022183,0.6557959145354314,0.934210484301438,5635,1287,PD,Corona,20231023,correct
a84fe20ce88c5fd2,3511,116.67872401025349,145.0,-0.8786844803731796,0.8026359257004301,49,57,61.40350877192982,120.0,-0.4251941575783825,-1.445801074602131,41,0.9680493273542601,0.5262614010634347,0.3869301122755964,3568,951,PD,Corona,20231023,missed PD
96bb9b1481031827,3767,115.83143084682771,147.0,-0.8806909061821384,0.7834621109403672,55,101,82.1980198019802,149.0,-0.6834290898366179,-0.6364799861044093,50,0.9477766287487074,0.7096348478218886,0.0910948422700925,3868,1073,PD,Corona,20231023,missed PD
cfc56fb7c351c6a8,3623,116.87827767043886,151.0,-0.9583363691254865,1.078499385210189,53,83,72.62650602409639,147.0,-0.8184208679300772,-0.4128591827756378,44,0.9552077711818673,0.6213858338063555,0.34230260019698266,3706,1008,PD,Corona,20231023,missed PD
11134be3bde0d983,2311,104.83686715707486,141.0,-1.9024286842905216,3.1952489507815844,55,2314,105.56222990492654,142.0,-2.015773030333107,3.8722802112952124,53,-0.0006486486486486486,1.0069189662713298,0.9447504369382979,4625,2835,PD,Floating,20190403,missed PD
06deab1f1f50d547,7087,8.495696345421194,60.0,3.010287683233895,9.443480962037256,64,7044,8.688955139125497,61.0,3.022948052381544,9.214986519301018,64,0.0030429552048687283,1.0227478461854937,0.9243540580942685,14131,2216,PD,Floating,20190327,missed PD
2b67d0b613393ab2,768,172.98307291666666,225.0,-2.1618258427969956,4.087153205943218,37,751,98.09986684420772,212.0,-0.11354597564787912,-1.910124693160952,60,0.01119157340355497,0.5671067416605937,0.37904101620533415,1519,1146,PD,Floating,20210605,correct
b8c808f04d4063fc,624,167.4102564102564,223.0,-1.8102115591206103,2.0985808655025675,35,798,104.61278195488721,210.0,-0.2655594102774812,-1.8329152424285682,55,-0.12236286919831224,0.6248887266412316,0.6364951872688357,1422,1053,PD,Floating,20210605,correct
6e3c340e6227e54c,3246,248.6121380160197,255.0,-6.232316809329731,51.01181407502301,39,3316,244.35826296743065,255.0,-5.230629653954584,28.628577075966962,61,-0.010667479427003962,0.9828895118213619,0.9628536235521944,6562,1006,PD,Floating,20210104,correct
f2de0a1488c9174a,3103,246.7466967450854,255.0,-4.827672343407383,30.722422849160942,40,3123,242.46781940441883,255.0,-4.704234895241626,23.349242203399005,60,-0.0032123353678123997,0.9826588262493051,0.9043635163744271,6226,1101,PD,Floating,20210104,correct
004be058f7d6cfed,3013,249.96150016594757,255.0,-7.890534532572956,67.6941231463779,37,3070,246.1957654723127,255.0,-5.654961015876847,31.368848424405364,60,-0.009370376458984054,0.9849347411856033,0.9774717960290827,6083,837,PD,Floating,20210104,correct
3d08f8a7c24afebc,3253,244.75776206578544,255.0,-4.880713633831952,31.42481687323407,38,3306,240.5124016938899,255.0,-4.759476302573224,23.876628422711892,61,-0.008080500076231133,0.9826548488756223,0.9874840164346068,6559,1301,PD,Floating,20210104,correct
f7fddaa8f157690e,3055,246.66743044189852,255.0,-11.057848697485069,139.20404674252774,35,3100,242.40290322580645,255.0,-5.8437947448414125,33.284930883376354,61,-0.007311129163281885,0.9827114296830665,0.8538550612365517,6155,1068,PD,Floating,20210104,correct
44c7839381042f32,17622,160.83344682782885,255.0,-1.0794536682436482,1.2194037063965562,64,17772,158.780553679946,255.0,-1.0720676894855228,1.138894570365732,64,-0.004238006441769792,0.9872359065332943,0.9928197607370172,35394,14576,PD,Floating,20230404,correct
87d3c9188877bafb,30901,117.3632244911168,252.0,-0.7872404671903507,1.952075335691422,64,30764,115.97679105447926,251.0,-0.8037505454505552,2.0566077965675778,64,0.002221681667072083,0.9881868153959721,0.9959711119461286,61665,14584,PD,Floating,20230404,correct
032d431664ff8ea2,4939,201.56529661874873,255.0,-1.3750885464350717,0.1137392375336792,64,5374,201.52419054707852,255.0,-1.3780652668904545,0.11252701980280122,64,-0.04217977310191021,0.9997960657297671,0.9525993248385871,10313,3197,PD,Floating,20230404,correct
47b46b6b550a79e7,8608,209.34491171003717,255.0,-1.8269212998128386,1.770076632644514,64,7796,206.3523601847101,255.0,-1.6573770161482086,1.0928520318286887,64,0.049500121921482565,0.9857051623520134,0.8397561871215591,16404,5555,PD,Floating,20230409,correct
8d1801a49cf87673,15964,197.98058130794288,253.0,-2.2559137947970482,4.1326769867078905,64,15513,198.35840907625862,255.0,-2.190125379323698,3.756923695034984,64,0.014327921974775233,1.0019084082177134,0.9838832527928781,31477,9656,PD,Floating,20230409,correct
bf106a35858f5051,13152,213.6330596107056,255.0,-2.2078505036728586,3.6260490451032306,64,12876,215.76902764833798,255.0,-2.187743555595852,3.506989986831737,64,0.010603964960811434,1.0099983028915311,0.9449371966429553,26028,7716,PD,Floating,20230426,correct
ad383d89045c81cf,13130,209.47936024371668,255.0,-2.2279359394784657,3.7192418673884164,64,12905,210.68275862068967,255.0,-2.192038366909908,3.4549370625941904,64,0.008642212406376032,1.0057447109613706,0.9846885624814544,26035,7791,PD,Floating,20230501,correct
2ac8218d90bf5997,4379,201.72094085407628,255.0,-1.3659103389505511,0.030148295183086926,64,3194,178.26737633061992,255.0,-0.8145112704180683,-1.2271612644241778,64,0.15647695761257097,0.883732623771458,0.6042568422233212,7573,2179,PD,Floating,20230503,correct
496eb91d6b42fcfd,8175,8.127461773700306,93.0,3.3772847200399063,11.34184044754086,64,7906,8.250569187958513,97.0,3.3519869173163346,10.819922009380145,64,0.016727815434363535,1.0151470923747155,-0.3959202436459419,16081,3067,PD,Particle,20220427,correct
de20d384fd9f0e65,12339,10.662857605964827,205.0,7.746064710991769,73.80467449177077,48,307,26.742671009771986,209.0,2.289177177038702,3.5549778590351915,56,0.9514470978965681,2.508021020069899,0.38002558565635375,12646,1420,PD,Void,20210605,correct
85e5f03e74f5857d,2437,78.47066064833813,210.0,0.4485678689614025,-1.6236736486636765,42,1208,9.516556291390728,202.0,5.419930730206651,52.96615285234127,60,0.33717421124828534,0.12127534307425603,0.8798754474872432,3645,1968,PD,Void,20210605,correct
04e05c07fb8b350f,93,96.12903225806451,192.0,-0.3410415524698652,-1.7480454211413423,29,347,13.61671469740634,207.0,4.000536013243308,15.131273928275924,46,-0.5772727272727273,0.14165038779181094,0.8292367186584071,440,286,PD,Void,20210605,missed PD
e456b623d71f593c,14990,18.05530353569046,112.0,1.3538627523596505,1.0096793553045478,64,15567,18.05139076251044,101.0,1.346064155101566,0.8903239049844491,64,-0.0188827437248421,0.9997832895374877,0.8329379903834802,30557,6701,PD,Void,20220427,correct
9283c46f17a7545b,15121,20.91171218834733,102.0,1.0801720588735204,0.1657614812058692,64,15503,20.843901180416694,102.0,1.0887089428731591,0.15738649928412674,64,-0.012473876698014629,0.9967572713644929,0.8412534754535393,30624,7082,PD,Void,20220427,correct
d05936eb690f9c00,67,113.11940298507463,190.0,-0.7696623113716883,-0.9870978472953067,25,194,13.835051546391753,195.0,3.9233224627125804,14.376647451581487,49,-0.48659003831417624,0.12230484940074514,0.506562968412217,261,207,PD,Void,20210605,missed PD
39b07f6589673f75,16781,21.462546928073415,104.0,1.0057573108965407,0.04987180192197771,64,17305,21.13129153423866,101.0,1.0431500059043741,0.05933317039442798,64,-0.015372880361438714,0.9845658861017345,0.9088818648424999,34086,7287,PD,Void,20220427,correct
cddb1008dbe133e4,17793,21.83448547181476,114.0,1.148415712241738,0.604768292869319,64,18261,21.426099337385686,115.0,1.1894876642804069,0.6294932174279535,64,-0.012980529206190713,0.981296278542664,0.9137388450147916,36054,7681,PD,Void,20220427,correct
ee59ee1c5663de20,1290,21.711627906976744,87.0,0.8528982372337722,-0.3376641768641231,64,1300,21.37076923076923,83.0,0.9319364415118387,-0.09394254205244668,64,-0.003861003861003861,0.9843006393777601,0.7843707693489115,2590,1794,PD,Void,20220427,missed PD
13c1077fa4596fd2,4853,24.188543169173705,91.0,0.6509948856722391,-0.8069224529625041,64,4845,23.478224974200206,90.0,0.7013969697417041,-0.8182264681746028,64,0.0008249123530624871,0.9706341059895355,0.6480397627432499,9698,4472,PD,Void,20220427,missed PD
710ffd2d4f8a99d3,10297,19.7407982907643,89.0,0.8798451912185619,-0.5439959419257416,64,10443,21.357943119793163,87.0,0.7823086117086826,-0.7972577240936785,64,-0.00703953712632594,1.0819189176247974,0.6160325514355546,20740,5690,PD,Void,20220427,missed PD
4887abdd51d29d30,9230,22.220693391115926,99.0,0.7401090942845479,-0.7904234133815722,64,9876,24.793033616848927,89.0,0.5730310752662449,-1.1491213749700815,64,-0.03381136815660002,1.1157632743702521,0.7113780461166765,19106,5738,PD,Void,20220427,missed PD
37c3891d862b2ba4,9721,19.108733669375578,81.0,0.9817541101968053,-0.4897419028419936,64,9707,19.57741835788606,83.0,0.9786456201708175,-0.5200469770585072,64,0.0007206094296891085,1.0245272500323563,0.7261004659728367,19428,5337,PD,Void,20220427,missed PD
037f56d1bca43e38,10705,20.410368986454927,93.0,0.8917905819970086,-0.6289434262338442,64,10511,20.84863476358101,93.0,0.8737688659796462,-0.7066558776436187,64,0.009144042232277527,1.0214727023022923,0.8462353718322733,21216,5978,PD,Void,20220427,correct
5377bde8fd533872,6561,16.11598841639994,93.0,1.3321416641715949,0.3493689242042879,64,7173,21.73762721316046,90.0,0.8704322086796527,-0.8409239220006968,64,-0.04456094364351245,1.3488237054725005,0.7208865860347039,13734,4305,PD,Void,20220427,missed PD
ad7937a06edb7415,16841,7.729113473071671,92.0,3.4362305523717454,11.678639135906383,64,16505,8.180611935777037,95.0,3.305726970844859,10.315253152869966,64,0.0100761710549991,1.058415297469547,0.09149880013542853,33346,4193,PD,Void,20220427,correct
2fa550bc18238a5e,20278,9.710326462175757,94.0,2.738532104660725,6.668407975865975,64,20267,10.216706962056545,95.0,2.6123375949359913,5.730535006719901,64,0.0002713034899494389,1.0521486586319493,0.26094637196827924,40545,5441,PD,Void,20220427,correct
fe7404bf7e5c08ef,8740,14.04908466819222,92.0,1.8316091561445471,2.0159899680640176,64,8874,15.04958305161145,96.0,1.70439839336586,1.419296199303134,64,-0.007607584875667083,1.0712144888474053,0.2717626612383868,17614,4321,PD,Void,20220427,correct
39f25e73161ae770,9276,11.057244501940492,96.0,2.306447481357404,4.223612957426176,64,8694,10.851851851851851,95.0,2.3262105238830206,4.17776667512886,64,0.032387312186978295,0.9814246080881548,0.18832316672640564,17970,3802,PD,Void,20220427,missed PD
40d1f9a8a0a99d15,9613,14.721626963486944,94.0,1.7313466070094363,1.6284079088531724,64,9577,15.314294664299885,97.0,1.6663702519163144,1.307442424458091,64,0.0018759770713913497,1.040258301768065,0.23306020998109644,19190,4739,PD,Void,20220427,correct
8d2a5a2d98a1ee08,43454,15.327380678418557,115.0,1.7945960592061099,2.2569159660449643,64,43351,15.303614680168854,110.0,1.7985978465382906,2.149672681401529,64,0.0011865675940326019,0.9984494416398775,0.7979506295387157,86805,9340,PD,Void,20220506,correct
16c35fda6602cfb7,35687,16.667554011264606,108.0,1.5385201445877408,1.2966073731215886,64,35234,17.34151671680763,104.0,1.464239438130864,0.9267752488654928,64,0.006387388784704107,1.0404356095134013,0.7654042587804508,70921,9076,PD,Void,20220506,correct
067f7f855f8da133,21577,16.894007507994623,105.0,1.4833721545710084,1.0787941932505936,64,21517,16.835478923641773,103.0,1.4878078572888007,1.0300054603592956,64,0.001392305193298371,0.996535541710565,0.8229854027377631,43094,7871,PD,Void,20220506,correct
a571a0b69a1b8a58,348,18.0,97.0,2.331203982539422,5.510907082688108,40,350,18.082857142857144,104.0,2.3563857251707905,5.68116006259476,41,-0.0028653295128939827,1.0046031746031747,0.8189048664827252,698,609,PD,Void,20210221,missed PD
2f7ac09fd69dffdd,12110,8.42576383154418,210.0,5.793944195752104,33.132080581954696,50,536,18.80410447761194,216.0,3.5326712976180574,11.806730403483758,57,0.9152301122884706,2.231738849267715,0.24601820268376778,12646,1438,PD,Void,20210605,correct
9b9ef6266643077a,1559,96.47658755612572,209.0,-0.04253690393714806,-1.8268730632313173,42,986,13.763691683569979,206.0,5.120816348546986,30.082068112875405,60,0.22514734774066797,0.14266354182109608,0.9414332971836128,2545,1577,PD,Void,20210605,correct
2a633c9a0158d5fc,494,141.1578947368421,202.0,-1.6344207137663063,1.5148468071323107,35,461,17.023861171366594,206.0,3.4565043368640787,10.648275186290805,60,0.03455497382198953,0.12060155192243299,0.8849715797508102,955,704,PD,Void,20210605,correct
43b245550a9410d4,179,131.54189944134077,212.0,-1.1908091114316912,-0.044829274949238496,26,295,21.71186440677966,206.0,2.6031695199985876,5.2761458944272945,51,-0.24472573839662448,0.16505664354087995,0.7619886867553216,474,355,PD,Void,20210605,correct
21ad5d1589f0c279,83,103.27710843373494,199.0,-0.4617860929233238,-1.5046317263014384,23,297,15.508417508417509,194.0,3.2923096699727825,9.495517962890998,46,-0.5631578947368421,0.15016316532882096,0.773458245328525,380,252,PD,Void,20210605,missed PD
54384379676245aa,189,122.35449735449735,197.0,-0.9897944105730673,-0.6271000610454966,27,464,16.57112068965517,199.0,3.196225801177866,8.928171253285488,57,-0.4211332312404288,0.13543532152842497,0.7693034857027823,653,452,PD,Void,20210605,correct
5ae38b07111ae995,230400,5.927986111111111,73.0,7.874442320630274,76.6765728390068,64,230400,10.324639756944444,121.0,3.355787917709434,10.27150281766499,64,0.0,1.7416774539320314,,460800,5063,PD,Void,20230930,correct
f7897c678ed714e4,230400,6.2382421875,80.0,7.668334244868413,71.61346646215188,64,230400,10.680208333333333,133.0,3.315751225720641,9.985190193652356,64,0.0,1.7120541351751315,,460800,5147,PD,Void,20230930,correct
8f148e9c5b2b2234,230400,6.307274305555556,80.0,7.750068699079954,74.70508928759993,64,230400,10.68584201388889,121.0,3.351517248544571,10.235565231845216,64,0.0,1.6942091775644854,,460800,5110,PD,Void,20230930,correct
4e235266804b0122,230400,6.303255208333334,73.0,7.664015797285617,73.73198972744657,64,230400,10.688676215277777,125.0,3.333068154115264,10.164845360064614,64,0.0,1.6957390843300486,,460800,5158,PD,Void,20230930,correct
dd067f8c6f2c7e69,230400,6.357842881944444,74.0,7.501146333038254,68.58017517532733,64,230400,10.814904513888889,119.0,3.289007499034153,9.817814800090593,64,0.0,1.7010336233067345,,460800,5163,PD,Void,20230930,correct
21008b2081f01c87,230400,6.463415798611111,77.0,7.720433990204564,76.33460608599557,64,230400,10.87818142361111,127.0,3.322411258405712,10.10474531593053,64,0.0,1.6830390868476488,,460800,5113,PD,Void,20230930,correct
13867283b37292d3,230400,6.907703993055556,75.0,7.226988803386642,62.961470451068735,64,230385,10.39601102502333,112.0,3.5831570910844377,12.163707520729256,64,3.2553143005957226e-05,1.5049879142873863,,460785,4949,PD,Void,20230930,correct
15aedeff93d9a733,230400,7.084526909722222,75.0,6.5857991595262915,50.207889723152675,64,230398,10.74961588208231,114.0,3.4113069615474445,10.820640984493963,64,4.3402966158707286e-06,1.5173371516636376,,460798,5056,PD,Void,20230930,correct
394729747bed9865,230400,8.450889756944445,73.0,7.269580683471031,78.00186628120426,64,230371,10.68781226803721,115.0,4.380709327564361,19.912691511699123,64,6.29379887189081e-05,1.2646966858435933,,460771,4986,PD,Void,20231002,correct
783e4af2e966d6dc,230400,9.051727430555555,85.0,6.171148097177379,45.81758977034212,64,230392,12.077398520781971,121.0,3.6548909479493723,12.983189906648546,64,1.7361412524522997e-05,1.334264494091236,,460792,5383,PD,Void,20231002,correct
e2b498bb19e1712e,230400,9.948307291666667,77.0,7.3992020036540085,78.24778723842941,64,230358,11.008851439932627,123.0,6.221480992079635,41.91295789648733,64,9.115414165353612e-05,1.1066054874636149,,460758,5147,PD,Void,20231007,correct
93685eec067fba8f,230400,10.886692708333333,95.0,4.744235805677045,25.32792618638344,64,230400,13.822682291666666,115.0,3.3211374459761513,10.416753657006376,64,0.0,1.269686089429708,,460800,5679,PD,Void,20231007,correct
a9baa9397d8831f3,230400,10.805733506944444,81.0,4.726045054817482,25.319565885369556,64,230395,13.206176349313136,113.0,3.5338891609704275,12.10872335756519,64,1.085081218329192e-05,1.2221452935912234,,460795,5514,PD,Void,20231007,correct
cd89e86ab90f34f4,230400,9.989904513888888,76.0,5.744000735040356,44.80694085040285,64,230370,11.821213699700483,119.0,4.196361824818828,18.545850245306013,64,6.510840549514942e-05,1.1833159849791897,,460770,5150,PD,Void,20231007,correct
6ac6c760a22b2a15,230400,10.501267361111111,85.0,4.907117292466825,27.761750231131828,64,230396,12.355665896977378,107.0,3.918816919024967,15.238400217392595,64,8.680630908254412e-06,1.176588070001301,,460796,5396,PD,Void,20231007,correct
1a291312b6136adb,230400,10.217760416666666,83.0,5.447802664031344,36.18981476490845,64,230375,11.8066456863809,108.0,4.307529608419386,19.24631799473687,64,5.4256415821170855e-05,1.1555023023560553,,460775,5178,PD,Void,20231007,correct
9ac254fd1d974a7c,230400,10.028802083333334,83.0,6.019614723999632,46.77290400442245,64,230373,11.553263620302726,110.0,4.68682506425121,23.061642602467348,64,5.8597183428716526e-05,1.152008338015052,,460773,5251,PD,Void,20231007,correct
99937e1509f4acf4,230400,10.223628472222222,82.0,5.827134831699546,42.13262804654412,64,230371,11.432602193852524,103.0,4.800232420204426,24.500299612100918,64,6.29379887189081e-05,1.1182529006130364,,460771,5121,PD,Void,20231007,correct
eb0aedb0dffbc6f0,230400,10.253706597222223,79.0,5.690827288679387,40.26556007319299,64,230364,11.48348700317758,106.0,4.754856287671649,24.108894986186918,64,7.813110399249941e-05,1.119935205312829,,460764,5147,PD,Void,20231007,correct
4ff1bcc0b36802b6,230400,18.280889756944443,89.0,4.337604172623533,20.562620635922283,64,230400,19.966510416666665,123.0,3.687351069261497,13.445031322424928,64,0.0,1.092206707777005,,460800,5903,PD,Void,20231107,correct
947555dfda46ab33,230400,17.93762152777778,98.0,4.755914749176781,26.032043439218246,64,230393,19.29095067992517,115.0,4.066870547715752,16.872650865434938,64,1.5191202991364886e-05,1.0754464102195298,,460793,5770,PD,Void,20231107,correct
