sample_id,date,group,label,cls,score,margin,pred,error,error_kind,pc_err_s42,pc_score_s42,pc_err_s43,pc_score_s43,pc_err_s44,pc_score_s44,pc_err_count,EfficientAD_err,One-Class SVM_err,knn5_err,frac_neighbours_same_class,suspect_score,suspect_margin,cell_percentile,reference_status,suspect_flag_p95,suspect_flag_p99,nearest_category,group_err
a12fa096ea90ca14,20250213,Field Noise,Noise,Noise,-0.0073095730372837,-0.008368066379002,PD,True,false alarm,True,-0.0073095730372837,False,0.0335125241960798,False,-0.0324786390577043,1,False,False,True,0.2666666666666666,34.31947183229136,,0.5561023622047244,ok,False,False,,wrong in 1-2 seeds
4bd71b8132ae9d8f,20250213,Field Noise,Noise,Noise,0.0085769040243966,0.0075184106826782,Noise,False,correct,False,0.0085769040243966,False,0.0049293381827217,False,-0.0222809995923723,0,False,False,True,0.2666666666666666,41.06671966142741,,0.5875984251968503,ok,False,False,,always correct
c1da5bf4e043d10b,20250213,Field Noise,Noise,Noise,-0.0912984439304896,-0.0923569372722079,PD,True,false alarm,True,-0.0912984439304896,False,-0.004375832421439,True,-0.1557043961116246,2,False,False,True,0.0666666666666666,40.1211529475423,,0.5836614173228346,ok,False,False,,wrong in 1-2 seeds
a0d05d67380d0b88,20250213,Field Noise,Noise,Noise,-0.0541883536747522,-0.0552468470164705,PD,True,false alarm,True,-0.0541883536747522,False,-0.019399881362915,True,-0.1773295743124826,2,False,False,True,0.0666666666666666,37.1510107582221,,0.5728346456692913,ok,False,False,,wrong in 1-2 seeds
5b15ca3a75ce29a9,20250211,Field Noise,Noise,Noise,-0.013066393988473,-0.0141248873301913,PD,True,false alarm,True,-0.013066393988473,False,-0.0315739767892019,False,-0.0751208918435232,1,False,False,True,0.5333333333333333,10.730724400818886,,0.23326771653543307,ok,False,False,,wrong in 1-2 seeds
87747eabc5361536,20250213,Field Noise,Noise,Noise,-0.0015190158571515,-0.0025775091988698,PD,True,false alarm,True,-0.0015190158571515,False,-0.0606490884508404,True,-0.1733968002455574,2,False,False,False,0.7333333333333333,38.49297514944349,,0.577755905511811,ok,False,False,,wrong in 1-2 seeds
fd61450c28cacf4b,20250213,Field Noise,Noise,Noise,-0.024733407156808,-0.0257919004985263,PD,True,false alarm,True,-0.024733407156808,False,-0.0430887511798313,True,-0.1372167382921491,2,False,False,False,0.6666666666666666,27.409681003133464,,0.515748031496063,ok,False,False,,wrong in 1-2 seeds
ea9a1bd4a6ff42bb,20250211,Field Noise,Noise,Noise,0.0454691818782261,0.0444106885365077,Noise,False,correct,False,0.0454691818782261,False,-0.0838877984455653,False,-0.0869517666952948,0,False,False,True,0.6,70.2609131146531,,0.7795275590551181,ok,False,False,,always correct
37272aff09615ecc,20250211,Field Noise,Noise,Noise,0.045229469026838,0.0441709756851196,Noise,False,correct,False,0.045229469026838,True,-0.1008713926587786,False,-0.0816422871180941,1,False,False,True,0.6666666666666666,71.9828096384459,,0.7883858267716536,ok,False,False,,wrong in 1-2 seeds
1faf2ca8e4c5418e,20250211,Field Noise,Noise,Noise,0.0379161323819841,0.0368576390402657,Noise,False,correct,False,0.0379161323819841,False,-0.0943520409720284,False,-0.0815477456365311,0,False,False,True,0.6666666666666666,70.79115205887119,,0.780511811023622,ok,False,False,,always correct
96718409ccac099f,20250211,Field Noise,Noise,Noise,0.0449046066829136,0.0438461133411952,Noise,False,correct,False,0.0449046066829136,False,-0.0889953885759626,True,-0.0875638553074426,1,False,False,True,0.7333333333333333,69.88913843362742,,0.7785433070866141,ok,False,False,,wrong in 1-2 seeds
e2475bfd8cf0c0cc,20250211,Field Noise,Noise,Noise,0.0422483682632446,0.0411898749215262,Noise,False,correct,False,0.0422483682632446,True,-0.1035069397517613,False,-0.0797041143689834,1,False,False,True,0.7333333333333333,71.04444453078834,,0.781496062992126,ok,False,False,,wrong in 1-2 seeds
024cdb882b83a2c3,20250213,Field Noise,Noise,Noise,0.0510120732443673,0.0499535799026489,Noise,False,correct,False,0.0510120732443673,False,-0.0827881608690534,False,-0.0824782592909674,0,False,False,False,0.7333333333333333,67.53722095340564,,0.7696850393700787,ok,False,False,,always correct
7988bbb4fd7e5cb6,20250213,Field Noise,Noise,Noise,0.0520434549876621,0.0509849616459437,Noise,False,correct,False,0.0520434549876621,False,-0.0903259856360299,False,-0.0842535155160084,0,False,False,True,0.6666666666666666,65.57833468477311,,0.7608267716535433,ok,False,False,,always correct
b16da765cec4678f,20250213,Field Noise,Noise,Noise,0.0527730669294084,0.05171457358769,Noise,False,correct,False,0.0527730669294084,False,-0.0842886822564261,False,-0.0849577529089789,0,False,False,True,0.6666666666666666,67.37727684757932,,0.7677165354330708,ok,False,False,,always correct
31b5860d5bc8b3f7,20250213,Field Noise,Noise,Noise,0.053607736315046,0.0525492429733276,Noise,False,correct,False,0.053607736315046,False,-0.0811120101383754,False,-0.0818158643586293,0,False,False,True,0.6666666666666666,66.07613403142241,,0.764763779527559,ok,False,False,,always correct
e5cd496f4332924c,20250213,Field Noise,Noise,Noise,0.0526260478155953,0.0515675544738769,Noise,False,correct,False,0.0526260478155953,False,-0.088024548121861,True,-0.0880939875330241,1,False,False,True,0.6666666666666666,66.93598593447695,,0.7667322834645669,ok,False,False,,wrong in 1-2 seeds
589dd62c9fa95b32,20250213,Field Noise,Noise,Noise,-0.1384784834725516,-0.1395369768142699,PD,True,false alarm,True,-0.1384784834725516,False,-0.0438867637089319,True,-0.2832103797367641,2,False,True,True,0.1333333333333333,49.31385639274023,,0.639763779527559,ok,False,False,,wrong in 1-2 seeds
4a8764757979c52e,20250213,Field Noise,Noise,Noise,-0.1300843783787318,-0.1311428717204501,PD,True,false alarm,True,-0.1300843783787318,False,-0.0066780362810406,True,-0.3821302482060024,2,False,True,True,0.1333333333333333,50.96380344754748,,0.6486220472440944,ok,False,False,,wrong in 1-2 seeds
2c1f324981b5fc3e,20250213,Field Noise,Noise,Noise,-0.3231159959520612,-0.3241744892937795,PD,True,false alarm,True,-0.3231159959520612,True,-0.5157606942313058,False,-0.0267544133322579,2,False,True,True,0.1333333333333333,82.11758361558711,,0.8198818897637795,ok,False,False,,wrong in 1-2 seeds
f4abbfba1bc5e6c3,20250213,Field Noise,Noise,Noise,-0.1998268195561001,-0.2008853128978184,PD,True,false alarm,True,-0.1998268195561001,True,-0.2407051835741315,False,-0.0837410518101283,2,False,True,True,0.1333333333333333,82.38640726320811,,0.8208661417322834,ok,False,False,,wrong in 1-2 seeds
257eb7545b5a8dbc,20250217,Field Noise,Noise,Noise,0.0265182086399623,0.0254597152982439,Noise,False,correct,False,0.0265182086399623,False,-0.0728155374526977,False,-0.0730735319001332,0,False,True,True,0.0,46.36956818128819,,0.6181102362204725,ok,False,False,,always correct
78f3ca905ce2cc4c,20250217,Field Noise,Noise,Noise,0.0273572036198207,0.0262987102781023,Noise,False,correct,False,0.0273572036198207,False,-0.0626425232206072,False,-0.0794616256441387,0,False,False,True,0.2666666666666666,40.05342887444235,,0.5816929133858267,ok,False,False,,always correct
42fcace35e22c023,20250205,Field Noise,Noise,Noise,0.1163025242941719,0.1152440309524535,Noise,False,correct,False,0.1163025242941719,False,0.1129017216818672,False,0.1231373378208705,0,False,False,False,0.4666666666666667,17.39335495171257,,0.3543307086614173,ok,False,False,,always correct
651a7756ec8266eb,20250205,Field Noise,Noise,Noise,0.1940706457410539,0.1930121523993355,Noise,False,correct,False,0.1940706457410539,False,0.1500854492187499,False,0.1751422200884138,0,False,False,True,0.7333333333333333,15.64882796637847,,0.33562992125984253,ok,False,False,,always correct
dd640a1d4fc62b39,20250205,Field Noise,Noise,Noise,0.1317440441676549,0.1306855508259365,Noise,False,correct,False,0.1317440441676549,False,0.0824009350367954,False,0.1150307995932442,0,False,False,True,0.6666666666666666,14.600597256509218,,0.3248031496062992,ok,False,False,,always correct
d1fa1b50eeda20a2,20250205,Field Noise,Noise,Noise,0.2990689277648926,0.2980104344231742,Noise,False,correct,False,0.2990689277648926,False,0.2743680817740304,False,0.3075362273624965,0,False,False,True,0.8,19.364006196547606,,0.38976377952755903,ok,False,False,,always correct
38343be2c3a11b15,20250205,Field Noise,Noise,Noise,0.3699315956660679,0.3688731023243495,Noise,False,correct,False,0.3699315956660679,False,0.2967690399714878,False,0.3272349153246198,0,False,False,True,0.6666666666666666,19.51237599965653,,0.39468503937007876,ok,False,False,,always correct
fe661ebe7632adc4,20250205,Field Noise,Noise,Noise,0.2592787061418806,0.2582202128001622,Noise,False,correct,False,0.2592787061418806,False,0.2650516714368547,False,0.308213744844709,0,False,False,True,0.6666666666666666,18.600525217763924,,0.3720472440944882,ok,False,False,,always correct
80ba043519f7c4f4,20250206,Field Noise,Noise,Noise,0.2540829862867082,0.2530244929449898,Noise,False,correct,False,0.2540829862867082,False,0.2018450157982962,False,0.220039895602635,0,False,False,False,0.8666666666666667,19.39152508008369,,0.39173228346456695,ok,False,False,,always correct
bc9fbbdaa7376a05,20250206,Field Noise,Noise,Noise,0.3157614299229213,0.3147029365812029,Noise,False,correct,False,0.3157614299229213,False,0.3450522422790527,False,0.2798859051295689,0,False,False,False,0.7333333333333333,16.573855936907552,,0.34448818897637795,ok,False,False,,always correct
31a37eaa38c9e393,20250206,Field Noise,Noise,Noise,0.2749404566628592,0.2738819633211408,Noise,False,correct,False,0.2749404566628592,False,0.2317121710096087,False,0.1989284242902483,0,False,False,False,0.8666666666666667,18.479667824051138,,0.3700787401574803,ok,False,False,,always correct
8dce958239dc022f,20250206,Field Noise,Noise,Noise,0.0204545429774693,0.0193960496357509,Noise,False,correct,False,0.0204545429774693,False,-0.0904275519507271,False,-0.0808124882834296,0,False,True,False,0.8,171.12032296744485,,0.968503937007874,ok,False,False,,always correct
d21f135faa9f9d16,20250206,Field Noise,Noise,Noise,0.0211962972368512,0.0201378038951328,Noise,False,correct,False,0.0211962972368512,True,-0.1051211357116699,False,-0.0613620110920495,1,False,True,True,0.7333333333333333,172.32533130184376,,0.969488188976378,ok,False,False,,wrong in 1-2 seeds
6e1415f46570bb06,20250206,Field Noise,Noise,Noise,0.0172715016773768,0.0162130083356584,Noise,False,correct,False,0.0172715016773768,False,-0.0904477664402553,False,-0.0579372814723422,0,False,True,False,0.8,170.81447560551607,,0.96751968503937,ok,False,False,,always correct
df12f4dfd836a699,20250206,Field Noise,Noise,Noise,0.0210491929735456,0.0199906996318272,Noise,False,correct,False,0.0210491929735456,False,-0.0937019075666155,False,-0.0649742398943218,0,False,True,False,0.7333333333333333,166.22574124972357,,0.9655511811023622,ok,False,False,,always correct
58cb2776f8413d7d,20250206,Field Noise,Noise,Noise,0.0207609619413103,0.0197024685995919,Noise,False,correct,False,0.0207609619413103,True,-0.1003137826919556,False,-0.0710648979459488,1,False,True,False,0.6,170.1938775031052,,0.9665354330708661,ok,False,False,,wrong in 1-2 seeds
9407133636936564,20250206,Field Noise,Noise,Noise,0.035063692501613,0.0340051991598946,Noise,False,correct,False,0.035063692501613,True,-0.1008053336824689,True,-0.0904208592006136,2,False,True,False,0.4,203.93418021905234,,0.9812992125984252,ok,False,False,,wrong in 1-2 seeds
bcc2c33abbad34bd,20250206,Field Noise,Noise,Noise,0.0399695634841918,0.0389110701424734,Noise,False,correct,False,0.0399695634841918,False,-0.0915639400482177,True,-0.0882006372724258,1,False,True,False,0.6,202.99680669546743,,0.9803149606299213,ok,False,False,,wrong in 1-2 seeds
496798b8a8ead9a4,20250206,Field Noise,Noise,Noise,0.037083762032645,0.0360252686909266,Noise,False,correct,False,0.037083762032645,False,-0.0936864614486694,True,-0.0966581106185911,1,False,True,False,0.6,211.10265928631608,,0.9832677165354331,ok,True,False,,wrong in 1-2 seeds
2f7468dacaa7a2ef,20250206,Field Noise,Noise,Noise,0.0351640837533133,0.0341055904115949,Noise,False,correct,False,0.0351640837533133,True,-0.0991335426058088,True,-0.0874378681182859,2,False,True,True,0.6,213.81120550319895,,0.984251968503937,ok,True,False,,wrong in 1-2 seeds
a149a7adcda57aba,20250206,Field Noise,Noise,Noise,0.0350242001669747,0.0339657068252563,Noise,False,correct,False,0.0350242001669747,False,-0.092245238167899,True,-0.0949571984154835,1,False,True,False,0.6666666666666666,215.22921957674362,,0.985236220472441,ok,True,False,,wrong in 1-2 seeds
7c5c3b275f24634e,20250206,Field Noise,Noise,Noise,0.0368198837552751,0.0357613904135567,Noise,False,correct,False,0.0368198837552751,False,-0.0651461396898542,False,-0.07331074987139,0,False,True,True,0.6666666666666666,182.90871787666478,,0.9753937007874016,ok,False,False,,always correct
af88c1582bda2654,20250206,Field Noise,Noise,Noise,0.0510040010724748,0.0499455077307564,Noise,False,correct,False,0.0510040010724748,False,-0.0764406749180385,False,-0.0774497304643901,0,False,True,True,0.7333333333333333,177.22317883463364,,0.9724409448818898,ok,False,False,,always correct
47694a3c9e2347eb,20250206,Field Noise,Noise,Noise,0.0469915866851806,0.0459330933434622,Noise,False,correct,False,0.0469915866851806,False,-0.0697604417800903,False,-0.0683516945157731,0,False,True,False,0.7333333333333333,182.8119524265201,,0.9744094488188977,ok,False,False,,always correct
891879b0ad156991,20250206,Field Noise,Noise,Noise,0.0460784946169171,0.0450200012751987,Noise,False,correct,False,0.0460784946169171,False,-0.0557450566973005,False,-0.0735310145786829,0,False,True,False,0.7333333333333333,180.727882989111,,0.9734251968503937,ok,False,False,,always correct
946c724c0111f24e,20250206,Field Noise,Noise,Noise,0.038881778717041,0.0378232853753226,Noise,False,correct,False,0.038881778717041,False,-0.0748666184289115,False,-0.0736129454204013,0,False,True,False,0.8,185.34866608671385,,0.9773622047244095,ok,False,False,,always correct
4900eba010a76395,20250206,Field Noise,Noise,Noise,0.0515438147953578,0.0504853214536394,Noise,False,correct,False,0.0515438147953578,False,-0.0890274729047502,False,-0.0768473148345945,0,False,True,True,0.7333333333333333,133.4700720076289,,0.9399606299212598,ok,False,False,,always correct
2ad34cc162187c6e,20250206,Field Noise,Noise,Noise,0.0524027177265712,0.0513442243848528,Noise,False,correct,False,0.0524027177265712,False,-0.0917548792702811,False,-0.0777211018971032,0,False,True,True,0.7333333333333333,132.12355694997007,,0.937007874015748,ok,False,False,,always correct
645a172946775d89,20250206,Field Noise,Noise,Noise,0.0531878641673496,0.0521293708256312,Noise,False,correct,False,0.0531878641673496,False,-0.0868309736251831,False,-0.073755655969892,0,False,True,False,0.7333333333333333,130.508459782558,,0.9320866141732284,ok,False,False,,always correct
408ccf82bb98ef4c,20250206,Field Noise,Noise,Noise,0.0490376268114362,0.0479791334697178,Noise,False,correct,False,0.0490376268114362,False,-0.0806649923324585,False,-0.079591597829546,0,False,True,False,0.7333333333333333,134.26437897268198,,0.9419291338582677,ok,False,False,,always correct
3b06970b18ad4091,20250206,Field Noise,Noise,Noise,0.0493204593658447,0.0482619660241263,Noise,False,correct,False,0.0493204593658447,False,-0.0861008167266845,True,-0.0914555106844219,1,False,True,True,0.6,132.80848506498552,,0.937992125984252,ok,False,False,,wrong in 1-2 seeds
cc305a65eabb0f01,20250213,Field Noise,Noise,Noise,-0.0399825232369559,-0.0410410165786742,PD,True,false alarm,True,-0.0399825232369559,False,-0.0010160718645367,False,0.0027762140546526,1,False,False,False,1.0,53.03562385307116,,0.6683070866141733,ok,False,False,,wrong in 1-2 seeds
805301343e588c7f,20250213,Field Noise,Noise,Noise,0.1043812888009207,0.1033227954592023,Noise,False,correct,False,0.1043812888009207,False,0.0599859442029681,False,0.1141204833984375,0,False,False,False,0.9333333333333332,85.89198156814533,,0.8366141732283464,ok,False,False,,always correct
c70263d595801d6a,20250213,Field Noise,Noise,Noise,0.0391544955117361,0.0380960021700177,Noise,False,correct,False,0.0391544955117361,False,0.020947115761893,False,0.0315804822104318,0,False,False,False,0.8666666666666667,17.41956571164042,,0.35531496062992124,ok,False,False,,always correct
33a18ecef525143b,20250213,Field Noise,Noise,Noise,-0.0301695210593087,-0.031228014401027,PD,True,false alarm,True,-0.0301695210593087,False,-0.0536231654030935,False,-0.0593350955418178,1,True,False,False,1.0,19.065502398319847,,0.3799212598425197,ok,False,False,,wrong in 1-2 seeds
837c358e948b88e8,20250213,Field Noise,Noise,Noise,-0.0785027572086879,-0.0795612505504062,PD,True,false alarm,True,-0.0785027572086879,False,-0.0763836928776332,False,-0.0540486063276018,1,False,False,False,1.0,19.154456209891137,,0.38188976377952755,ok,False,False,,wrong in 1-2 seeds
db5a40cc7a70475a,20250216,Field Noise,Noise,Noise,0.0113461869103567,0.0102876935686383,Noise,False,correct,False,0.0113461869103567,False,-0.0052962303161621,False,-0.024421283176967,0,False,True,False,0.4666666666666667,63.92818752306424,,0.7470472440944882,ok,False,False,,always correct
046ede97f504cf9d,20250216,Field Noise,Noise,Noise,-0.0460667439869471,-0.0471252373286654,PD,True,false alarm,True,-0.0460667439869471,False,-0.0198457922254289,False,-0.0603666986737932,1,False,True,True,0.5333333333333333,67.39841693841268,,0.7687007874015748,ok,False,False,,wrong in 1-2 seeds
b5141a1f4232bc99,20250216,Field Noise,Noise,Noise,-0.0509128400257655,-0.0519713333674838,PD,True,false alarm,True,-0.0509128400257655,False,-0.0277777569634573,False,-0.0290967055729457,1,False,False,True,0.3333333333333333,100.83643075536308,,0.875,ok,False,False,,wrong in 1-2 seeds
09a2b449dcf8c31d,20250217,Field Noise,Noise,Noise,0.0039011750902448,0.0028426817485264,Noise,False,correct,False,0.0039011750902448,False,-0.037660138947623,False,-0.0508255617959158,0,False,True,True,0.5333333333333333,55.69117331731563,,0.6811023622047244,ok,False,False,,always correct
6a5f0ee457ce19df,20250217,Field Noise,Noise,Noise,0.0103187050138201,0.0092602116721017,Noise,False,correct,False,0.0103187050138201,False,-0.0637918710708618,False,-0.0148476532527379,0,False,True,True,0.4,55.71710672768006,,0.6820866141732284,ok,False,False,,always correct
e91d0792f1fa8de9,20250217,Field Noise,Noise,Noise,-0.0330709218978881,-0.0341294152396064,PD,True,false alarm,True,-0.0330709218978881,False,-0.0238544940948486,False,-0.0241752352033342,1,False,True,True,0.4666666666666667,56.42914134168085,,0.6899606299212598,ok,False,False,,wrong in 1-2 seeds
669ed7b4e538c917,20250217,Field Noise,Noise,Noise,-0.0036020108631678,-0.0046605042048861,PD,True,false alarm,True,-0.0036020108631678,False,0.0005527053560529,False,-0.0505591120038713,1,False,True,True,0.4666666666666667,56.19213425779241,,0.6860236220472441,ok,False,False,,wrong in 1-2 seeds
59cfb38d28da6696,20250217,Field Noise,Noise,Noise,-0.0279656478336879,-0.0290241411754062,PD,True,false alarm,True,-0.0279656478336879,False,-0.0093127659388951,False,-0.0458405443600246,1,False,True,True,0.3333333333333333,56.41315203663183,,0.6889763779527559,ok,False,False,,wrong in 1-2 seeds
d65cdfcd2ad3ed24,20250217,Field Noise,Noise,Noise,-0.0344645295824323,-0.0355230229241506,PD,True,false alarm,True,-0.0344645295824323,False,-0.0427424226488386,False,-0.0855028714452471,1,False,True,False,1.0,91.50628155108441,,0.8503937007874016,ok,False,False,,wrong in 1-2 seeds
2a7da90dbdaff44f,20250217,Field Noise,Noise,Noise,-0.0455797059195382,-0.0466381992612565,PD,True,false alarm,True,-0.0455797059195382,False,-0.0505634546279906,False,-0.0697927134377615,1,False,True,False,1.0,92.07841291839198,,0.8523622047244095,ok,False,False,,wrong in 1-2 seeds
f08262fd6a80e0b6,20250217,Field Noise,Noise,Noise,-0.0742197377341134,-0.0752782310758317,PD,True,false alarm,True,-0.0742197377341134,False,-0.056790930884225,False,-0.0636328629084996,1,False,True,True,0.8666666666666667,95.0500145808976,,0.860236220472441,ok,False,False,,wrong in 1-2 seeds
44cbf0c3ea019f72,20250217,Field Noise,Noise,Noise,-0.0529367072241646,-0.0539952005658829,PD,True,false alarm,True,-0.0529367072241646,False,-0.0425377402986799,False,-0.0810868399483817,1,False,True,True,0.5333333333333333,93.56097830692438,,0.8562992125984252,ok,False,False,,wrong in 1-2 seeds
3d621cbe15953fc5,20250217,Field Noise,Noise,Noise,-0.0360428776059831,-0.0371013709477014,PD,True,false alarm,True,-0.0360428776059831,False,-0.0605114187513078,False,-0.0730558974402291,1,False,True,True,0.4666666666666667,92.33316143903252,,0.8553149606299213,ok,False,False,,wrong in 1-2 seeds
7b5ec5d765e743a1,20250217,Field Noise,Noise,Noise,0.0178230660302298,0.0167645726885114,Noise,False,correct,False,0.0178230660302298,False,0.0202137231826782,False,-0.0156688519886561,0,True,True,True,0.0666666666666666,19.729700041416425,,0.4035433070866142,ok,False,False,,always correct
e00b270191345b3e,20250217,Field Noise,Noise,Noise,0.0054372208459036,0.0043787275041852,Noise,False,correct,False,0.0054372208459036,False,0.0042064360209873,False,-0.0065032754625593,0,True,True,True,0.0666666666666666,19.840759266464346,,0.40846456692913385,ok,False,False,,always correct
3af13d6d1dc3fbfd,20250217,Field Noise,Noise,Noise,0.00388651234763,0.0028280190059116,Noise,False,correct,False,0.00388651234763,False,0.0058414595467703,False,-0.0316371747425624,0,True,True,True,0.0666666666666666,19.580051066248448,,0.3986220472440945,ok,False,False,,always correct
49dbb7fa94387772,20250217,Field Noise,Noise,Noise,0.0153650215693882,0.0143065282276698,Noise,False,correct,False,0.0153650215693882,False,0.0339060340608869,False,0.0291118621826172,0,True,True,True,0.0666666666666666,19.782124014099704,,0.40551181102362205,ok,False,False,,always correct
a91e67050752f478,20250217,Field Noise,Noise,Noise,0.0084247759410313,0.0073662825993129,Noise,False,correct,False,0.0084247759410313,False,0.0053623063223703,False,-0.0011157478604997,0,True,True,True,0.0,20.276880189707803,,0.41437007874015747,ok,False,False,,always correct
726401204f801a13,20250217,Field Noise,Noise,Noise,0.0091941697256905,0.0081356763839721,Noise,False,correct,False,0.0091941697256905,False,-0.0431819302695138,False,-0.0503424746649606,0,False,True,True,0.1333333333333333,27.83745690068486,,0.5226377952755905,ok,False,False,,always correct
7fcdc97cf2021de9,20250217,Field Noise,Noise,Noise,-0.0125774826322283,-0.0136359759739466,PD,True,false alarm,True,-0.0125774826322283,False,-0.0217928716114588,False,-0.0210271733147757,1,False,True,True,0.1333333333333333,27.71334943796684,,0.5216535433070866,ok,False,False,,wrong in 1-2 seeds
3a5d596a1c29021f,20250217,Field Noise,Noise,Noise,-0.0058592643056597,-0.006917757647378,PD,True,false alarm,True,-0.0058592643056597,False,-0.0197809764317103,False,-0.0173220975058419,1,False,True,True,0.1333333333333333,28.28410260729401,,0.5255905511811023,ok,False,False,,wrong in 1-2 seeds
956f17d14e388d78,20250217,Field Noise,Noise,Noise,-0.0295064789908273,-0.0305649723325456,PD,True,false alarm,True,-0.0295064789908273,False,-0.0466586521693638,False,-0.0208161899021693,1,False,True,True,0.1333333333333333,28.360948228610468,,0.5265748031496063,ok,False,False,,wrong in 1-2 seeds
a1f1562413e0dc97,20250217,Field Noise,Noise,Noise,-0.0038150038037981,-0.0048734971455164,PD,True,false alarm,True,-0.0038150038037981,False,-0.0332069567271641,False,-0.0277096714292253,1,False,True,True,0.0666666666666666,27.95201311144121,,0.5236220472440944,ok,False,False,,wrong in 1-2 seeds
4f3a6d8354141c6e,20250217,Field Noise,Noise,Noise,-0.0308302130017961,-0.0318887063435144,PD,True,false alarm,True,-0.0308302130017961,False,-0.0389330387115478,False,-0.0342502168246677,1,False,True,True,0.0,19.282085849215918,,0.3858267716535433,ok,False,False,,wrong in 1-2 seeds
f79fd8c7becdccee,20250217,Field Noise,Noise,Noise,-0.0250158139637538,-0.0260743073054721,PD,True,false alarm,True,-0.0250158139637538,False,-0.0367816516331264,False,-0.056091581072126,1,False,True,True,0.0,19.50972372474704,,0.3937007874015748,ok,False,False,,wrong in 1-2 seeds
77d7efb8e24fbc5c,20250217,Field Noise,Noise,Noise,-0.0047403744288852,-0.0057988677706035,PD,True,false alarm,True,-0.0047403744288852,False,-0.054130094391959,False,-0.036425164767674,1,False,True,True,0.0,19.218234550198098,,0.3838582677165354,ok,False,False,,wrong in 1-2 seeds
c2e9bf439276b8a8,20250217,Field Noise,Noise,Noise,-0.003050855227879,-0.0041093485695973,PD,True,false alarm,True,-0.003050855227879,False,-0.0192628587995256,False,-0.0182488986424037,1,False,True,True,0.0,19.05130521466624,,0.37893700787401574,ok,False,False,,wrong in 1-2 seeds
763bc4e64bde8ab8,20250217,Field Noise,Noise,Noise,-0.0408826555524553,-0.0419411488941736,PD,True,false alarm,True,-0.0408826555524553,False,-0.0563034840992518,False,-0.0565792662756783,1,False,True,True,0.0,19.34143356601804,,0.3887795275590551,ok,False,False,,wrong in 1-2 seeds
3fadd4430948ee99,20250217,Field Noise,Noise,Noise,-0.0121453148978096,-0.0132038082395279,PD,True,false alarm,True,-0.0121453148978096,False,0.0171250615801129,False,0.0189416067940848,1,False,False,False,1.0,19.54000955673943,,0.3956692913385827,ok,False,False,,wrong in 1-2 seeds
0c9ec1c3341e3b3a,20250217,Field Noise,Noise,Noise,-0.0368099042347499,-0.0378683975764682,PD,True,false alarm,True,-0.0368099042347499,False,-0.0247281278882708,False,-0.0377131189618791,1,False,False,False,0.9333333333333332,90.91244054595836,,0.8474409448818898,ok,False,False,,wrong in 1-2 seeds
ced6ef8a2cfb2376,20250217,Field Noise,Noise,Noise,-0.0523629188537598,-0.0534214121954781,PD,True,false alarm,True,-0.0523629188537598,False,-0.0732604776109968,False,-0.0177561555589948,1,False,False,False,0.9333333333333332,121.05777945824399,,0.9124015748031497,ok,False,False,,wrong in 1-2 seeds
a9fc160fd638a0b9,20250217,Field Noise,Noise,Noise,0.0131081172398159,0.0120496238980975,Noise,False,correct,False,0.0131081172398159,False,0.0389106954847063,False,0.0099151475088937,0,False,True,False,1.0,13.7567387465274,,0.3061023622047244,ok,False,False,,always correct
e7981fd497a55cb3,20250217,Field Noise,Noise,Noise,0.0606151308332169,0.0595566374914985,Noise,False,correct,False,0.0606151308332169,False,0.0652659620557513,False,0.0616564069475446,0,False,False,False,0.9333333333333332,13.026732929942348,,0.28346456692913385,ok,False,False,,always correct
3619a430ccc2c3c8,20250211,Field Noise,Noise,Noise,0.0023142610277448,0.0012557676860264,Noise,False,correct,False,0.0023142610277448,False,0.0704191412244524,False,0.0024452039173671,0,False,False,False,0.7333333333333333,55.26374260941809,,0.6791338582677166,ok,False,False,,always correct
da8cb6888b679c9d,20250211,Field Noise,Noise,Noise,-0.0288006237574986,-0.0298591170992169,PD,True,false alarm,True,-0.0288006237574986,False,0.0634573868342808,False,0.0143300805773053,1,False,False,False,0.8666666666666667,45.25397288672565,,0.6141732283464567,ok,False,False,,wrong in 1-2 seeds
0ce0679a25c67faf,20250211,Field Noise,Noise,Noise,-0.0083457742418561,-0.0094042675835744,PD,True,false alarm,True,-0.0083457742418561,False,0.023674692426409,False,0.0046094145093645,1,False,False,False,0.8,40.08721579709527,,0.5826771653543307,ok,False,False,,wrong in 1-2 seeds
5f4d1bdd9fcebcdb,20250211,Field Noise,Noise,Noise,0.0880051340375628,0.0869466406958444,Noise,False,correct,False,0.0880051340375628,False,0.10145480292184,False,0.0696333817073276,0,False,False,False,0.8,44.16706270784189,,0.6072834645669292,ok,False,False,,always correct
450d6b71024d10ab,20250213,Field Noise,Noise,Noise,0.0834790297916956,0.0824205364499772,Noise,False,correct,False,0.0834790297916956,False,0.0840018817356655,False,0.1540774277278355,0,True,True,True,0.0666666666666666,55.970611282356764,,0.6850393700787402,ok,False,False,,always correct
8480390b29cf8a5e,20250213,Field Noise,Noise,Noise,0.1418627330235072,0.1408042396817888,Noise,False,correct,False,0.1418627330235072,False,0.158484935760498,False,0.1416800362723214,0,True,False,False,1.0,13.097225028356442,,0.2854330708661417,ok,False,False,,always correct
c366fc20cb24b5db,20250213,Field Noise,Noise,Noise,0.2278627668108259,0.2268042734691075,Noise,False,correct,False,0.2278627668108259,False,0.2086705139705113,False,0.1810658318655832,0,False,False,False,1.0,15.00565376442776,,0.3297244094488189,ok,False,False,,always correct
bc02290394c39b16,20250213,Field Noise,Noise,Noise,0.1384209564753941,0.1373624631336757,Noise,False,correct,False,0.1384209564753941,False,0.152855736868722,False,0.1876979555402484,0,True,False,False,1.0,15.062397160224636,,0.33070866141732286,ok,False,False,,always correct
2752b3641a535ab7,20250205,Field Noise,Noise,Noise,0.0543153967176164,0.053256903375898,Noise,False,correct,False,0.0543153967176164,False,0.0271406173706054,False,0.0897456918443952,0,False,False,True,0.6666666666666666,54.72627969267775,,0.6751968503937008,ok,False,False,,always correct
5aa12174d7022660,20250205,Field Noise,Noise,Noise,0.0791129384722027,0.0780544451304843,Noise,False,correct,False,0.0791129384722027,False,0.1349577222551618,False,0.0974921328680856,0,False,False,True,0.3333333333333333,69.28446265827667,,0.7765748031496063,ok,False,False,,always correct
0795643c81579511,20250205,Field Noise,Noise,Noise,0.0867201600755964,0.085661666733878,Noise,False,correct,False,0.0867201600755964,False,0.0821280649730137,False,0.0932326316833495,0,False,False,True,0.7333333333333333,49.41092206970683,,0.640748031496063,ok,False,False,,always correct
0e983cce5500899f,20250205,Field Noise,Noise,Noise,0.0139800310134887,0.0129215376717703,Noise,False,correct,False,0.0139800310134887,False,-0.0372049467904227,True,-0.1439179182052612,1,False,False,True,0.6,14.226360035719171,,0.3159448818897638,ok,False,False,,wrong in 1-2 seeds
621562a53fc51df5,20250205,Field Noise,Noise,Noise,-0.0061104297637939,-0.0071689231055122,PD,True,false alarm,True,-0.0061104297637939,False,-0.0906769888741629,True,-0.180138349533081,2,False,False,False,0.7333333333333333,15.160188016484819,,0.33267716535433073,ok,False,False,,wrong in 1-2 seeds
f8a790272ca32e63,20250205,Field Noise,Noise,Noise,0.0073881319590977,0.0063296386173793,Noise,False,correct,False,0.0073881319590977,False,-0.0827223232814243,True,-0.1622416973114013,1,False,False,True,0.6666666666666666,14.34970179194023,,0.3169291338582677,ok,False,False,,wrong in 1-2 seeds
fa9669af1246fa85,20250205,Field Noise,Noise,Noise,0.0034096070698329,0.0023511137281145,Noise,False,correct,False,0.0034096070698329,False,-0.0758798803601946,True,-0.1061908687864031,1,False,False,False,0.7333333333333333,17.844096592086487,,0.35826771653543305,ok,False,False,,wrong in 1-2 seeds
eebeade9522092dd,20250205,Field Noise,Noise,Noise,0.0116150719778878,0.0105565786361694,Noise,False,correct,False,0.0116150719778878,False,-0.0772204910005842,True,-0.1150480423654829,1,False,False,True,0.7333333333333333,17.5536628028065,,0.3562992125984252,ok,False,False,,wrong in 1-2 seeds
de75f25972fc0416,20250205,Field Noise,Noise,Noise,0.0401370695659092,0.0390785762241908,Noise,False,correct,False,0.0401370695659092,False,-0.0764451708112444,True,-0.1075363840375628,1,False,False,True,0.6666666666666666,17.196954637120406,,0.35236220472440943,ok,False,False,,wrong in 1-2 seeds
081b46dee4d9d3a3,20250205,Field Noise,Noise,Noise,0.0562113012586321,0.0551528079169137,Noise,False,correct,False,0.0562113012586321,False,-0.088089006287711,True,-0.1155162453651428,1,False,False,True,0.6666666666666666,16.644879326263588,,0.3464566929133858,ok,False,False,,wrong in 1-2 seeds
509f451ae08eb0ca,20250205,Field Noise,Noise,Noise,0.0574401617050171,0.0563816683632987,Noise,False,correct,False,0.0574401617050171,True,-0.0957185881478445,True,-0.1238293732915606,2,False,False,True,0.6666666666666666,15.928261877157864,,0.3395669291338583,ok,False,False,,wrong in 1-2 seeds
7e4ceb4a7556f60d,20230915,Field Noise,Noise,Noise,1.0479347365243097,1.046876243182591,Noise,False,correct,False,1.0479347365243097,False,0.975885834012713,False,1.016190699168614,0,True,False,False,0.9333333333333332,2.489154877291459,,0.008858267716535433,ok,False,False,,always correct
64b55aab4fab61d8,20230915,Field Noise,Noise,Noise,0.6550122669764927,0.6539537736347744,Noise,False,correct,False,0.6550122669764927,False,0.6329269068581718,False,0.6165752751486642,0,True,False,False,1.0,2.97450814217628,,0.00984251968503937,ok,False,False,,always correct
2547ff64b3d9fec9,20230915,Field Noise,Noise,Noise,0.4213004452841623,0.4202419519424439,Noise,False,correct,False,0.4213004452841623,False,0.4049951348985944,False,0.4445438385009765,0,True,False,False,1.0,6.69667188825829,,0.058070866141732284,ok,False,False,,always correct
369c81711e4c806a,20230915,Field Noise,Noise,Noise,0.4704508781433105,0.4693923848015921,Noise,False,correct,False,0.4704508781433105,False,0.4441161496298654,False,0.495556320462908,0,False,False,False,0.8,6.040858865151238,,0.040354330708661415,ok,False,False,,always correct
c3b7a8c4d860ef8e,20230915,Field Noise,Noise,Noise,0.2135064942496164,0.212448000907898,Noise,False,correct,False,0.2135064942496164,False,0.2600843565804617,False,0.2919666085924421,0,False,False,False,0.6666666666666666,6.10985738494613,,0.04232283464566929,ok,False,False,,always correct
c9def6f021c507d7,20230903,Field Noise,Noise,Noise,0.1929287229265485,0.1918702295848301,Noise,False,correct,False,0.1929287229265485,False,0.2218130145754132,False,0.2582490273884365,0,False,False,False,1.0,9.317965832136833,,0.19783464566929135,ok,False,False,,always correct
6bf070961c861eb7,20230908,Field Noise,Noise,Noise,0.2426941054207938,0.2416356120790754,Noise,False,correct,False,0.2426941054207938,False,0.2144629614693778,False,0.2632066522325788,0,False,False,False,1.0,24.272587160854094,,0.4940944881889764,ok,False,False,,always correct
139889ea6dfb8c2d,20230912,Field Noise,Noise,Noise,0.8041400909423828,0.8030815976006644,Noise,False,correct,False,0.8041400909423828,False,0.7947793006896973,False,0.7339869567326137,0,True,False,False,0.8666666666666667,20.9012271208695,,0.421259842519685,ok,False,False,,always correct
62c23c3dd82ed7cc,20230912,Field Noise,Noise,Noise,0.4277433667864118,0.4266848734446934,Noise,False,correct,False,0.4277433667864118,False,0.3883702754974365,False,0.3416994980403356,0,False,False,False,1.0,11.29475469576483,,0.2470472440944882,ok,False,False,,always correct
8872e046e589ced9,20230912,Field Noise,Noise,Noise,0.4894707884107317,0.4884122950690133,Noise,False,correct,False,0.4894707884107317,False,0.4630254677363804,False,0.4677287510463169,0,True,False,False,0.9333333333333332,11.737977225007349,,0.2559055118110236,ok,False,False,,always correct
b3a9079b8a3bd90c,20230912,Field Noise,Noise,Noise,0.8540806429726737,0.8530221496309554,Noise,False,correct,False,0.8540806429726737,False,0.7971217632293701,False,0.7930912971496582,0,False,False,False,0.9333333333333332,19.919345716308115,,0.41141732283464566,ok,False,False,,always correct
a2027ec9f270b788,20230922,Field Noise,Noise,Noise,0.6724131447928292,0.6713546514511108,Noise,False,correct,False,0.6724131447928292,False,0.5280892167772565,False,0.5412885120936802,0,True,False,True,0.6,75.16854263227427,,0.7982283464566929,ok,False,False,,always correct
8ed8138f98df55f4,20230923,Field Noise,Noise,Noise,0.6496902874537877,0.6486317941120693,Noise,False,correct,False,0.6496902874537877,False,0.5899671486445835,False,0.6303954805646624,0,True,False,False,0.6,47.6854543308863,,0.6279527559055118,ok,False,False,,always correct
b0a25dca1ef2f132,20230927,Field Noise,Noise,Noise,0.5253525461469378,0.5242940528052195,Noise,False,correct,False,0.5253525461469378,False,0.5102363995143346,False,0.4917455060141427,0,True,False,False,0.9333333333333332,17.93828822283247,,0.3612204724409449,ok,False,False,,always correct
76f5cbd7ea59d675,20230927,Field Noise,Noise,Noise,0.7203798975263324,0.719321404184614,Noise,False,correct,False,0.7203798975263324,False,0.7874337605067662,False,0.8365773814065116,0,True,False,False,0.7333333333333333,10.985831462597838,,0.24015748031496062,ok,False,False,,always correct
8ed224e09fa8b49c,20231010,Field Noise,Noise,Noise,0.3676614420754568,0.3666029487337384,Noise,False,correct,False,0.3676614420754568,False,0.4436348165784563,False,0.2718685013907296,0,True,False,True,0.6,71.53297374137914,,0.7834645669291339,ok,False,False,,always correct
721684133e2d9afa,20231010,Field Noise,Noise,Noise,0.1061106749943324,0.105052181652614,Noise,False,correct,False,0.1061106749943324,False,0.1028323173522948,False,0.0280539308275495,0,True,False,False,0.5333333333333333,45.819804539324906,,0.6171259842519685,ok,False,False,,always correct
d645dc5adb59551d,20231010,Field Noise,Noise,Noise,0.5543604578290667,0.5533019644873484,Noise,False,correct,False,0.5543604578290667,False,0.5015279224940709,False,0.5095873900822232,0,True,False,True,0.5333333333333333,62.73690723841772,,0.7381889763779528,ok,False,False,,always correct
f800955d2b380e7c,20231010,Field Noise,Noise,Noise,0.5107176985059466,0.5096592051642282,Noise,False,correct,False,0.5107176985059466,False,0.4496188504355294,False,0.4504129546029227,0,True,False,False,0.8666666666666667,46.86343795856074,,0.6210629921259843,ok,False,False,,always correct
330b09ef5d9a5309,20230902,Field Noise,Noise,Noise,0.1351972648075648,0.1341387714658464,Noise,False,correct,False,0.1351972648075648,False,0.1419854419572012,False,0.1399181570325579,0,True,False,False,1.0,37.62784983806132,,0.5748031496062992,ok,False,False,,always correct
55c4b04d8e24fdee,20230908,Field Noise,Noise,Noise,0.5353381974356515,0.5342797040939331,Noise,False,correct,False,0.5353381974356515,False,0.5348463739667618,False,0.559037583214896,0,False,False,False,1.0,22.55768562075783,,0.47244094488188976,ok,False,False,,always correct
1c58a524c71b6390,20230922,Field Noise,Noise,Noise,0.5227710860116142,0.5217125926698958,Noise,False,correct,False,0.5227710860116142,False,0.6100782326289587,False,0.6052186489105225,0,False,False,False,1.0,40.68685074165979,,0.5846456692913385,ok,False,False,,always correct
d2bb75cc576843b0,20230922,Field Noise,Noise,Noise,0.1540170397077288,0.1529585463660104,Noise,False,correct,False,0.1540170397077288,False,0.1091743537357875,False,0.1690402371542794,0,True,False,False,1.0,65.19964672609585,,0.7568897637795275,ok,False,False,,always correct
eb495321dc1bb417,20230922,Field Noise,Noise,Noise,0.390756436756679,0.3896979434149606,Noise,False,correct,False,0.390756436756679,False,0.1740117073059081,False,0.3705958638872419,0,True,False,False,1.0,57.156252745612846,,0.6938976377952756,ok,False,False,,always correct
cb06d89e7a972d05,20230902,Field Noise,Noise,Noise,0.1893872874123709,0.1883287940706525,Noise,False,correct,False,0.1893872874123709,False,0.2331021513257707,False,0.1827297551291329,0,True,True,True,0.7333333333333333,98.23564839009966,,0.8690944881889764,ok,False,False,,always correct
f041e45d16e0f171,20230902,Field Noise,Noise,Noise,0.2450033596583774,0.243944866316659,Noise,False,correct,False,0.2450033596583774,False,0.2217346940721783,False,0.2645866189684187,0,True,True,True,0.2,108.33996762006785,,0.8877952755905512,ok,False,False,,always correct
3659f9824d1dc3eb,20230902,Field Noise,Noise,Noise,0.9627748557499476,0.9617163624082292,Noise,False,correct,False,0.9627748557499476,False,0.990247998918806,False,1.0448788234165736,0,True,False,False,0.9333333333333332,11.607398089086216,,0.25393700787401574,ok,False,False,,always correct
b06b58235f16d323,20230912,Field Noise,Noise,Noise,1.1915807723999023,1.190522279058184,Noise,False,correct,False,1.1915807723999023,False,1.2508727822984969,False,1.2579232624598913,0,True,False,False,0.9333333333333332,7.691364247435674,,0.11515748031496063,ok,False,False,,always correct
dfda1c4e8eddecba,20230913,Field Noise,Noise,Noise,0.8790317944117955,0.8779733010700771,Noise,False,correct,False,0.8790317944117955,False,0.940521614892142,False,0.9191278389522008,0,True,False,False,0.8666666666666667,8.475247889054529,,0.15255905511811024,ok,False,False,,always correct
2aa84b77d3de89cb,20230913,Field Noise,Noise,Noise,1.0303565774645125,1.029298084122794,Noise,False,correct,False,1.0303565774645125,False,1.0776828016553606,False,1.050546373639788,0,True,False,False,0.8,7.591916324156383,,0.10925196850393701,ok,False,False,,always correct
2bbf9c043359d406,20230913,Field Noise,Noise,Noise,1.124523299080985,1.1234648057392669,Noise,False,correct,False,1.124523299080985,False,1.2745534011295865,False,1.18095064163208,0,True,False,False,0.9333333333333332,11.4023044346083,,0.25098425196850394,ok,False,False,,always correct
bcbcf5f1574e33fa,20230902,Field Noise,Noise,Noise,-0.0335968392235891,-0.0346553325653074,PD,True,false alarm,True,-0.0335968392235891,False,-0.0594417708260672,False,-0.0648935181753975,1,False,False,False,0.5333333333333333,83.25482887616151,,0.8248031496062992,ok,False,False,,wrong in 1-2 seeds
24362295e2d4f83e,20230902,Field Noise,Noise,Noise,0.0135882581983293,0.0125297648566109,Noise,False,correct,False,0.0135882581983293,False,-0.0113200800759451,False,0.0122110503060477,0,False,False,False,0.8666666666666667,47.88757775045046,,0.6289370078740157,ok,False,False,,always correct
7003d711f5ba2ee1,20230903,Field Noise,Noise,Noise,-0.0186663695744105,-0.0197248629161288,PD,True,false alarm,True,-0.0186663695744105,False,-0.0378694193703788,False,-0.0586042404174805,1,True,True,False,0.6666666666666666,186.3138283952295,,0.9783464566929134,ok,False,False,,wrong in 1-2 seeds
785e1f5cb7a645c7,20231002,Field Noise,Noise,Noise,-0.0433697359902518,-0.0444282293319701,PD,True,false alarm,True,-0.0433697359902518,False,-0.0341548579079764,False,-0.0401523453848702,1,True,False,False,1.0,21.04012782335514,,0.422244094488189,ok,False,False,,wrong in 1-2 seeds
15fbb9e3831e3d7e,20230903,Field Noise,Noise,Noise,0.8759881768907819,0.8749296835490635,Noise,False,correct,False,0.8759881768907819,False,0.8708365304129464,False,0.8447346006120954,0,False,False,False,0.7333333333333333,50.25335707278727,,0.6437007874015748,ok,False,False,,always correct
db0cb72f09949af6,20230908,Field Noise,Noise,Noise,0.054131405694144,0.0530729123524256,Noise,False,correct,False,0.054131405694144,False,0.0415590490613663,False,0.0447265420641217,0,False,False,False,0.9333333333333332,41.672722390572055,,0.594488188976378,ok,False,False,,always correct
e434c566b01dccfe,20230902,Field Noise,Noise,Noise,0.2848371778215681,0.2837786844798497,Noise,False,correct,False,0.2848371778215681,False,0.3996204648699079,False,0.2378475666046142,0,True,True,True,0.4,129.07020867846228,,0.9271653543307087,ok,False,False,,always correct
5273da37c0de2d05,20230922,Field Noise,Noise,Noise,-0.0827505588531493,-0.0838090521948676,PD,True,false alarm,True,-0.0827505588531493,False,-0.031095198222569,False,-0.0623932565961565,1,True,False,True,0.5333333333333333,22.39098989490234,,0.46653543307086615,ok,False,False,,wrong in 1-2 seeds
110b22cc2958ea65,20230922,Field Noise,Noise,Noise,0.0519413607461111,0.0508828674043927,Noise,False,correct,False,0.0519413607461111,False,0.0825729029519217,False,0.132603679384504,0,True,False,True,0.4666666666666667,35.97508805155564,,0.5659448818897638,ok,False,False,,always correct
8d83613c995aa9e0,20230922,Field Noise,Noise,Noise,0.0044251850673131,0.0033666917255947,Noise,False,correct,False,0.0044251850673131,False,0.0434105396270752,False,0.1210127217429024,0,True,False,False,0.8666666666666667,32.36402697345411,,0.547244094488189,ok,False,False,,always correct
1272b04e719f1ff9,20230922,Field Noise,Noise,Noise,-0.096623488834926,-0.0976819821766443,PD,True,false alarm,True,-0.096623488834926,False,-0.0917131900787353,True,-0.0922430242810931,2,True,False,False,0.9333333333333332,19.84344677516978,,0.4094488188976378,ok,False,False,,wrong in 1-2 seeds
9400454eed627cfc,20230902,Field Noise,Noise,Noise,0.0331463473183768,0.0320878539766584,Noise,False,correct,False,0.0331463473183768,True,-0.1254004410334996,True,-0.0998382908957344,2,True,True,True,0.0666666666666666,92.26907109637334,,0.8543307086614174,ok,False,False,,wrong in 1-2 seeds
feeb5dfca67e3967,20230928,Field Noise,Noise,Noise,0.3414197308676584,0.34036123752594,Noise,False,correct,False,0.3414197308676584,False,0.340684447969709,False,0.3440040179661342,0,False,False,False,0.9333333333333332,77.09065971176284,,0.8061023622047244,ok,False,False,,always correct
af2f2a2f8131ac5d,20231003,Field Noise,Noise,Noise,0.2974789142608642,0.2964204209191458,Noise,False,correct,False,0.2974789142608642,False,0.3648269176483154,False,0.3452845641544886,0,False,False,False,0.9333333333333332,77.53232162603273,,0.8080708661417323,ok,False,False,,always correct
edb122f4e2afb8db,20231023,Field PD,Corona,PD,0.0882435866764613,0.0871850933347429,Noise,True,missed PD,True,0.0882435866764613,True,-0.044295242854527,True,-0.0077511923653738,3,False,False,False,0.8666666666666667,434.18009114945346,11.738457365983493,0.9696969696969697,ok,True,True,Floating,wrong in all 3 seeds
0dfac41eb1b50eae,20231023,Field PD,Corona,PD,0.0490168503352574,0.047958356993539,Noise,True,missed PD,True,0.0490168503352574,False,-0.1023256097521101,True,-0.0369112491607665,2,False,False,False,1.0,453.41669679679956,28.228582734111285,1.0,ok,True,True,Void,wrong in 1-2 seeds
2a8f40085d19e769,20231023,Field PD,Corona,PD,-0.0224664211273193,-0.0235249144690376,PD,False,correct,False,-0.0224664211273193,False,-0.1778631891523088,True,-0.0819852011544364,1,False,False,False,0.8666666666666667,376.23772528978424,28.62917078063333,0.9090909090909091,ok,True,True,Void,wrong in 1-2 seeds
a84fe20ce88c5fd2,20231023,Field PD,Corona,PD,0.0199130262647356,0.0188545329230172,Noise,True,missed PD,True,0.0199130262647356,False,-0.1088015011378696,True,-0.0254462787083217,2,False,False,False,0.8666666666666667,425.6263899780036,13.123900800895797,0.9393939393939394,ok,True,True,Floating,wrong in 1-2 seeds
96bb9b1481031827,20231023,Field PD,Corona,PD,0.1186453274318149,0.1175868340900965,Noise,True,missed PD,True,0.1186453274318149,True,-0.0083179473876953,True,-0.0184462240764073,3,False,False,False,0.4,358.4571379612322,7.119489274385558,0.8484848484848485,ok,True,True,Floating,wrong in all 3 seeds
cfc56fb7c351c6a8,20231023,Field PD,Corona,PD,0.0840104988643101,0.0829520055225917,Noise,True,missed PD,True,0.0840104988643101,True,-0.0619381495884487,True,0.0195331232888358,3,False,False,False,0.6,375.1383082500323,5.238254326277342,0.8787878787878788,ok,True,True,Floating,wrong in all 3 seeds
11134be3bde0d983,20190403,Field PD,Floating,PD,0.0277377196720668,0.0266792263303484,Noise,True,missed PD,True,0.0277377196720668,False,-0.1137913295200892,False,-0.1188154050282068,1,False,False,False,1.0,133.12376661724704,6.021508509195613,0.472,ok,False,False,Void,wrong in 1-2 seeds
06deab1f1f50d547,20190327,Field PD,Floating,PD,0.0372888360704694,0.036230342728751,Noise,True,missed PD,True,0.0372888360704694,False,-0.1027126312255859,True,-0.0817000184740337,2,True,True,True,0.0666666666666666,13.542263722488276,-0.42761808270193313,0.008,ok,False,False,Void,wrong in 1-2 seeds
2b67d0b613393ab2,20210605,Field PD,Floating,PD,-0.1456796101161412,-0.1467381034578595,PD,False,correct,False,-0.1456796101161412,False,-0.1710542951311384,False,-0.1380319595336914,0,False,False,False,1.0,155.93178360749178,9.332971610285767,0.576,ok,False,False,Void,always correct
b8c808f04d4063fc,20210605,Field PD,Floating,PD,-0.1175495897020612,-0.1186080830437795,PD,False,correct,False,-0.1175495897020612,False,-0.1551256690706526,False,-0.1522143823759896,0,False,False,False,1.0,137.17258902322362,5.447574151533644,0.48,ok,False,False,Void,always correct
6e3c340e6227e54c,20210104,Field PD,Floating,PD,-0.8842972346714565,-0.8853557280131749,PD,False,correct,False,-0.8842972346714565,False,-1.0826710292271204,False,-0.9118402004241944,0,False,False,False,0.8666666666666667,213.70119060298035,-0.2397962906321709,0.848,ok,True,False,Corona,always correct
f2de0a1488c9174a,20210104,Field PD,Floating,PD,-0.9079840864453996,-0.909042579787118,PD,False,correct,False,-0.9079840864453996,False,-1.0732133388519287,False,-0.882077659879412,0,False,False,False,0.8,199.63109257120453,3.2153039053291366,0.808,ok,False,False,Void,always correct
004be058f7d6cfed,20210104,Field PD,Floating,PD,-0.8918432508196149,-0.8929017441613333,PD,False,correct,False,-0.8918432508196149,False,-1.1195949486323766,False,-0.941235031400408,0,False,False,False,0.8666666666666667,187.04374431855845,5.176831712515309,0.776,ok,False,False,Void,always correct
3d08f8a7c24afebc,20210104,Field PD,Floating,PD,-0.86758405821664,-0.8686425515583583,PD,False,correct,False,-0.86758405821664,False,-1.1052661623273576,False,-0.8962567874363491,0,False,False,False,0.8666666666666667,197.05178401748026,8.063785752251022,0.8,ok,False,False,Corona,always correct
f7fddaa8f157690e,20210104,Field PD,Floating,PD,-0.8877124105181012,-0.8887709038598196,PD,False,correct,False,-0.8877124105181012,False,-1.040562323161534,False,-0.8631010736737933,0,False,False,False,0.9333333333333332,226.82652718368416,6.401912547124567,0.912,ok,True,False,Corona,always correct
44c7839381042f32,20230404,Field PD,Floating,PD,-0.3757096018110003,-0.3767680951527187,PD,False,correct,False,-0.3757096018110003,False,-0.4415205717086792,False,-0.4592490536825998,0,False,False,False,0.4,48.874190772308495,-14.458458237790566,0.032,ok,False,False,Void,always correct
87d3c9188877bafb,20230404,Field PD,Floating,PD,-0.4924413817269461,-0.4934998750686645,PD,False,correct,False,-0.4924413817269461,False,-0.4194749764033726,False,-0.4198794705527168,0,True,False,False,0.4,56.45252918417417,-14.3808880305739,0.072,ok,False,False,Void,always correct
032d431664ff8ea2,20230404,Field PD,Floating,PD,-1.3620826176234655,-1.363141110965184,PD,False,correct,False,-1.3620826176234655,False,-1.3581296035221644,False,-1.4467098372323173,0,False,False,False,0.6666666666666666,60.74683134039396,-3.309312941164073,0.112,ok,False,False,Void,always correct
47b46b6b550a79e7,20230409,Field PD,Floating,PD,-1.78325731413705,-1.7843158074787684,PD,False,correct,False,-1.78325731413705,False,-1.907857894897461,False,-1.743701560156686,0,False,False,False,0.7333333333333333,75.67509736234047,-11.965924210833606,0.256,ok,False,False,Void,always correct
8d1801a49cf87673,20230409,Field PD,Floating,PD,-0.7208070073808942,-0.7218655007226126,PD,False,correct,False,-0.7208070073808942,False,-0.8635495390210833,False,-0.8500440461294992,0,False,False,False,0.6,69.04681594347369,-15.569427716803702,0.176,ok,False,False,Void,always correct
bf106a35858f5051,20230426,Field PD,Floating,PD,-1.4080967903137207,-1.409155283655439,PD,False,correct,False,-1.4080967903137207,False,-1.5758587973458429,False,-1.47065646307809,0,False,False,False,0.6,69.57502757867834,-15.641361809303746,0.192,ok,False,False,Void,always correct
ad383d89045c81cf,20230501,Field PD,Floating,PD,-1.3761300018855505,-1.3771884952272688,PD,False,correct,False,-1.3761300018855505,False,-1.387148039681571,False,-1.3936520985194616,0,False,False,False,0.6,68.20729782370512,-15.367206322614322,0.168,ok,False,False,Void,always correct
2ac8218d90bf5997,20230503,Field PD,Floating,PD,-0.4810669422149657,-0.4821254355566841,PD,False,correct,False,-0.4810669422149657,False,-0.6066436086382184,False,-0.5357177598135812,0,False,False,False,0.6,100.17110738026102,3.101580634128581,0.36,ok,False,False,Void,always correct
496eb91d6b42fcfd,20220427,Field PD,Particle,PD,-0.0511565549033028,-0.0522150482450211,PD,False,correct,False,-0.0511565549033028,False,-0.1322157723563058,False,-0.1647206885474067,0,True,True,False,0.2666666666666666,,,,insufficient,False,False,Floating,always correct
de20d384fd9f0e65,20210605,Field PD,Void,PD,-0.0995758601597377,-0.100634353501456,PD,False,correct,False,-0.0995758601597377,True,-0.0714884485517229,True,-0.0744694641658237,2,True,False,False,0.9333333333333332,101.509964419652,-5.622537217568961,0.7151335311572701,ok,False,False,Floating,wrong in 1-2 seeds
85e5f03e74f5857d,20210605,Field PD,Void,PD,-0.172041824885777,-0.1731003182274953,PD,False,correct,False,-0.172041824885777,False,-0.2168292999267577,False,-0.2231654439653669,0,False,False,False,0.8666666666666667,90.99064648811903,-1.6028522114188775,0.655786350148368,ok,False,False,Floating,always correct
04e05c07fb8b350f,20210605,Field PD,Void,PD,0.0232104403632027,0.0221519470214843,Noise,True,missed PD,True,0.0232104403632027,False,-0.1070960419518607,True,-0.0635471429143633,2,True,False,False,1.0,154.298841265925,-11.534162932564442,0.9109792284866469,ok,False,False,Floating,wrong in 1-2 seeds
e456b623d71f593c,20220427,Field PD,Void,PD,-0.007881999015808,-0.0089404923575263,PD,False,correct,False,-0.007881999015808,True,0.0026395320892333,True,-0.0297744614737374,2,False,True,False,0.6666666666666666,9.658456477801895,0.2006050944554172,0.05934718100890208,ok,False,False,Floating,wrong in 1-2 seeds
9283c46f17a7545b,20220427,Field PD,Void,PD,-0.028924890926906,-0.0299833842686243,PD,False,correct,False,-0.028924890926906,True,0.0147215127944946,True,-0.0088171277727399,2,False,True,False,0.7333333333333333,10.737071414212977,-0.10722700346308045,0.06824925816023739,ok,False,False,Floating,wrong in 1-2 seeds
d05936eb690f9c00,20210605,Field PD,Void,PD,0.0037345034735543,0.0026760101318359,Noise,True,missed PD,True,0.0037345034735543,False,-0.106410264968872,True,-0.0566997102328708,2,True,False,False,1.0,161.33517235226137,-3.9787095604211515,0.9258160237388724,ok,False,False,Noise,wrong in 1-2 seeds
39b07f6589673f75,20220427,Field PD,Void,PD,-0.0239267349243163,-0.0249852282660346,PD,False,correct,False,-0.0239267349243163,True,-0.0108799934387207,True,-0.0389740467071533,2,False,True,False,0.7333333333333333,11.168179506578085,-0.2630195419943835,0.0771513353115727,ok,False,False,Floating,wrong in 1-2 seeds
cddb1008dbe133e4,20220427,Field PD,Void,PD,-0.0214061396462576,-0.0224646329879759,PD,False,correct,False,-0.0214061396462576,True,-0.0205555643354143,True,-0.0094286714281355,2,False,True,False,0.7333333333333333,12.102731610088176,0.2988840015059697,0.10385756676557864,ok,False,False,Floating,wrong in 1-2 seeds
ee59ee1c5663de20,20220427,Field PD,Void,PD,0.0480478491101946,0.0469893557684762,Noise,True,missed PD,True,0.0480478491101946,True,-0.0838820934295654,True,-0.0779206923076082,3,True,True,True,0.0,17.183069984732363,-0.8791692675628511,0.19881305637982197,ok,False,False,Floating,wrong in all 3 seeds
13c1077fa4596fd2,20220427,Field PD,Void,PD,0.0444118806294032,0.0433533872876848,Noise,True,missed PD,True,0.0444118806294032,True,-0.0506085838590349,True,-0.042472686086382,3,True,False,False,0.4,8.717917623219824,0.9826629801685067,0.02967359050445104,ok,False,False,Floating,wrong in all 3 seeds
710ffd2d4f8a99d3,20220427,Field PD,Void,PD,0.0048231056758335,0.0037646123341151,Noise,True,missed PD,True,0.0048231056758335,True,0.0119975634983607,True,0.0134615898132324,3,True,True,False,0.6666666666666666,9.219255597105033,0.2845318311096463,0.050445103857566766,ok,False,False,Floating,wrong in all 3 seeds
4887abdd51d29d30,20220427,Field PD,Void,PD,0.0431588888168334,0.042100395475115,Noise,True,missed PD,True,0.0431588888168334,True,0.0538028478622436,True,0.0362606389181954,3,False,True,False,0.7333333333333333,9.622088892895892,0.6593448895160474,0.05637982195845697,ok,False,False,Floating,wrong in all 3 seeds
37c3891d862b2ba4,20220427,Field PD,Void,PD,0.0127240249088832,0.0116655315671648,Noise,True,missed PD,True,0.0127240249088832,True,0.0002630267824445,True,0.0223355633871895,3,True,True,False,0.6,7.791634556531238,0.02339316500331101,0.005934718100890208,ok,False,False,Floating,wrong in all 3 seeds
037f56d1bca43e38,20220427,Field PD,Void,PD,-0.0139926501682826,-0.0150511435100009,PD,False,correct,False,-0.0139926501682826,True,0.0308726855686732,True,0.0146127939224243,2,True,True,False,0.6666666666666666,8.112693939927956,0.04650022062119774,0.011869436201780416,ok,False,False,Floating,wrong in 1-2 seeds
5377bde8fd533872,20220427,Field PD,Void,PD,0.0086916003908429,0.0076331070491245,Noise,True,missed PD,True,0.0086916003908429,True,-0.0092842238289969,True,-0.0374587433678762,3,True,True,False,0.4,8.887381525941448,-0.34255650279458116,0.03560830860534125,ok,False,False,Floating,wrong in all 3 seeds
ad7937a06edb7415,20220427,Field PD,Void,PD,-0.178804874420166,-0.1798633677618843,PD,False,correct,False,-0.178804874420166,False,-0.1775376796722412,False,-0.191493374960763,0,True,True,False,0.4,7.974605913067842,0.8000497403815148,0.008902077151335312,ok,False,False,Floating,always correct
2fa550bc18238a5e,20220427,Field PD,Void,PD,-0.1639446531023298,-0.1650031464440481,PD,False,correct,False,-0.1639446531023298,False,-0.1251644747597831,False,-0.1706483704703194,0,True,False,False,0.6,7.625504570457038,0.8738931768798723,0.002967359050445104,ok,False,False,Floating,always correct
fe7404bf7e5c08ef,20220427,Field PD,Void,PD,-0.0051512207303728,-0.0062097140720911,PD,False,correct,False,-0.0051512207303728,True,0.013362203325544,True,-0.0104358196258544,2,True,False,False,0.4,8.293661007729778,0.8877297549704632,0.01483679525222552,ok,False,False,Floating,wrong in 1-2 seeds
39f25e73161ae770,20220427,Field PD,Void,PD,0.0031314577375139,0.0020729643957955,Noise,True,missed PD,True,0.0031314577375139,True,-0.0096653188977922,True,0.0141927174159458,3,True,False,False,0.4,8.463984394461848,1.0264820396882897,0.026706231454005934,ok,False,False,Floating,wrong in all 3 seeds
40d1f9a8a0a99d15,20220427,Field PD,Void,PD,-0.0170707362038748,-0.0181292295455931,PD,False,correct,False,-0.0170707362038748,True,-0.0193485021591186,True,-0.0045195477349417,2,True,False,False,0.4666666666666667,8.829000823389832,0.6027898360221844,0.032640949554896145,ok,False,False,Floating,wrong in 1-2 seeds
8d2a5a2d98a1ee08,20220506,Field PD,Void,PD,-0.0580730097634452,-0.0591315031051635,PD,False,correct,False,-0.0580730097634452,False,-0.1127633367265974,True,-0.0656379631587437,1,False,True,False,0.6,11.309283419027116,0.209412927351055,0.08605341246290801,ok,False,False,Floating,wrong in 1-2 seeds
16c35fda6602cfb7,20220506,Field PD,Void,PD,-0.0395890985216413,-0.0406475918633596,PD,False,correct,False,-0.0395890985216413,True,-0.0517010007585798,True,-0.0298022202083042,2,False,True,False,0.7333333333333333,11.420924436076847,-0.0005272292191040862,0.09198813056379822,ok,False,False,Floating,wrong in 1-2 seeds
067f7f855f8da133,20220506,Field PD,Void,PD,-0.0071914877210344,-0.0082499810627527,PD,False,correct,False,-0.0071914877210344,True,-0.0581226178577968,True,-0.056157989161355,2,False,True,False,0.7333333333333333,10.148785234078067,0.6640839519679371,0.06528189910979229,ok,False,False,Floating,wrong in 1-2 seeds
a571a0b69a1b8a58,20210221,Field PD,Void,PD,0.0461821896689278,0.0451236963272094,Noise,True,missed PD,True,0.0461821896689278,False,-0.0987388406481061,True,-0.0816244738442555,2,True,False,True,0.7333333333333333,100.58087820746329,-0.6549011588310805,0.7091988130563798,ok,False,False,Floating,wrong in 1-2 seeds
2f7ac09fd69dffdd,20210605,Field PD,Void,PD,-0.1042225020272391,-0.1052809953689574,PD,False,correct,False,-0.1042225020272391,False,-0.1057578836168561,False,-0.1036234923771449,0,True,False,False,1.0,95.20342860011431,-6.313128117789404,0.6884272997032641,ok,False,False,Floating,always correct
9b9ef6266643077a,20210605,Field PD,Void,PD,-0.1630151953016008,-0.1640736886433191,PD,False,correct,False,-0.1630151953016008,False,-0.2137959684644426,False,-0.1827905178070068,0,False,False,False,0.8666666666666667,108.17325791991598,-3.5957278289224064,0.7566765578635015,ok,False,False,Floating,always correct
2a633c9a0158d5fc,20210605,Field PD,Void,PD,-0.1308283805847167,-0.131886873926435,PD,False,correct,False,-0.1308283805847167,False,-0.1741669518607003,False,-0.1377310071672711,0,True,False,False,1.0,122.07679833241997,-7.782141988529759,0.827893175074184,ok,False,False,Floating,always correct
43b245550a9410d4,20210605,Field PD,Void,PD,-0.0460604769842965,-0.0471189703260148,PD,False,correct,False,-0.0460604769842965,False,-0.1448467969894409,False,-0.1024632964815412,0,True,False,False,1.0,148.9832432988781,-6.475390228976721,0.8902077151335311,ok,False,False,Floating,always correct
21ad5d1589f0c279,20210605,Field PD,Void,PD,0.0155381645475115,0.0144796712057931,Noise,True,missed PD,True,0.0155381645475115,False,-0.1193592548370361,True,-0.0743197202682495,2,True,False,False,1.0,153.1250634829906,-12.244759804449501,0.9050445103857567,ok,False,False,Floating,wrong in 1-2 seeds
54384379676245aa,20210605,Field PD,Void,PD,-0.0325416156223842,-0.0336001089641025,PD,False,correct,False,-0.0325416156223842,False,-0.1253946678979056,True,-0.0839332256998334,1,True,False,False,1.0,140.01114650822612,-6.886795240394605,0.8694362017804155,ok,False,False,Floating,wrong in 1-2 seeds
5ae38b07111ae995,20230930,Field PD,Void,PD,-0.6760796478816441,-0.6771381412233625,PD,False,correct,False,-0.6760796478816441,False,-0.7097456455230713,False,-0.6141439505985804,0,False,True,True,0.6,19.8401027426443,-5.714176321748365,0.27596439169139464,ok,False,False,Floating,always correct
f7897c678ed714e4,20230930,Field PD,Void,PD,-0.7247809682573593,-0.7258394615990776,PD,False,correct,False,-0.7247809682573593,False,-0.7522454942975726,False,-0.7006864547729492,0,True,True,True,0.6,18.08342087982983,-4.654125320991664,0.2344213649851632,ok,False,False,Floating,always correct
8f148e9c5b2b2234,20230930,Field PD,Void,PD,-0.68390611239842,-0.6849646057401384,PD,False,correct,False,-0.68390611239842,False,-0.7289347308022636,False,-0.6575636523110526,0,False,True,False,0.6666666666666666,21.143694974602457,-6.898577776108002,0.2878338278931751,ok,False,False,Floating,always correct
4e235266804b0122,20230930,Field PD,Void,PD,-0.7913533278873989,-0.7924118212291172,PD,False,correct,False,-0.7913533278873989,False,-0.7369096960340228,False,-0.7177819524492536,0,False,True,False,0.6666666666666666,21.71793563063903,-6.4644777259837305,0.29080118694362017,ok,False,False,Floating,always correct
dd067f8c6f2c7e69,20230930,Field PD,Void,PD,-0.7826927730015346,-0.783751266343253,PD,False,correct,False,-0.7826927730015346,False,-0.7466173853193011,False,-0.6799982445580619,0,False,True,False,0.6666666666666666,21.724859334779307,-5.828855000158377,0.29376854599406527,ok,False,False,Floating,always correct
21008b2081f01c87,20230930,Field PD,Void,PD,-0.7464664322989327,-0.7475249256406511,PD,False,correct,False,-0.7464664322989327,False,-0.7586884157998222,False,-0.7024436337607247,0,False,True,False,0.6666666666666666,18.109818232252582,-6.607868098193503,0.23738872403560832,ok,False,False,Floating,always correct
13867283b37292d3,20230930,Field PD,Void,PD,-0.7372829232897077,-0.738341416631426,PD,False,correct,False,-0.7372829232897077,False,-0.6592566626412529,False,-0.6790531192507062,0,False,True,False,0.7333333333333333,20.191757695912663,-5.930025852482828,0.2818991097922849,ok,False,False,Floating,always correct
15aedeff93d9a733,20230930,Field PD,Void,PD,-0.6900956630706787,-0.6911541564123971,PD,False,correct,False,-0.6900956630706787,False,-0.6964168548583984,False,-0.6288620063236782,0,False,True,False,0.7333333333333333,16.696214830639743,-6.290952477973825,0.18397626112759644,ok,False,False,Floating,always correct
394729747bed9865,20231002,Field PD,Void,PD,-0.748457670211792,-0.7495161635535104,PD,False,correct,False,-0.748457670211792,False,-0.7507868153708321,False,-0.7059802327837262,0,False,True,False,0.8666666666666667,14.20546735070802,-3.87399230284662,0.13056379821958458,ok,False,False,Floating,always correct
783e4af2e966d6dc,20231002,Field PD,Void,PD,-0.8849186556679862,-0.8859771490097046,PD,False,correct,False,-0.8849186556679862,False,-0.8086209637778146,False,-0.7884540557861328,0,False,True,False,0.8666666666666667,17.2062730553235,-4.7775829949042645,0.20178041543026706,ok,False,False,Floating,always correct
e2b498bb19e1712e,20231007,Field PD,Void,PD,-0.7217940262385777,-0.7228525195802961,PD,False,correct,False,-0.7217940262385777,False,-0.70706159727914,False,-0.6891540629523141,0,False,True,False,0.8666666666666667,12.948491054848674,-3.159824723920483,0.10979228486646884,ok,False,False,Floating,always correct
93685eec067fba8f,20231007,Field PD,Void,PD,-0.8259210586547852,-0.8269795519965035,PD,False,correct,False,-0.8259210586547852,False,-0.8334267139434814,False,-0.8040121623447963,0,False,True,False,0.9333333333333332,16.457860458357402,-4.748725316157515,0.17507418397626112,ok,False,False,Floating,always correct
a9baa9397d8831f3,20231007,Field PD,Void,PD,-0.8256804602486747,-0.8267389535903931,PD,False,correct,False,-0.8256804602486747,False,-0.8342434338160923,False,-0.7591888563973563,0,False,True,False,0.9333333333333332,15.263572778689351,-5.822706412429035,0.14540059347181009,ok,False,False,Floating,always correct
cd89e86ab90f34f4,20231007,Field PD,Void,PD,-0.846614020211356,-0.8476725135530744,PD,False,correct,False,-0.846614020211356,False,-0.8407463346208844,False,-0.7620607444218227,0,False,True,False,0.8666666666666667,12.999190931895573,-3.4195788444512694,0.11275964391691394,ok,False,False,Floating,always correct
6ac6c760a22b2a15,20231007,Field PD,Void,PD,-0.795255286352975,-0.7963137796946934,PD,False,correct,False,-0.795255286352975,False,-0.7736238411494664,False,-0.7468131950923375,0,True,True,False,0.8666666666666667,11.78369423736751,-4.952489579133388,0.09495548961424333,ok,False,False,Floating,always correct
1a291312b6136adb,20231007,Field PD,Void,PD,-0.7584365436008998,-0.7594950369426182,PD,False,correct,False,-0.7584365436008998,False,-0.7557169028690883,False,-0.6935599872044155,0,False,True,False,0.8666666666666667,14.092333315745691,-5.618284092539383,0.12759643916913946,ok,False,False,Floating,always correct
9ac254fd1d974a7c,20231007,Field PD,Void,PD,-0.7901297977992466,-0.791188291140965,PD,False,correct,False,-0.7901297977992466,False,-0.7931514808109829,False,-0.7270263263157436,0,False,True,False,0.8666666666666667,12.097190664419585,-3.9837977886887224,0.10089020771513353,ok,False,False,Floating,always correct
99937e1509f4acf4,20231007,Field PD,Void,PD,-0.7000747408185687,-0.701133234160287,PD,False,correct,False,-0.7000747408185687,False,-0.7138722964695522,False,-0.6423997879028321,0,True,True,False,0.8666666666666667,12.002865766645849,-5.156135987661555,0.09792284866468842,ok,False,False,Floating,always correct
eb0aedb0dffbc6f0,20231007,Field PD,Void,PD,-0.704327378954206,-0.7053858722959244,PD,False,correct,False,-0.704327378954206,False,-0.6613726956503732,False,-0.6478683267320905,0,False,True,False,0.8666666666666667,16.482923304360177,-5.795087295075092,0.17804154302670624,ok,False,False,Floating,always correct
4ff1bcc0b36802b6,20231107,Field PD,Void,PD,-0.7493771484919958,-0.7504356418337141,PD,False,correct,False,-0.7493771484919958,False,-0.684565646307809,False,-0.7295905181339809,0,True,False,False,0.8,17.156801586021945,-4.36648996912281,0.19584569732937684,ok,False,False,Floating,always correct
947555dfda46ab33,20231107,Field PD,Void,PD,-0.6878233296530587,-0.6888818229947771,PD,False,correct,False,-0.6878233296530587,False,-0.6555281366620745,False,-0.6551143101283482,0,True,True,False,0.8,18.654703597973814,-5.033898978198806,0.26112759643916916,ok,False,False,Floating,always correct
