sample_id,split,cls,label,group,domain,date,S_mean,S_median,S_max,S_min,S_p90
a12fa096ea90ca14,test,Noise,Noise,Field Noise,Field,20250213,-0.0063249383653913305,-0.046353816986084206,0.4632148742675781,-0.3078031539916992,0.15380249023437484
4bd71b8132ae9d8f,test,Noise,Noise,Field Noise,Field,20250213,0.09614961487906322,0.09250354766845703,0.28021430969238303,-0.2149066925048828,0.22196455001831047
c1da5bf4e043d10b,test,Noise,Noise,Field Noise,Field,20250213,-0.06562880107334682,-0.021378517150878462,0.2678995132446289,-0.4586210250854492,0.11953029632568365
a0d05d67380d0b88,test,Noise,Noise,Field Noise,Field,20250213,-0.03820702007838655,-0.029590606689453125,0.1797199249267578,-0.3269577026367183,0.09996643066406254
9b9b9fbc0ac02af7,val,Noise,Noise,Field Noise,Field,20250214,0.18271946907043457,0.16006135940551758,0.42598533630371094,-0.02377605438232444,0.2995182037353516
adb11e35086c777b,val,Noise,Noise,Field Noise,Field,20250214,0.05607577732631138,0.026188373565673828,0.28499698638916016,-0.1829385757446289,0.17554063796997085
bfd1d0200f3fc63b,val,Noise,Noise,Field Noise,Field,20250214,-0.008978196552821551,-0.005704402923583873,0.2250499725341797,-0.31768989562988303,0.1408329010009766
248531c2b5f07cde,val,Noise,Noise,Field Noise,Field,20250214,0.05168136528560087,0.00807332992553711,0.6700897216796873,-0.17302227020263672,0.22864351272583017
c6152ff2f9017add,val,Noise,Noise,Field Noise,Field,20250214,0.03619544846670969,0.055597305297851785,0.24918460845947288,-0.19605731964111328,0.1554039001464844
d273edeab6b2cec7,val,Noise,Noise,Field Noise,Field,20250214,-0.020974193300519688,-0.019453525543213,0.18109130859375,-0.1734619140625,0.09826669692993198
7cdcd1cc47785300,val,Noise,Noise,Field Noise,Field,20250210,0.06632454054696217,0.042770862579345814,0.4512672424316402,-0.14848852157592773,0.18155117034912113
5b15ca3a75ce29a9,test,Noise,Noise,Field Noise,Field,20250211,0.005662875516074061,0.02362632751464855,0.10418415069580078,-0.31247520446777344,0.08645563125610352
87747eabc5361536,test,Noise,Noise,Field Noise,Field,20250213,0.055571419852120545,0.08730792999267578,0.20126056671142578,-0.15950298309326172,0.1779800415039063
fd61450c28cacf4b,test,Noise,Noise,Field Noise,Field,20250213,0.004825370652334999,0.0002818107604980469,0.16568660736083984,-0.12548446655273438,0.11903200149536133
5dcf44d08416fbe9,val,Noise,Noise,Field Noise,Field,20250210,0.18674683570861822,0.22376680374145508,0.5095920562744141,-0.15946769714355424,0.3398879051208496
0140069b8a6c4c3e,val,Noise,Noise,Field Noise,Field,20250208,-0.03778054033006946,-0.04616355895996094,0.08179926872253418,-0.1906108856201172,0.018084025382995677
bae2946024fcc370,val,Noise,Noise,Field Noise,Field,20250208,-0.020696129117693227,-0.01960587501525879,0.11720371246337913,-0.11542224884033203,0.04894466400146478
881678f8bc96731d,val,Noise,Noise,Field Noise,Field,20250208,0.08284735679626465,0.07677745819091797,0.22706985473632812,0.07677745819091797,0.07860507965087891
0cd7700882ec1d58,val,Noise,Noise,Field Noise,Field,20250208,0.08277388981410436,0.07677745819091797,0.22706985473632812,0.07677745819091797,0.07817792892456055
971325881988265a,val,Noise,Noise,Field Noise,Field,20250208,0.07288977078029088,0.07677745819091797,0.22706985473632812,-0.18704986572265647,0.07677745819091797
58170d9c700de650,val,Noise,Noise,Field Noise,Field,20250208,0.08408144542149135,0.07677745819091797,0.19845962524414085,0.07677745819091797,0.07873840332031244
ec5991e5ef78dca7,val,Noise,Noise,Field Noise,Field,20250208,0.08457115718296596,0.07677745819091797,0.22706985473632812,0.07677745819091797,0.07826833724975586
e708d028d6919aab,val,Noise,Noise,Field Noise,Field,20250208,0.06496030943734306,0.07677745819091797,0.07677745819091797,-0.19507980346679665,0.07677745819091797
d2e7dfde985af68f,val,Noise,Noise,Field Noise,Field,20250208,0.07031440734863283,0.07677745819091797,0.07677745819091797,-0.06755256652832009,0.07677745819091797
2d4170be38805480,val,Noise,Noise,Field Noise,Field,20250208,0.061492579323904846,0.07677745819091797,0.07677745819091797,-0.30023384094238303,0.07677745819091797
8465734dfce1d782,val,Noise,Noise,Field Noise,Field,20250208,0.06501664434160505,0.07677745819091797,0.07677745819091797,-0.1991128921508789,0.07677745819091797
f43840b34364cf51,val,Noise,Noise,Field Noise,Field,20250208,0.06605768203735352,0.07677745819091797,0.07677745819091797,-0.1748065948486328,0.07677745819091797
75c25b3a118c5ab8,val,Noise,Noise,Field Noise,Field,20250208,0.06179560933794293,0.07677745819091797,0.08283329010009743,-0.2743396759033201,0.07677745819091797
80ded34d32a326c8,val,Noise,Noise,Field Noise,Field,20250208,0.06248920304434642,0.07677745819091797,0.08589172363281272,-0.23691844940185525,0.07677745819091797
ad0dd4ad8da3a647,val,Noise,Noise,Field Noise,Field,20250208,0.06427625247410367,0.07677745819091797,0.08304214477539085,-0.16349506378173828,0.07677745819091797
2aff8dc533d9dd4a,val,Noise,Noise,Field Noise,Field,20250208,0.058983053479875834,0.07677745819091797,0.08129501342773415,-0.29272937774658203,0.07677745819091797
58f1f3fc4490dc14,val,Noise,Noise,Field Noise,Field,20250208,0.06292745045253209,0.07677745819091797,0.08333873748779297,-0.1749982833862307,0.07677745819091797
f45b13cc0bba8edd,val,Noise,Noise,Field Noise,Field,20250210,0.07632402011326381,0.07677745819091797,0.09377670288085938,0.04697704315185547,0.07677745819091797
1d20aafe2b86518f,val,Noise,Noise,Field Noise,Field,20250210,0.07663883481706892,0.07677745819091797,0.10334396362304688,0.0511932373046875,0.07677745819091797
b9e67fbcc69c4c00,val,Noise,Noise,Field Noise,Field,20250210,0.07764955929347447,0.07677745819091797,0.15058326721191406,0.03211498260498047,0.07677745819091797
59a3b2a37d8e00ab,val,Noise,Noise,Field Noise,Field,20250210,0.07651867185320173,0.07677745819091797,0.22706985473632812,-0.07585430145263672,0.07677745819091797
7ff287f8d10a1fd3,val,Noise,Noise,Field Noise,Field,20250210,0.0828324386051723,0.07677745819091797,0.22706985473632812,0.07036018371582031,0.07677745819091797
b8d1f54efa0ef837,val,Noise,Noise,Field Noise,Field,20250210,0.06849581854684013,0.07677745819091797,0.12474822998046875,-0.2030792236328125,0.07677745819091797
e8e87513903b7eb8,val,Noise,Noise,Field Noise,Field,20250210,0.06883982249668666,0.07677745819091797,0.09540081024169922,-0.16409969329833984,0.07677745819091797
86dcfec37f4e040f,val,Noise,Noise,Field Noise,Field,20250210,0.06499406269618443,0.07677745819091797,0.0767812728881836,-0.2531614303588867,0.07677745819091797
751e00be4fb58617,val,Noise,Noise,Field Noise,Field,20250210,0.06591064589364189,0.07677745819091797,0.07677745819091797,-0.22748756408691406,0.07677745819091797
c7cb9f5350a8ea05,val,Noise,Noise,Field Noise,Field,20250210,0.06920913287571498,0.07677745819091797,0.0767831802368164,-0.13514137268066406,0.07677745819091797
ea9a1bd4a6ff42bb,test,Noise,Noise,Field Noise,Field,20250211,0.06444678987775529,0.07677745819091797,0.07677745819091797,-0.25633621215820335,0.07677745819091797
37272aff09615ecc,test,Noise,Noise,Field Noise,Field,20250211,0.06961601121085031,0.07677745819091797,0.07677745819091797,-0.11231136322021484,0.07677745819091797
1faf2ca8e4c5418e,test,Noise,Noise,Field Noise,Field,20250211,0.0717670236315046,0.07677745819091797,0.07677745819091797,-0.051802635192871094,0.07677745819091797
96718409ccac099f,test,Noise,Noise,Field Noise,Field,20250211,0.06352264540536064,0.07677745819091797,0.07677745819091797,-0.2859687805175781,0.07677745819091797
e2475bfd8cf0c0cc,test,Noise,Noise,Field Noise,Field,20250211,0.07012108394077847,0.07677745819091797,0.07677745819091797,-0.10617351531982422,0.07677745819091797
024cdb882b83a2c3,test,Noise,Noise,Field Noise,Field,20250213,0.07233759335109166,0.07677745819091797,0.07734394073486328,-0.0417022705078125,0.07677745819091797
7988bbb4fd7e5cb6,test,Noise,Noise,Field Noise,Field,20250213,0.06968116760253906,0.07677745819091797,0.07721233367919922,-0.11901473999023438,0.07677745819091797
b16da765cec4678f,test,Noise,Noise,Field Noise,Field,20250213,0.07206433159964425,0.07677745819091797,0.07757854461669922,-0.04727935791015625,0.07677745819091797
31b5860d5bc8b3f7,test,Noise,Noise,Field Noise,Field,20250213,0.07210782596043178,0.07677745819091797,0.07815742492675781,-0.04461097717285156,0.07677745819091797
e5cd496f4332924c,test,Noise,Noise,Field Noise,Field,20250213,0.06967486654009138,0.07677745819091797,0.07789134979248047,-0.11117362976074219,0.07677745819091797
953db545133bb954,val,Noise,Noise,Field Noise,Field,20250208,0.1055239268711635,0.07677745819091797,0.6630182266235347,-0.1494302749633789,0.1688945770263673
afab1c67c2712a14,val,Noise,Noise,Field Noise,Field,20250210,0.02957267420632497,0.07677745819091797,0.07677745819091797,-0.27331066131591797,0.07677745819091797
589dd62c9fa95b32,test,Noise,Noise,Field Noise,Field,20250213,-0.07518642289297914,-0.03214931488037087,0.13376235961914085,-0.42052650451660156,0.04744558334350572
4a8764757979c52e,test,Noise,Noise,Field Noise,Field,20250213,-0.05089807510375978,-0.036975860595703125,0.34930992126464844,-0.4662342071533203,0.1417722702026367
2c1f324981b5fc3e,test,Noise,Noise,Field Noise,Field,20250213,-0.22893074580601283,-0.2353215217590332,0.17348003387451172,-0.5681877136230469,0.006825160980224648
f4abbfba1bc5e6c3,test,Noise,Noise,Field Noise,Field,20250213,-0.12002944946289065,-0.05898380279541038,0.264257431030273,-0.940587043762207,0.1337878227233887
257eb7545b5a8dbc,test,Noise,Noise,Field Noise,Field,20250217,0.04989016056060791,0.07677745819091797,0.08128643035888672,-0.256314754486084,0.07677745819091797
78f3ca905ce2cc4c,test,Noise,Noise,Field Noise,Field,20250217,0.03248105730329239,0.0735006332397461,0.10795974731445335,-0.29941558837890625,0.07696943283081048
42fcace35e22c023,test,Noise,Noise,Field Noise,Field,20250205,0.13626977375575472,0.1317892074584961,0.5169210433959961,-0.09494400024414062,0.322463798522949
651a7756ec8266eb,test,Noise,Noise,Field Noise,Field,20250205,0.18562241962977818,0.11820459365844738,0.7848587036132812,-0.24402713775634766,0.6804398536682129
dd640a1d4fc62b39,test,Noise,Noise,Field Noise,Field,20250205,0.12833360263279506,0.1123342514038086,1.0989818572998047,-0.40983295440673895,0.3573550224304196
d1fa1b50eeda20a2,test,Noise,Noise,Field Noise,Field,20250205,0.28636935779026584,0.22706651687622081,0.9628782272338867,-0.007859230041503906,0.5655092239379884
38343be2c3a11b15,test,Noise,Noise,Field Noise,Field,20250205,0.295593329838344,0.2830538749694822,0.8376121520996094,-0.09185600280761674,0.5321348190307618
fe661ebe7632adc4,test,Noise,Noise,Field Noise,Field,20250205,0.21736025810241705,0.17731285095214866,0.7399787902832031,-0.20913219451904275,0.5564285278320316
80ba043519f7c4f4,test,Noise,Noise,Field Noise,Field,20250206,0.17961994239262172,0.18604564666748047,0.5141763687133789,-0.1187591552734375,0.3213062286376953
bc9fbbdaa7376a05,test,Noise,Noise,Field Noise,Field,20250206,0.2741785390036447,0.15548038482666016,1.1448249816894531,-0.2802419662475586,0.6346320152282715
31a37eaa38c9e393,test,Noise,Noise,Field Noise,Field,20250206,0.2488709177289691,0.20508384704589855,1.2332897186279297,-0.03916072845459073,0.4243863105773924
8dce958239dc022f,test,Noise,Noise,Field Noise,Field,20250206,0.08532953262329099,0.07677745819091797,0.1981067657470703,0.003998756408691406,0.12133502960205056
d21f135faa9f9d16,test,Noise,Noise,Field Noise,Field,20250206,0.07572507858276367,0.07677745819091797,0.17333507537841797,0.023324012756347434,0.08578062057495119
6e1415f46570bb06,test,Noise,Noise,Field Noise,Field,20250206,0.06231256893702915,0.07677745819091797,0.12234687805175781,-0.05992698669433594,0.08017787933349593
df12f4dfd836a699,test,Noise,Noise,Field Noise,Field,20250206,0.07693631308419364,0.07677745819091797,0.1655254364013672,0.02042961120605491,0.08469314575195307
58cb2776f8413d7d,test,Noise,Noise,Field Noise,Field,20250206,0.06726513590131486,0.07677745819091797,0.1483898162841797,-0.047789573669433594,0.07735509872436523
9407133636936564,test,Noise,Noise,Field Noise,Field,20250206,0.0525296756199428,0.07677745819091797,0.0917825698852539,-0.5155401229858398,0.07677745819091797
bcc2c33abbad34bd,test,Noise,Noise,Field Noise,Field,20250206,0.05568173953465054,0.07677745819091797,0.09021472930908203,-0.4029598236083982,0.07677745819091797
496798b8a8ead9a4,test,Noise,Noise,Field Noise,Field,20250206,0.05601460593087333,0.07677745819091797,0.09402751922607444,-0.35635948181152344,0.07677745819091797
2f7468dacaa7a2ef,test,Noise,Noise,Field Noise,Field,20250206,0.05786197526114329,0.07677745819091797,0.09360218048095725,-0.35552215576171853,0.07677745819091797
a149a7adcda57aba,test,Noise,Noise,Field Noise,Field,20250206,0.05359785897391183,0.07677745819091797,0.08965873718261719,-0.46434783935546875,0.07677745819091797
7c5c3b275f24634e,test,Noise,Noise,Field Noise,Field,20250206,0.06088801792689733,0.07677745819091797,0.10493659973144509,-0.16304492950439453,0.09279756546020508
af88c1582bda2654,test,Noise,Noise,Field Noise,Field,20250206,0.06762187821524486,0.07677745819091797,0.1029815673828125,-0.04192543029785156,0.09269447326660171
47694a3c9e2347eb,test,Noise,Noise,Field Noise,Field,20250206,0.07467944281441828,0.07677745819091797,0.24662303924560547,-0.056121826171875,0.09546165466308609
891879b0ad156991,test,Noise,Noise,Field Noise,Field,20250206,0.06901723997933525,0.07677745819091797,0.10556697845458984,-0.017580986022948775,0.09357852935791008
946c724c0111f24e,test,Noise,Noise,Field Noise,Field,20250206,0.06367230415344238,0.07677745819091797,0.10222244262695312,-0.14242839813232444,0.09293413162231445
4900eba010a76395,test,Noise,Noise,Field Noise,Field,20250206,0.07042081015450614,0.07677745819091797,0.07687091827392578,-0.10086631774902344,0.07677745819091797
2ad34cc162187c6e,test,Noise,Noise,Field Noise,Field,20250206,0.07632085255214147,0.07677745819091797,0.07677745819091797,0.06976795196533203,0.07677745819091797
645a172946775d89,test,Noise,Noise,Field Noise,Field,20250206,0.07436302730015346,0.07677745819091797,0.07677745819091797,0.01868724822998047,0.07677745819091797
408ccf82bb98ef4c,test,Noise,Noise,Field Noise,Field,20250206,0.06836778776986259,0.07677745819091797,0.07677745819091797,-0.1450786590576172,0.07677745819091797
3b06970b18ad4091,test,Noise,Noise,Field Noise,Field,20250206,0.07470975603376116,0.07677745819091797,0.07684135437011719,0.03858757019042969,0.07677745819091797
cc305a65eabb0f01,test,Noise,Noise,Field Noise,Field,20250213,-0.021350962775094216,0.005472660064697266,0.11045455932617143,-0.17335510253906294,0.07093324661254877
805301343e588c7f,test,Noise,Noise,Field Noise,Field,20250213,0.0523315838405064,0.07452392578125,0.29283618927001975,-0.26400661468505837,0.22915468215942375
c70263d595801d6a,test,Noise,Noise,Field Noise,Field,20250213,-0.0033500875745501074,0.0011591911315917969,0.2120532989501953,-0.25609493255615257,0.17839908599853516
33a18ecef525143b,test,Noise,Noise,Field Noise,Field,20250213,-0.06185606547764363,-0.07383394241332975,0.25765037536621094,-0.2327880859375,0.07349901199340857
837c358e948b88e8,test,Noise,Noise,Field Noise,Field,20250213,-0.04395651817321776,-0.043897151947021484,0.17179012298583984,-0.22605419158935502,0.06851100921630893
aae5923839eb1c3b,val,Noise,Noise,Field Noise,Field,20250214,-0.08686654908316482,-0.08266925811767589,0.14569377899169944,-0.3675298690795896,0.06484718322753914
c5ad980dcc370f0c,val,Noise,Noise,Field Noise,Field,20250214,-0.041171959468296604,-0.03833436965942405,0.21690654754638694,-0.16791725158691384,0.03704452514648438
db5a40cc7a70475a,test,Noise,Noise,Field Noise,Field,20250216,-0.03262281417846682,-0.04843568801879883,0.20261478424072243,-0.20812511444091863,0.07875652313232423
046ede97f504cf9d,test,Noise,Noise,Field Noise,Field,20250216,-0.04248799596514021,-0.01402139663696289,0.14029502868652344,-0.30818080902099587,0.057460021972656476
b5141a1f4232bc99,test,Noise,Noise,Field Noise,Field,20250216,-0.025826632976531958,-0.024662494659423717,0.12989330291748047,-0.2255239486694336,0.0644127845764159
09a2b449dcf8c31d,test,Noise,Noise,Field Noise,Field,20250217,-0.017619098935808448,-0.0032019615173339844,0.18830585479736306,-0.2964191436767576,0.10355358123779297
6a5f0ee457ce19df,test,Noise,Noise,Field Noise,Field,20250217,-0.004429715020315956,-0.016938209533691295,0.43111991882324285,-0.18685817718505904,0.09695558547973658
e91d0792f1fa8de9,test,Noise,Noise,Field Noise,Field,20250217,-0.015193206923348508,-0.02118396759033203,0.1860790252685549,-0.19550228118896507,0.10919351577758829
669ed7b4e538c917,test,Noise,Noise,Field Noise,Field,20250217,-0.014361688068934817,-0.010094642639160045,0.18645572662353516,-0.3054332733154297,0.1307429313659668
59cfb38d28da6696,test,Noise,Noise,Field Noise,Field,20250217,-0.007073657853262757,-0.0121307373046875,0.15137672424316384,-0.13745403289794922,0.10478782653808616
d65cdfcd2ad3ed24,test,Noise,Noise,Field Noise,Field,20250217,-0.05030574117388042,-0.03953886032104481,0.08610630035400413,-0.2549419403076172,0.05266208648681642
2a7da90dbdaff44f,test,Noise,Noise,Field Noise,Field,20250217,-0.04017596585409977,-0.048986196517944336,0.14426136016845725,-0.1835041046142576,0.044545459747314456
f08262fd6a80e0b6,test,Noise,Noise,Field Noise,Field,20250217,-0.03886672428676057,-0.051723480224609264,0.15599918365478516,-0.21579551696777366,0.07154541015625013
44cbf0c3ea019f72,test,Noise,Noise,Field Noise,Field,20250217,-0.04723829882485526,-0.0445537567138673,0.17669343948364258,-0.27774715423584007,0.03458976745605457
3d621cbe15953fc5,test,Noise,Noise,Field Noise,Field,20250217,-0.02420473098754882,-0.04348325729370117,0.20010089874267578,-0.1509990692138672,0.052494335174560716
7b5ec5d765e743a1,test,Noise,Noise,Field Noise,Field,20250217,0.0076250689370291735,0.008687496185302734,0.40199756622314453,-0.19246673583984375,0.12974023818969735
e00b270191345b3e,test,Noise,Noise,Field Noise,Field,20250217,0.003472651754106794,-0.027707099914550892,0.4691019058227539,-0.1854877471923828,0.1499803543090822
3af13d6d1dc3fbfd,test,Noise,Noise,Field Noise,Field,20250217,0.011653968266078412,-0.008978843688964955,0.5472545623779301,-0.1891803741455078,0.13790950775146502
49dbb7fa94387772,test,Noise,Noise,Field Noise,Field,20250217,0.038731030055454765,-0.002357006072998158,0.3490266799926758,-0.1893768310546875,0.22606544494628908
a91e67050752f478,test,Noise,Noise,Field Noise,Field,20250217,0.012569802148001488,-0.008731365203857533,0.34065914154052734,-0.12134075164794922,0.12670240402221683
726401204f801a13,test,Noise,Noise,Field Noise,Field,20250217,-0.009189605712890625,-0.01627063751220703,0.11646842956542947,-0.12938690185546875,0.08109922409057618
7fcdc97cf2021de9,test,Noise,Noise,Field Noise,Field,20250217,-0.016093390328543535,-0.01777219772338856,0.17905807495117188,-0.17410850524902344,0.07771396636962892
3a5d596a1c29021f,test,Noise,Noise,Field Noise,Field,20250217,-0.02058063234601703,-0.01953601837158203,0.13640880584716797,-0.18699836730957053,0.07230796813964842
956f17d14e388d78,test,Noise,Noise,Field Noise,Field,20250217,-0.013841867446899423,-0.02559041976928711,0.11257266998291016,-0.14311885833740234,0.08891916275024414
a1f1562413e0dc97,test,Noise,Noise,Field Noise,Field,20250217,-0.0041365964072090766,-0.004901885986328014,0.38011169433593794,-0.22738265991210938,0.0824053764343262
4f3a6d8354141c6e,test,Noise,Noise,Field Noise,Field,20250217,-0.005780918257577087,-0.019475936889648326,0.27999877929687456,-0.22043132781982422,0.10461149215698236
f79fd8c7becdccee,test,Noise,Noise,Field Noise,Field,20250217,-0.029221194131033752,-0.02851724624633789,0.17741107940673828,-0.15856075286865234,0.08509507179260258
77d7efb8e24fbc5c,test,Noise,Noise,Field Noise,Field,20250217,-0.021827203886849555,-0.03745412826538086,0.23629093170166016,-0.18058013916015647,0.13700094223022463
c2e9bf439276b8a8,test,Noise,Noise,Field Noise,Field,20250217,-0.029027223587036164,-0.038179397583007924,0.14268970489501953,-0.18105554580688477,0.10003056526184081
763bc4e64bde8ab8,test,Noise,Noise,Field Noise,Field,20250217,-0.00473981244223456,-0.0052988529205322266,0.16329669952392578,-0.1437082290649414,0.0848339080810547
3fadd4430948ee99,test,Noise,Noise,Field Noise,Field,20250217,0.008917127336774602,0.016418933868408092,0.2397346496582029,-0.2153844833374019,0.1111852645874023
0c9ec1c3341e3b3a,test,Noise,Noise,Field Noise,Field,20250217,-0.07507497923714777,-0.09627246856689442,0.29489612579345725,-0.46751213073730513,0.15920276641845704
ced6ef8a2cfb2376,test,Noise,Noise,Field Noise,Field,20250217,-0.0845937728881836,-0.06575775146484375,0.10597801208496094,-0.37221336364746116,0.016947841644287198
a9fc160fd638a0b9,test,Noise,Noise,Field Noise,Field,20250217,0.007275956017630385,-0.028071880340576283,0.9562902450561523,-0.3196401596069336,0.11335792541503911
e7981fd497a55cb3,test,Noise,Noise,Field Noise,Field,20250217,0.09128751073564799,0.06459331512451172,0.4236345291137702,-0.2305593490600586,0.2885460853576661
3619a430ccc2c3c8,test,Noise,Noise,Field Noise,Field,20250211,0.020490033285958466,0.0011382102966309704,0.3920812606811528,-0.13458919525146484,0.18255558013916015
da8cb6888b679c9d,test,Noise,Noise,Field Noise,Field,20250211,0.03693662370954237,0.03813791275024403,0.30506801605224587,-0.36258411407470703,0.18450183868408188
0ce0679a25c67faf,test,Noise,Noise,Field Noise,Field,20250211,-0.05189313207353864,0.021251678466796875,0.26529312133789085,-0.6755361557006836,0.17947082519531277
5f4d1bdd9fcebcdb,test,Noise,Noise,Field Noise,Field,20250211,0.08260682650974818,0.0461597442626952,0.5089797973632812,-0.199731826782227,0.29643478393554723
450d6b71024d10ab,test,Noise,Noise,Field Noise,Field,20250213,0.08719641821725024,0.06370115280151378,0.5549383163452148,-0.3893833160400395,0.22018203735351566
8480390b29cf8a5e,test,Noise,Noise,Field Noise,Field,20250213,0.13547720227922716,0.07336759567260731,0.7684841156005864,-0.12294578552246094,0.3155211448669434
c366fc20cb24b5db,test,Noise,Noise,Field Noise,Field,20250213,0.16578551701136995,0.10785198211669944,0.5894050598144531,-0.17407798767089844,0.4679107666015625
bc02290394c39b16,test,Noise,Noise,Field Noise,Field,20250213,0.19002417155674514,0.10117292404174794,0.8374462127685542,-0.09810352325439453,0.607898139953613
2752b3641a535ab7,test,Noise,Noise,Field Noise,Field,20250205,0.03248838015965054,0.010245323181152344,0.3064985275268557,-0.08060359954833984,0.11194887161254914
5aa12174d7022660,test,Noise,Noise,Field Noise,Field,20250205,0.06477335521153042,0.054105281829833984,0.2738809585571289,-0.28392887115478516,0.2282772064208986
0795643c81579511,test,Noise,Noise,Field Noise,Field,20250205,0.07827448844909668,0.03230762481689453,0.46466827392578125,-0.11836814880371094,0.18463420867919916
0e983cce5500899f,test,Noise,Noise,Field Noise,Field,20250205,0.05938444818769179,0.08081436157226562,0.19817352294921853,-0.3294458389282229,0.1441335678100586
621562a53fc51df5,test,Noise,Noise,Field Noise,Field,20250205,0.046511139188494,0.045935630798339844,0.0888214111328125,-0.00975227355957009,0.07581052780151368
f8a790272ca32e63,test,Noise,Noise,Field Noise,Field,20250205,0.06470973151070732,0.06378316879272461,0.08342742919921875,0.02311420440673828,0.07949457168579108
fa9669af1246fa85,test,Noise,Noise,Field Noise,Field,20250205,0.0489562579563686,0.049449920654296986,0.0756673812866211,0.018569946289062722,0.06594390869140625
eebeade9522092dd,test,Noise,Noise,Field Noise,Field,20250205,0.04788453238351003,0.05024719238281261,0.07184600830078125,0.012396812438964844,0.0668228149414061
de75f25972fc0416,test,Noise,Noise,Field Noise,Field,20250205,0.050983769553048265,0.05328941345214844,0.07281017303466797,0.014212608337402344,0.06856632232666016
081b46dee4d9d3a3,test,Noise,Noise,Field Noise,Field,20250205,0.05119415691920689,0.05187702178955078,0.0784149169921875,0.01612091064453125,0.06871576309204101
509f451ae08eb0ca,test,Noise,Noise,Field Noise,Field,20250205,0.05223284448896136,0.05004405975341797,0.08602619171142578,0.0063228607177736595,0.07386512756347656
0047c05a2b39b603,val,Noise,Noise,Field Noise,Field,20230910,0.5531043325151717,0.5302362442016604,0.9346809387207033,0.2694206237792969,0.7767216682434078
7e4ceb4a7556f60d,test,Noise,Noise,Field Noise,Field,20230915,1.0338664736066545,1.0591158866882324,1.408060073852539,0.7798643112182617,1.2158226013183593
64b55aab4fab61d8,test,Noise,Noise,Field Noise,Field,20230915,0.6581541129520961,0.6815958023071291,1.1280822753906252,0.32439613342285156,0.9042211532592772
2547ff64b3d9fec9,test,Noise,Noise,Field Noise,Field,20230915,0.5039628233228411,0.5003552436828613,0.9717264175415039,0.039028167724609375,0.7863220214843746
369c81711e4c806a,test,Noise,Noise,Field Noise,Field,20230915,0.49442727225167404,0.4944000244140625,0.6750040054321289,0.2646312713623047,0.601899528503418
c3b7a8c4d860ef8e,test,Noise,Noise,Field Noise,Field,20230915,0.20502734184265142,0.2652726173400881,0.6574048995971673,-0.4456386566162114,0.44963865280151405
36a1cc61019fa629,val,Noise,Noise,Field Noise,Field,20230918,1.1581333024161202,1.204545021057129,1.6612882614135742,0.8151769638061523,1.4269689559936523
3324e210ecc80ab8,val,Noise,Noise,Field Noise,Field,20230920,0.9613942418779645,0.9558839797973633,1.1641302108764653,0.7778711318969727,1.0855107307434082
c9def6f021c507d7,test,Noise,Noise,Field Noise,Field,20230903,0.1866163526262555,0.15131902694702115,0.5670967102050781,-0.014258384704589844,0.3721304893493651
e4101ef93803add2,val,Noise,Noise,Field Noise,Field,20230905,0.5744502885001046,0.2525801658630371,2.10966682434082,-0.010219573974609597,1.7007611274719237
c2cf60d225ba03a4,val,Noise,Noise,Field Noise,Field,20230906,0.6324615819113595,0.31016016006469715,2.1505088806152344,-0.14168548583984397,1.658304500579834
e4f722247249d45b,val,Noise,Noise,Field Noise,Field,20230906,0.851246816771371,0.562625885009766,2.852010726928711,0.14429569244384766,2.2656375885009767
b5fe28c6d2bfb8fa,val,Noise,Noise,Field Noise,Field,20230918,0.3151565619877407,0.21274566650390625,1.2773876190185547,-0.018062591552734153,0.7104435920715333
3abae7ba0300f547,val,Noise,Noise,Field Noise,Field,20230918,0.5615337576184954,0.2471742630004884,2.390488624572754,0.03887939453125,1.8466928482055667
af1f593c53e43c70,val,Noise,Noise,Field Noise,Field,20231016,0.66362578528268,0.41043853759765625,1.8528938293457031,-0.03087139129638672,1.6150598526000979
6bf070961c861eb7,test,Noise,Noise,Field Noise,Field,20230908,0.20129680633544922,0.24663734436035112,0.7574291229248047,-0.3831939697265625,0.5571403503417969
6aa453f78dbaa710,val,Noise,Noise,Field Noise,Field,20230910,0.5414845602852958,0.5396857261657715,0.8642568588256836,0.1722412109375,0.7603960990905766
139889ea6dfb8c2d,test,Noise,Noise,Field Noise,Field,20230912,0.7317708219800677,0.6999573707580566,1.0936565399169922,0.42318439483642534,1.006349754333496
62c23c3dd82ed7cc,test,Noise,Noise,Field Noise,Field,20230912,0.37012297766549246,0.3452024459838865,0.9489660263061523,-0.0064640045166015625,0.6863027572631837
8872e046e589ced9,test,Noise,Noise,Field Noise,Field,20230912,0.39265479360307964,0.32280874252319314,1.1607713699340825,0.07908058166503906,0.5945354461669922
b3a9079b8a3bd90c,test,Noise,Noise,Field Noise,Field,20230912,0.7288756029946464,0.7797327041625977,1.2598791122436523,0.4328393936157222,0.8694827079772948
27b2fddfc6a12010,val,Noise,Noise,Field Noise,Field,20230918,0.8751463890075684,0.8729062080383301,1.4427967071533203,0.2154073715209961,1.2293056488037108
a2027ec9f270b788,test,Noise,Noise,Field Noise,Field,20230922,0.7716168676103864,0.7590947151184084,1.5310745239257812,0.12651824951171875,1.1065608024597169
8ed8138f98df55f4,test,Noise,Noise,Field Noise,Field,20230923,0.7505551406315395,0.8389835357666016,1.2224826812744145,0.044895172119140625,1.0520022392272952
b0a25dca1ef2f132,test,Noise,Noise,Field Noise,Field,20230927,0.5139612470354352,0.5182390213012695,0.978337287902832,0.014404296875,0.9134151458740235
76f5cbd7ea59d675,test,Noise,Noise,Field Noise,Field,20230927,0.7566400255475726,0.6878485679626463,1.5021133422851562,0.17192649841308594,1.2220846176147464
40e5a451492a97a5,val,Noise,Noise,Field Noise,Field,20231009,0.5986898286002023,0.6097679138183592,0.7872753143310547,0.28839683532714844,0.757865333557129
ddbd4a2c88aaf1b1,val,Noise,Noise,Field Noise,Field,20231009,1.8438802446637834,1.847923755645752,2.77439022064209,0.6850385665893555,2.6378786087036135
330827e50c79fcb0,val,Noise,Noise,Field Noise,Field,20231009,0.42814464228493826,0.4839057922363281,1.1054859161376953,-1.0545234680175781,0.8104780197143554
8ed224e09fa8b49c,test,Noise,Noise,Field Noise,Field,20231010,0.5222139699118478,0.5066318511962891,1.2121076583862305,-0.15953540802001953,0.7928630828857421
721684133e2d9afa,test,Noise,Noise,Field Noise,Field,20231010,0.1866534437452044,0.23223400115966797,0.9550619125366211,-0.5073432922363281,0.8097051620483399
d645dc5adb59551d,test,Noise,Noise,Field Noise,Field,20231010,0.5815156527927944,0.6134848594665527,1.0521774291992188,-0.07072257995605469,0.900121307373047
f800955d2b380e7c,test,Noise,Noise,Field Noise,Field,20231010,0.6263928753989083,0.7872858047485347,1.2849397659301758,-0.184478759765625,1.173496627807617
330b09ef5d9a5309,test,Noise,Noise,Field Noise,Field,20230902,0.12507072516850062,0.14903879165649436,0.4058551788330078,-0.3149499893188481,0.3350362777709958
55c4b04d8e24fdee,test,Noise,Noise,Field Noise,Field,20230908,0.4556273392268589,0.3856329917907717,1.490757942199707,-0.22455596923828125,0.930982875823975
1c58a524c71b6390,test,Noise,Noise,Field Noise,Field,20230922,0.5528311729431151,0.5982799530029299,1.3033466339111328,-0.17315578460693404,1.0243569374084467
d2bb75cc576843b0,test,Noise,Noise,Field Noise,Field,20230922,0.0564748559679304,-0.003994464874267578,1.1488132476806645,-0.42730808258056596,0.3353292465209962
eb495321dc1bb417,test,Noise,Noise,Field Noise,Field,20230922,0.3617350033351353,0.34165191650390625,1.2042465209960933,-0.121124267578125,0.7674476623535157
0cad002942ceb0c5,val,Noise,Noise,Field Noise,Field,20231013,0.4850602831159319,0.42447519302368164,1.2698650360107422,-0.3159370422363281,0.9813251495361329
2acbf5dc28cb85fd,val,Noise,Noise,Field Noise,Field,20230905,0.03785892895289827,-4.577636718794409e-05,0.44872570037841797,-0.40884876251220703,0.36554307937622105
cb06d89e7a972d05,test,Noise,Noise,Field Noise,Field,20230902,0.22535834993634904,0.22750091552734375,0.9583282470703125,-0.4881525039672847,0.49902191162109377
f041e45d16e0f171,test,Noise,Noise,Field Noise,Field,20230902,0.19716892923627588,0.11878252029418945,1.141815185546875,-0.5199966430664058,0.5995783805847175
c6208835b972346c,val,Noise,Noise,Field Noise,Field,20230905,0.04457896096365791,0.03690338134765647,0.31514644622802734,-0.15764904022216797,0.18306140899658205
a5962b912a46864d,val,Noise,Noise,Field Noise,Field,20231005,0.0526439121791295,0.04178476333618164,0.4496583938598633,-0.23033523559570312,0.31856250762939475
3659f9824d1dc3eb,test,Noise,Noise,Field Noise,Field,20230902,0.9532452992030552,0.9059157371520996,1.3821306228637695,0.3786430358886719,1.3242902755737305
93794cc86d30e2a3,val,Noise,Noise,Field Noise,Field,20230905,1.2613598619188582,1.326476573944092,1.825395584106445,0.5484895706176758,1.5975758552551271
d0f68f9242dc5d81,val,Noise,Noise,Field Noise,Field,20230906,1.140817608152117,1.1811180114746096,2.015288352966309,0.5312118530273438,1.5350730895996094
b06b58235f16d323,test,Noise,Noise,Field Noise,Field,20230912,1.1817973000662667,1.2135386466979978,1.666010856628418,0.4130735397338867,1.5550514221191412
dfda1c4e8eddecba,test,Noise,Noise,Field Noise,Field,20230913,0.8779891218457904,0.849632740020752,1.4398632049560547,0.43522453308105513,1.1943344116210937
2aa84b77d3de89cb,test,Noise,Noise,Field Noise,Field,20230913,1.079854999269758,1.0189375877380373,1.7238054275512695,0.6312932968139648,1.411991596221924
2bbf9c043359d406,test,Noise,Noise,Field Noise,Field,20230913,1.2775766508919852,1.3193368911743166,1.7013216018676758,0.6973209381103511,1.4808524131774903
bcbcf5f1574e33fa,test,Noise,Noise,Field Noise,Field,20230902,-0.05228659084865025,-0.0587925910949707,0.1198854446411135,-0.16991519927978493,0.04775371551513673
24362295e2d4f83e,test,Noise,Noise,Field Noise,Field,20230902,0.029193333217075894,0.030298709869384877,0.34184455871582053,-0.11493778228759766,0.09963092803955095
7003d711f5ba2ee1,test,Noise,Noise,Field Noise,Field,20230903,-0.01650888579232352,-0.01143360137939442,0.25076866149902344,-0.28685951232910156,0.17642078399658206
785e1f5cb7a645c7,test,Noise,Noise,Field Noise,Field,20231002,-0.03503230639866422,-0.04883289337158225,0.4321298599243164,-0.262359619140625,0.14847021102905278
15fbb9e3831e3d7e,test,Noise,Noise,Field Noise,Field,20230903,0.8412228311811175,0.8406267166137695,1.1537752151489258,0.5802917480468746,1.0525882720947266
2fdde4beaa5e0d3a,val,Noise,Noise,Field Noise,Field,20230905,0.3743740831102644,0.35254812240600564,0.6650390625,0.14294052124023438,0.5132694244384767
eb3dcb5305a891bc,val,Noise,Noise,Field Noise,Field,20231016,0.18333755220685685,0.1261143684387207,1.195357322692871,-0.2511167526245117,0.377005672454834
ec0088466439b99a,val,Noise,Noise,Field Noise,Field,20231016,0.01248761585780551,0.018097400665283203,0.5294771194458008,-0.5089492797851562,0.36708383560180696
086569746f1c32c1,val,Noise,Noise,Field Noise,Field,20231016,0.31412482261657715,0.29395818710327104,1.392807960510254,-0.07831192016601562,0.6233427047729493
dde71c68e425ec4d,val,Noise,Noise,Field Noise,Field,20231016,0.09418964385986331,0.05613231658935525,0.8471918106079102,-0.4396800994873047,0.3039347648620607
2fdd6dc792e37b5a,val,Noise,Noise,Field Noise,Field,20230905,0.09020178658621647,0.05949831008911155,0.6198539733886714,-0.3744583129882817,0.42922954559326176
465bd2843a2bbb13,val,Noise,Noise,Field Noise,Field,20230905,0.03470223290579658,-0.015103340148926003,0.7014341354370117,-0.3542947769165039,0.3931834220886234
1d43560ce9ffccb1,val,Noise,Noise,Field Noise,Field,20230905,0.10360806328909745,0.06529903411865257,0.7268667221069336,-0.2518339157104492,0.3787512779235843
db0cb72f09949af6,test,Noise,Noise,Field Noise,Field,20230908,0.05485687937055321,0.00447845458984375,0.49368762969970703,-0.32061767578125,0.3854968070983889
76a5c9e01bdb5654,val,Noise,Noise,Field Noise,Field,20230920,0.5379076514925275,0.36160850524902344,2.390493392944336,-0.3947114944458008,1.435826110839844
23d1100d603ec5c5,val,Noise,Noise,Field Noise,Field,20230920,0.21047675609588626,0.016080856323242188,1.0712337493896493,-0.1829395294189453,0.6991932868957513
ec50f57e0196f9fb,val,Noise,Noise,Field Noise,Field,20230921,0.39468060220990864,0.17913579940795898,1.5709552764892578,-0.2382678985595703,1.2076659202575684
e434c566b01dccfe,test,Noise,Noise,Field Noise,Field,20230902,0.3720204830169678,0.14953613281249956,2.0559635162353525,-0.48064613342285156,1.1937106132507325
5273da37c0de2d05,test,Noise,Noise,Field Noise,Field,20230922,-0.03038276944841662,-0.03506422042846702,0.29401969909667924,-0.30895423889160156,0.15312042236328133
110b22cc2958ea65,test,Noise,Noise,Field Noise,Field,20230922,-0.033793619700840494,-0.023005485534667525,0.1781330108642578,-0.3274650573730469,0.12743339538574253
8d83613c995aa9e0,test,Noise,Noise,Field Noise,Field,20230922,-0.04040646553039549,-0.056468486785889116,0.3434000015258789,-0.4715614318847656,0.16231069564819336
1272b04e719f1ff9,test,Noise,Noise,Field Noise,Field,20230922,-0.08140400477818087,-0.0970110893249514,0.23269939422607422,-0.47631072998046875,0.11723108291625978
feebfdfeef78ff31,val,Noise,Noise,Field Noise,Field,20231001,-0.0768569537571498,-0.10327959060668945,0.18008136749267623,-0.340600967407227,0.0959372520446779
a63461916858ef0e,val,Noise,Noise,Field Noise,Field,20231001,-0.044271809714181085,-0.04671907424926758,0.36422061920166016,-0.3202781677246094,0.12054557800292971
066420e800606cd9,val,Noise,Noise,Field Noise,Field,20231001,-0.01487565040588371,0.00020551681518532483,0.4314632415771489,-0.5911245346069336,0.2284449577331543
74f5e9c52412f458,val,Noise,Noise,Field Noise,Field,20231001,0.03879959242684499,0.021160602569580078,0.3952350616455078,-0.36699962615966797,0.26249017715454104
9400454eed627cfc,test,Noise,Noise,Field Noise,Field,20230902,-0.1032394681658063,-0.04181098937988281,0.07677745819091797,-0.7615194320678711,0.07677745819091797
feeb5dfca67e3967,test,Noise,Noise,Field Noise,Field,20230928,0.3576967716217041,0.3778514862060546,0.5635042190551756,0.12653160095214844,0.5088346481323243
af2f2a2f8131ac5d,test,Noise,Noise,Field Noise,Field,20231003,0.30749985149928494,0.32939815521240223,0.49458980560302757,0.07753372192382812,0.41152315139770507
d06899d297140517,val,Noise,Noise,Field Noise,Field,20231008,0.2830226080758232,0.31494140625,0.7169723510742188,-0.21665096282958984,0.5584939002990726
8cc6f8ae1319cdcd,val,Noise,Noise,Field Noise,Field,20241020,0.712633524622236,0.7053475379943848,1.3246860504150386,0.1983470916748047,0.9438569545745851
3be02ff34ccb1c2f,val,Noise,Noise,Field Noise,Field,20241020,0.9309957708631244,0.9333629608154297,1.3314895629882812,0.5028219223022461,1.260410690307617
96ddc0a8a0e9abeb,val,Noise,Noise,Field Noise,Field,20241020,0.7089753491537911,0.7149152755737307,1.3496379852294922,0.34375095367431574,0.9051353454589841
dea12c90941c31a3,val,Noise,Noise,Field Noise,Field,20241020,0.7890402589525495,0.7498502731323244,1.1416463851928709,0.46128273010253906,1.0394599914550782
d5bd7b4609baf19d,val,Noise,Noise,Field Noise,Field,20241022,1.160811151776995,1.1447749137878418,1.698387145996094,0.7349109649658208,1.476865100860596
6943c0d776b20170,val,Noise,Noise,Field Noise,Field,20241022,0.7459682737077985,0.7991800308227539,1.5773344039916992,0.020964622497558594,1.443343734741211
bf0ff4db47fc99ee,val,Noise,Noise,Field Noise,Field,20241022,0.8488822323935372,0.8234004974365234,1.5955018997192378,0.4033880233764644,1.2534372329711911
825639ed4b2c76f5,val,Noise,Noise,Field Noise,Field,20241022,0.925340107509068,0.9204292297363281,1.5866355895996096,0.34477901458740234,1.3084045410156249
923bd5dcdf56b323,val,Noise,Noise,Field Noise,Field,20241022,1.0710271426609583,1.118027687072754,1.624669075012207,0.4052152633666988,1.4288843154907227
c8e7427cb67d97d0,val,Noise,Noise,Field Noise,Field,20241022,1.1725507804325648,1.171715259552002,1.4656057357788086,0.8843421936035156,1.3647051811218263
bf398fe3dd3eadaf,val,Noise,Noise,Field Noise,Field,20241022,1.234463896070208,1.2161035537719724,1.6015243530273433,0.9035282135009766,1.465627384185791
c52e8c4a0fcabcfa,val,Noise,Noise,Field Noise,Field,20241022,1.2034225123269218,1.187919616699219,1.491983413696289,0.852502822875977,1.4079291343688969
88c74e0adb7ee15c,val,Noise,Noise,Field Noise,Field,20241022,0.9838384560176304,0.992161273956299,1.4678401947021489,0.4568977355957027,1.2544480323791505
3257d77f1505d20c,val,Noise,Noise,Field Noise,Field,20241022,1.0611627442496163,1.0540933609008787,1.4921655654907224,0.6123085021972661,1.3277406692504883
67b5afee3c47e505,val,Noise,Noise,Field Noise,Field,20241022,1.196932009288243,1.18558931350708,1.5089235305786128,0.8107023239135738,1.410523414611816
8c6ed27e9aecc538,val,Noise,Noise,Field Noise,Field,20241022,1.191655261175973,1.2081389427185056,1.4463787078857422,0.9213590621948242,1.3140287399291992
1826004176515106,val,Noise,Noise,Field Noise,Field,20241022,1.0339315278189523,1.0353393554687502,1.2596340179443364,0.632171630859375,1.2103318214416505
7653dec7d6a6df0c,val,Noise,Noise,Field Noise,Field,20241022,1.0768516063690186,1.0601334571838377,1.377457618713379,0.6152639389038081,1.2411895751953126
c9689d5f780899d6,val,Noise,Noise,Field Noise,Field,20241022,1.0171757766178675,1.021502017974853,1.3528575897216801,0.6588354110717773,1.2017114639282227
ad7f485b274c1656,val,Noise,Noise,Field Noise,Field,20241022,0.5579925264630999,0.5819044113159182,0.9964256286621094,-0.18477821350097656,0.9355484008789062
3fbdaab44cae88d0,val,Noise,Noise,Field Noise,Field,20241022,0.6958982944488525,0.7353630065917971,1.0598669052124023,0.1678619384765625,0.9700335502624509
a8da88c8ef549e6d,val,Noise,Noise,Field Noise,Field,20241022,0.6700952734266009,0.6856417655944824,1.084127426147461,0.333160400390625,0.9237943649291993
8cf2b4093d11c057,val,Noise,Noise,Field Noise,Field,20241022,0.6174121584211077,0.611626148223877,0.9992589950561523,0.2510976791381836,0.80642147064209
7d1a981806435cf9,val,Noise,Noise,Field Noise,Field,20241022,0.34410170146397184,0.2870326042175293,0.7610673904418945,-0.30104637145996094,0.671272087097168
4caaba9ae834a596,val,Noise,Noise,Field Noise,Field,20241022,0.4312625953129359,0.3212771415710447,1.0312681198120108,-0.10838985443115234,0.8823539733886716
62747e24d8e37357,val,Noise,Noise,Field Noise,Field,20241022,0.29850397791181293,0.3018226623535154,0.9515876770019531,-0.32044029235839844,0.6409868240356448
668fef3fb5a8a65b,val,Noise,Noise,Field Noise,Field,20241022,0.25902543749128076,0.1625843048095702,1.0884351730346684,-0.5809898376464839,0.7771661758422852
dba7722d4619ee42,val,Noise,Noise,Field Noise,Field,20241022,0.14331606456211635,0.11485052108764648,0.5901565551757812,-0.31899452209472656,0.3637302398681641
6639de3d64eae680,val,Noise,Noise,Field Noise,Field,20241022,0.4644473961421422,0.46113491058349654,1.00927734375,-0.17747879028320268,0.7316970825195311
a3d50ea59c93717e,val,Noise,Noise,Field Noise,Field,20241022,0.19656988552638469,0.27372312545776367,0.5826644897460938,-0.26346302032470703,0.49288377761840835
de40e8ac01a44d6e,val,Noise,Noise,Field Noise,Field,20241022,0.19040897914341517,0.17147874832153298,0.5678625106811523,-0.38392925262451216,0.4833220481872559
549a171f025a3508,val,Noise,Noise,Field Noise,Field,20241022,0.17179955754961293,0.15503692626953125,0.9878520965576172,-0.2692680358886719,0.3885087013244629
23f6aa3491166fc1,val,Noise,Noise,Field Noise,Field,20241022,0.20908202443804066,0.21582031249999978,0.7911777496337891,-0.3977375030517578,0.5992134094238282
903de8573fe4d13c,val,Noise,Noise,Field Noise,Field,20241022,0.03591353552682058,-0.03923606872558594,0.5807228088378893,-0.4125080108642578,0.4505183219909668
baac5fe59cf290a4,val,Noise,Noise,Field Noise,Field,20241022,0.05515214375087193,0.04494953155517556,0.5767793655395508,-0.36643695831298784,0.4563519477844239
b34c461e44d1bd9d,val,Noise,Noise,Field Noise,Field,20241022,-0.018238816942487444,-0.11152505874633767,0.959868431091309,-0.6713361740112305,0.4105633735656742
28e6d3df5e64b235,val,Noise,Noise,Field Noise,Field,20241022,0.5494894300188337,0.6120061874389648,1.0255413055419922,-0.006296157836913174,0.8385365486145017
5ae814f0bca854b2,val,Noise,Noise,Field Noise,Field,20241022,0.71013229233878,0.7383837699890137,1.0620794296264644,0.21945953369140625,1.032153034210205
51f29f824f41a956,val,Noise,Noise,Field Noise,Field,20241022,0.5217064448765346,0.5261812210083008,1.184686660766602,0.026355743408203125,0.8310044288635258
0ab2a4fd9c20eb72,val,Noise,Noise,Field Noise,Field,20241022,0.28864979743957514,0.26634979248046875,0.8462362289428711,-0.342864990234375,0.6975136756896974
f9bef07ca0a0820e,val,Noise,Noise,Field Noise,Field,20241022,0.3189074993133545,0.29387807846069314,1.0374908447265625,-0.1743946075439451,0.7744174957275393
a2cc2dc402e48bd0,val,Noise,Noise,Field Noise,Field,20241022,0.043639932359967874,0.05220174789428711,0.7799911499023433,-0.5313615798950191,0.4434438705444334
7c0848d77e946f70,val,Noise,Noise,Field Noise,Field,20241022,0.20915613855634416,0.10586595535278331,1.0343666076660156,-0.15154552459716797,0.7506134033203126
bb63b065c140a0bd,val,Noise,Noise,Field Noise,Field,20241022,0.6266335759844098,0.5589942932128904,1.1542205810546875,0.32233142852783203,1.0150968551635742
281dfa9efea1e6da,val,Noise,Noise,Field Noise,Field,20241022,0.26767195974077496,0.26530933380126975,0.740325927734375,-0.21406173706054688,0.6538027763366703
7245b39a7b5f1da4,val,Noise,Noise,Field Noise,Field,20241022,0.3513235705239432,0.28005361557006836,1.1230659484863277,-0.4731121063232422,0.9062505722045898
a4acc0579b3efb0f,val,Noise,Noise,Field Noise,Field,20241022,0.39490352358136865,0.34770727157592773,1.0475740432739258,-0.3149566650390625,0.8868130683898933
8574e6181691c2e0,val,Noise,Noise,Field Noise,Field,20241022,0.35311947550092426,0.41693735122680664,0.795893669128418,-0.07094383239746094,0.6010000228881838
0a144075a77521ce,val,Noise,Noise,Field Noise,Field,20241022,0.471423864364624,0.47682809829711914,1.1831855773925781,-0.15235614776611328,0.7646190643310548
6d917226fba954a7,val,Noise,Noise,Field Noise,Field,20241022,0.5567984240395683,0.5540976524353027,0.9786567687988281,0.1645956039428711,0.7742948532104493
bb3933b8c4cc1a98,val,Noise,Noise,Field Noise,Field,20241022,0.41993090084620877,0.41189050674438477,0.7474098205566406,0.12095832824707031,0.6199331283569336
abec491b53e1d5ae,val,Noise,Noise,Field Noise,Field,20241022,0.4649636745452881,0.4550800323486328,0.9545993804931641,-0.09609794616699219,0.7997023582458497
c0a67143e0fbbd68,val,Noise,Noise,Field Noise,Field,20241022,0.7552237170083183,0.7809367179870605,0.9720239639282227,0.2471246719360347,0.9110870361328126
10a64767d08d54a2,val,Noise,Noise,Field Noise,Field,20241022,0.4727364948817662,0.49208164215087913,0.7858276367187509,-0.04341316223144531,0.694163990020752
8bfecfebd7ef9086,val,Noise,Noise,Field Noise,Field,20241022,0.3552009378160749,0.35802364349365234,0.9837617874145508,-0.20099449157714844,0.6984025955200195
d46efda169be7d7a,val,Noise,Noise,Field Noise,Field,20241022,0.6640667234148298,0.6066837310791016,1.247441291809082,0.2104501724243164,1.0219772338867188
c1508be449a69c3e,val,Noise,Noise,Field Noise,Field,20241022,0.7254858016967773,0.7215495109558107,1.331465721130371,0.3001537322998047,1.052040958404541
5f62177e3ec53e90,val,Noise,Noise,Field Noise,Field,20241022,0.7051409993852887,0.6297593116760254,1.2427711486816404,0.19038009643554688,1.070626926422119
9133f26abc35eb6b,val,Noise,Noise,Field Noise,Field,20241022,0.7153729370662144,0.634793758392334,1.287149429321289,0.23488712310791016,1.0672828674316408
3e7ed27d8da11232,val,Noise,Noise,Field Noise,Field,20241022,0.632662262235369,0.6411046981811522,0.9044923782348633,0.3655357360839844,0.7863203048706054
da5e24efdf0b87dd,val,Noise,Noise,Field Noise,Field,20241022,0.6240952014923096,0.6208214759826662,0.8007421493530273,0.23827171325683594,0.7737846374511719
e5382f49b6c7bb17,val,Noise,Noise,Field Noise,Field,20241022,0.7661098071507045,0.7224702835083009,1.1727590560913088,0.4230051040649414,0.9950731277465822
fda7300ea06b28de,val,Noise,Noise,Field Noise,Field,20241022,0.7258673395429339,0.7017436027526853,1.10003662109375,0.47900962829589866,0.9541467666625976
dca07bc5006bdd87,val,Noise,Noise,Field Noise,Field,20241022,0.6649160044533866,0.708657741546631,1.273752212524414,0.20448493957519553,0.982152271270752
1242721ae2c43b95,val,Noise,Noise,Field Noise,Field,20241022,0.7759690965924945,0.7546558380126952,1.4326143264770508,0.4808969497680664,1.0301464080810547
cd935c837c327aa4,val,Noise,Noise,Field Noise,Field,20241022,0.7775768552507673,0.7503557205200195,1.1571187973022463,0.4250917434692383,0.9605879783630371
32de0e5d8c7444e4,val,Noise,Noise,Field Noise,Field,20241023,1.1652989387512207,1.1217198371887207,1.7204742431640625,0.82679271697998,1.4709530830383302
b76478c9f725a93b,val,Noise,Noise,Field Noise,Field,20241023,0.8361501353127617,0.8055682182312014,1.5190258026123047,0.4301414489746098,1.2348329544067387
7b4c1f35325d193b,val,Noise,Noise,Field Noise,Field,20241023,0.9343888759613037,0.9102325439453125,1.1886053085327148,0.583613395690918,1.0969688415527343
18627a2c1085a920,val,Noise,Noise,Field Noise,Field,20241023,1.040076698575701,0.9973392486572266,1.5210819244384766,0.8229084014892578,1.213978958129883
0543f825abd6697c,val,Noise,Noise,Field Noise,Field,20241023,0.8234729085649762,0.839646816253662,1.055063247680664,0.46988296508789085,0.9682720184326173
21e3a75be90e066c,val,Noise,Noise,Field Noise,Field,20241023,0.8815591335296631,0.8786516189575194,1.0844097137451172,0.5950183868408203,1.0449870109558108
2df59f8645b91f91,val,Noise,Noise,Field Noise,Field,20241023,0.8561771937779018,0.7862124443054199,1.6349964141845703,0.5979671478271482,1.1166813850402832
7eee563bff06bdbb,val,Noise,Noise,Field Noise,Field,20241023,0.730196441922869,0.7051849365234377,1.3865270614624023,0.35823249816894553,0.9402060508728027
ef7490a2502bfc91,val,Noise,Noise,Field Noise,Field,20241023,0.73298898765019,0.710494518280029,1.1186513900756836,0.3231391906738281,1.0043859481811523
67369a083b891259,val,Noise,Noise,Field Noise,Field,20241023,0.7256057943616595,0.7019872665405273,1.0717649459838867,0.5313282012939453,0.9321659088134766
1aad17acb5fa35e1,val,Noise,Noise,Field Noise,Field,20241023,0.7399610791887555,0.7195973396301267,0.957331657409668,0.5290889739990232,0.9166938781738283
923cb3144c0745f5,val,Noise,Noise,Field Noise,Field,20241023,0.8018787247794015,0.7768163681030273,1.1149692535400388,0.39957427978515625,1.017094039916992
125c9ed68244b8a8,val,Noise,Noise,Field Noise,Field,20241023,0.6751655851091657,0.6675934791564944,1.1262454986572266,0.3359670639038086,0.8799962043762207
a7cd457542f01ba4,val,Noise,Noise,Field Noise,Field,20241023,0.2978367805480957,0.3172960281372069,0.48569107055664107,-0.13888168334960982,0.4490865707397463
edb122f4e2afb8db,test,PD,Corona,Field PD,Field,20231023,0.1284642219543457,0.07677745819091797,0.44753074645996094,-0.048363685607910156,0.33221435546875033
0dfac41eb1b50eae,test,PD,Corona,Field PD,Field,20231023,-0.05935410090855187,0.034482002258301,0.3913631439208982,-0.5951824188232413,0.22229814529418934
2a8f40085d19e769,test,PD,Corona,Field PD,Field,20231023,-0.11033024106706889,-0.09027147293090798,1.1004962921142578,-1.0919933319091797,0.2651594161987305
a84fe20ce88c5fd2,test,PD,Corona,Field PD,Field,20231023,0.04878909247262137,0.08196115493774436,0.6078948974609375,-0.5573053359985352,0.25419139862060547
96bb9b1481031827,test,PD,Corona,Field PD,Field,20231023,0.07807425090244835,0.07360363006591797,0.46668434143066406,-0.35773658752441406,0.35723648071289066
cfc56fb7c351c6a8,test,PD,Corona,Field PD,Field,20231023,0.015146391732352073,0.06231594085693337,0.3461866378784175,-0.5457248687744141,0.28974409103393545
af930aef24ef2648,val,PD,Corona,Field PD,Field,20220226,0.07316098894391744,0.07677745819091797,0.4425220489501962,-0.30309104919433594,0.21555099487304658
56ddf40bbc8260f2,val,PD,Floating,Field PD,Field,20231001,-1.4237958363124303,-1.4050130844116213,-0.7976818084716797,-1.8831043243408203,-1.082639694213867
c21940b6a6efcfe9,val,PD,Floating,Field PD,Field,20190331,0.0161008834838867,0.07677745819091797,0.07677745819091797,-0.3844108581542973,0.07677745819091797
11134be3bde0d983,test,PD,Floating,Field PD,Field,20190403,0.028652599879673574,0.07677745819091797,0.1746978759765634,-0.38494205474853516,0.07677745819091797
06deab1f1f50d547,test,PD,Floating,Field PD,Field,20190327,0.032116583415440166,0.07677745819091797,0.7501363754272461,-0.401824951171875,0.07677745819091797
f750ca2d83db96ef,val,PD,Floating,Field PD,Field,20190401,-0.01403781345912386,0.07677745819091797,0.21742630004882812,-0.47301578521728516,0.07677745819091797
2b67d0b613393ab2,test,PD,Floating,Field PD,Field,20210605,-0.17803410121372767,-0.13623428344726562,0.20178794860839844,-0.5081968307495122,-0.06072492599487297
b8c808f04d4063fc,test,PD,Floating,Field PD,Field,20210605,-0.08769941329956057,-0.0396714210510255,0.2065906524658203,-0.6485805511474609,0.09739542007446292
8a5ae3f5178c369f,val,PD,Floating,Field PD,Field,20210405,0.04522504125322616,0.07677745819091797,0.07677745819091797,-0.4702968597412105,0.07677745819091797
6e3c340e6227e54c,test,PD,Floating,Field PD,Field,20210104,-0.7266025202614921,-0.6903066635131836,-0.22739028930664062,-1.4170875549316406,-0.4065095901489254
f2de0a1488c9174a,test,PD,Floating,Field PD,Field,20210104,-0.6855610098157611,-0.6567478179931641,-0.27919197082519487,-1.2701454162597656,-0.42571067810058594
004be058f7d6cfed,test,PD,Floating,Field PD,Field,20210104,-0.7545443943568638,-0.7446384429931641,-0.37610435485839844,-1.261764526367187,-0.57490291595459
3d08f8a7c24afebc,test,PD,Floating,Field PD,Field,20210104,-0.8095941543579102,-0.7801303863525388,-0.38092041015625,-1.4547805786132808,-0.5433364868164066
f7fddaa8f157690e,test,PD,Floating,Field PD,Field,20210104,-0.6868953023638044,-0.6000833511352539,-0.40913963317871094,-1.1226673126220708,-0.439879322052002
05330ea757a968f2,val,PD,Floating,Field PD,Field,20210506,-0.6142344134194511,-0.538594245910645,-0.23853492736816406,-1.2235012054443355,-0.35773801803588867
9ca0981ec3736732,val,PD,Floating,Field PD,Field,20230401,-2.098223924636841,-2.1114301681518555,-1.547271728515625,-3.3245677947998047,-1.6365257263183592
8d750faf420dfb6f,val,PD,Floating,Field PD,Field,20230401,-0.6857566492898124,-0.6102428436279297,-0.115814208984375,-1.2316398620605469,-0.35510225296020503
44c7839381042f32,test,PD,Floating,Field PD,Field,20230404,-0.48124405315944124,-0.5171642303466797,0.07677745819091797,-0.9191503524780273,-0.14293136596679673
87d3c9188877bafb,test,PD,Floating,Field PD,Field,20230404,-0.3998723711286272,-0.366574764251709,-0.07342243194580123,-0.9377288818359375,-0.1862929344177246
032d431664ff8ea2,test,PD,Floating,Field PD,Field,20230404,-1.1722032683236259,-1.1546616554260254,-0.3284168243408203,-1.8258008956909184,-0.7470659255981446
47b46b6b550a79e7,test,PD,Floating,Field PD,Field,20230409,-1.5784031663622176,-1.5554437637329102,-1.0298166275024414,-2.6800613403320312,-1.185105133056641
8d1801a49cf87673,test,PD,Floating,Field PD,Field,20230409,-0.8464395659310477,-0.846277713775635,-0.31315040588378906,-1.5024394989013672,-0.47383346557617173
04e2927af50f8d74,val,PD,Floating,Field PD,Field,20230417,-0.4090010779244559,-0.45246315002441406,0.2158355712890625,-0.7168502807617183,-0.13480520248413055
bf106a35858f5051,test,PD,Floating,Field PD,Field,20230426,-1.493065289088658,-1.460261821746826,-0.9440956115722656,-2.438261032104492,-1.0902664184570312
7ab4bd6d977b080e,val,PD,Floating,Field PD,Field,20230427,-1.6928584916251046,-1.687196731567383,-1.2523250579833984,-2.361917495727539,-1.3742332458496094
ad383d89045c81cf,test,PD,Floating,Field PD,Field,20230501,-1.3985438346862793,-1.3521499633789062,-0.7475185394287109,-2.1053924560546875,-1.0119482040405272
2ac8218d90bf5997,test,PD,Floating,Field PD,Field,20230503,-0.4631882735661098,-0.46874094009399414,-0.04433822631835893,-0.9705791473388672,-0.1516585350036619
496eb91d6b42fcfd,test,PD,Particle,Field PD,Field,20220427,-0.06583714485168458,0.07677745819091797,0.07677745819091797,-0.7031288146972654,0.07677745819091797
8c78ef8eaaf68d7e,val,PD,Void,Field PD,Field,20220115,-0.07526803016662598,-0.07193851470947266,0.044414520263671875,-0.24350929260253884,0.01536960601806641
af350056f7a7069e,val,PD,Void,Field PD,Field,20220203,-0.21734435217721115,-0.200478076934814,0.039329528808594416,-0.5443572998046871,-0.020124626159667643
d897fac81243fd20,val,PD,Void,Field PD,Field,20220203,-0.14996722766331266,-0.12671613693237316,0.09488868713378928,-0.7254829406738281,0.02265682220459002
86c365f8bdaf675d,val,PD,Void,Field PD,Field,20220203,-0.04891341073172438,-0.04775810241699263,0.34097766876220703,-0.2640218734741213,0.050120353698730476
aac4ce001a9f2e1b,val,PD,Void,Field PD,Field,20220203,-0.04719625200544085,-0.07024049758911133,0.3157224655151365,-0.24699687957763672,0.0453854560852054
479c7669ccb81bd2,val,PD,Void,Field PD,Field,20220203,-0.04391585077558245,-0.0416274070739745,0.09944343566894531,-0.19900798797607377,0.039223766326904455
586f00287a3f69d3,val,PD,Void,Field PD,Field,20220204,-0.029885121754237527,-0.026823043823242076,0.1821546554565432,-0.3014793395996094,0.10725946426391589
1d140c74acd56b1d,val,PD,Void,Field PD,Field,20220204,-0.032121964863368435,-0.01804924011230491,0.14548301696777344,-0.32094669342041016,0.07499942779541023
d194016533f01f20,val,PD,Void,Field PD,Field,20210604,-0.2741473742893764,-0.2778029441833497,0.17518138885498047,-0.6864299774169922,-0.15934476852416957
15441e46b1811e62,val,PD,Void,Field PD,Field,20210604,-0.2767150742667062,-0.26849079132080056,-0.056159973144531694,-0.4349861145019531,-0.15804615020751966
9b0fe87bba48b0db,val,PD,Void,Field PD,Field,20210604,-0.24559906550816127,-0.24972295761108387,-0.04049110412597656,-0.4880504608154299,-0.07159023284912108
b73db3beef2b4771,val,PD,Void,Field PD,Field,20210604,-0.07194243158612931,-0.029143810272216686,0.1614837646484375,-0.3357982635498047,0.0659916400909427
f9a16c3d0eb96c91,val,PD,Void,Field PD,Field,20210604,-0.03883113179888038,-0.03042125701904308,0.18869209289550803,-0.5402240753173828,0.10703887939453126
c7474064a37a0ed5,val,PD,Void,Field PD,Field,20210604,-0.19494751521519252,-0.1751723289489746,-0.0023374557495114967,-0.5566272735595699,-0.043077945709228356
de20d384fd9f0e65,test,PD,Void,Field PD,Field,20210605,-0.10207525321415492,-0.07528924942016624,0.04488563537597656,-0.3986225128173828,0.0006304740905760326
85e5f03e74f5857d,test,PD,Void,Field PD,Field,20210605,-0.23390010425022664,-0.2178802490234374,-0.014437675476074219,-0.41144752502441406,-0.13048372268676756
04e05c07fb8b350f,test,PD,Void,Field PD,Field,20210605,0.03705288682665142,0.04704856872558594,0.21188688278198242,-0.15845680236816406,0.1496319770812987
e456b623d71f593c,test,PD,Void,Field PD,Field,20220427,-0.03133695466177803,-0.02201223373413086,0.12888145446777322,-0.20775508880615234,0.09563713073730462
9283c46f17a7545b,test,PD,Void,Field PD,Field,20220427,-0.018000568662370955,-0.027392864227295033,0.21928882598876975,-0.2545175552368164,0.06376619338989276
d05936eb690f9c00,test,PD,Void,Field PD,Field,20210605,0.036597916058131584,0.05478382110595681,0.22588634490966797,-0.28652286529540993,0.1873736381530762
39b07f6589673f75,test,PD,Void,Field PD,Field,20220427,-0.04116821289062506,-0.03927612304687511,0.15450382232665993,-0.35286426544189453,0.06944999694824223
cddb1008dbe133e4,test,PD,Void,Field PD,Field,20220427,-0.046690361840384345,-0.019106388092041127,0.10599708557128906,-0.38019561767578147,0.059334659576416024
4dac615858e8348b,val,PD,Void,Field PD,Field,20220226,-0.1978401115962438,-0.1916494369506837,0.07407760620117188,-0.5974864959716797,0.0010021209716797176
ee59ee1c5663de20,test,PD,Void,Field PD,Field,20220427,0.07087653023856026,0.07677745819091797,0.07677745819091797,-0.02846050262451172,0.07677745819091797
13c1077fa4596fd2,test,PD,Void,Field PD,Field,20220427,0.055668013436453674,0.07677745819091797,0.17302989959716797,-0.10165691375732444,0.11850423812866206
710ffd2d4f8a99d3,test,PD,Void,Field PD,Field,20220427,0.005141871316092347,0.0127105712890625,0.17079544067382857,-0.1644001007080078,0.1088397026062014
06beecf737098cfe,val,PD,Void,Field PD,Field,20220226,-0.21596571377345497,-0.20163345336914074,0.05415916442871094,-0.6494178771972663,-0.07603015899658203
4887abdd51d29d30,test,PD,Void,Field PD,Field,20220427,-0.002954108374459395,0.031125068664550892,0.2066974639892578,-0.19334030151367188,0.11042718887329102
37c3891d862b2ba4,test,PD,Void,Field PD,Field,20220427,-0.010967424937656995,-0.008387565612792969,0.21421813964843706,-0.27127170562744163,0.09738092422485342
037f56d1bca43e38,test,PD,Void,Field PD,Field,20220427,0.023485183715820312,0.009364128112792969,0.22360610961914018,-0.16733360290527366,0.1696022987365723
5377bde8fd533872,test,PD,Void,Field PD,Field,20220427,0.019474915095738003,0.06438493728637706,0.12723636627197266,-0.19519996643066406,0.08769302368164078
ad7937a06edb7415,test,PD,Void,Field PD,Field,20220427,-0.1566104548318046,-0.16502618789672863,0.07677745819091797,-0.5021591186523438,0.07677745819091797
2fa550bc18238a5e,test,PD,Void,Field PD,Field,20220427,-0.19291659763881144,-0.1420440673828125,0.12313461303710915,-0.8438272476196294,0.008292388916015627
fe7404bf7e5c08ef,test,PD,Void,Field PD,Field,20220427,-0.03971896852765764,-0.04121685028076183,0.10126686096191406,-0.26295185089111306,0.07510042190551773
39f25e73161ae770,test,PD,Void,Field PD,Field,20220427,-0.04182566915239599,-0.04243755340576183,0.09348297119140647,-0.23349952697753862,0.06861505508422852
40d1f9a8a0a99d15,test,PD,Void,Field PD,Field,20220427,-0.04723647662571497,-0.03351116180419922,0.1126527786254885,-0.2978229522705078,0.058640384674072114
8d2a5a2d98a1ee08,test,PD,Void,Field PD,Field,20220506,-0.1046326501028878,-0.09990787506103516,0.25243377685546875,-0.4048137664794922,-0.01092538833618156
16c35fda6602cfb7,test,PD,Void,Field PD,Field,20220506,-0.06552646841321673,-0.09096002578735352,0.17434978485107444,-0.3021326065063479,0.06749095916748046
067f7f855f8da133,test,PD,Void,Field PD,Field,20220506,-0.005145788192749047,0.020235538482666016,0.1355695724487307,-0.23320102691650413,0.07742547988891602
4b98a72cb6a2b090,val,PD,Void,Field PD,Field,20220226,-0.023968185697283033,0.00596904754638683,0.4823760986328123,-0.3881092071533201,0.10190477371215821
247c5174665313d7,val,PD,Void,Field PD,Field,20220226,-0.13080041749136792,-0.06899499893188477,0.8645858764648433,-0.6392574310302737,0.1130228996276854
fdea3dde3a0c993a,val,PD,Void,Field PD,Field,20220226,-0.25140861102512907,-0.2537083625793455,0.0100860595703125,-0.6782789230346677,-0.0741766929626466
2491b7a9b3b56e96,val,PD,Void,Field PD,Field,20220226,-0.06753785269600991,-0.084902763366699,0.8325557708740243,-0.49301338195800737,0.044210529327392584
579374c5fc347bed,val,PD,Void,Field PD,Field,20220226,-0.19791422571454723,-0.19300127029418956,0.42975902557373047,-0.5044498443603518,-0.054661941528320296
675bea631a5074c4,val,PD,Void,Field PD,Field,20220226,-0.19431751114981521,-0.1967329978942871,0.11011791229248047,-0.6328353881835938,-0.024499607086181603
e6ccd4ca33fed746,val,PD,Void,Field PD,Field,20220226,-0.196270295551845,-0.19445133209228493,0.10383129119873047,-0.528661727905273,0.03388175964355472
42840d827af11902,val,PD,Void,Field PD,Field,20220226,-0.10619933264596115,-0.11836004257202148,0.5296726226806641,-0.6057796478271482,0.11467723846435551
a571a0b69a1b8a58,test,PD,Void,Field PD,Field,20210221,0.0611330441066197,0.07677745819091797,0.07677745819091797,-0.08928012847900368,0.07677745819091797
2ebbb7790d6719fb,val,PD,Void,Field PD,Field,20210604,-0.07783995355878558,-0.0757598876953125,0.11843395233154297,-0.3182201385498047,0.017767524719238453
2f7ac09fd69dffdd,test,PD,Void,Field PD,Field,20210605,-0.09045522553580147,-0.06923913955688477,0.09572029113769531,-0.2942667007446289,0.05813608169555666
9b9ef6266643077a,test,PD,Void,Field PD,Field,20210605,-0.20633820125034877,-0.18356752395629883,0.0065631866455078125,-0.43340492248535156,-0.050160121917724544
2a633c9a0158d5fc,test,PD,Void,Field PD,Field,20210605,-0.14988047736031668,-0.1316380500793457,0.1233024597167971,-0.46615028381347656,0.03360605239868173
43b245550a9410d4,test,PD,Void,Field PD,Field,20210605,-0.026620268821716357,-0.016791820526123047,0.17285442352294922,-0.24713134765625022,0.1087701797485352
21ad5d1589f0c279,test,PD,Void,Field PD,Field,20210605,0.023208533014569994,0.04613304138183594,0.22675514221191406,-0.32396888732910134,0.13120098114013673
54384379676245aa,test,PD,Void,Field PD,Field,20210605,-0.04249448435647147,-0.05507802963256869,0.18455791473388672,-0.24978923797607422,0.09526147842407234
42e927a2b2ce40e8,val,PD,Void,Field PD,Field,20220226,-0.14143766675676628,-0.14406347274780273,0.08059978485107422,-0.5023708343505864,0.013086128234863385
2c7837f4706c2176,val,PD,Void,Field PD,Field,20220226,-0.24532457760402138,-0.28917646408081044,0.09917449951171875,-0.5361423492431641,0.0016473770141601906
09abe9f494c606f9,val,PD,Void,Field PD,Field,20220226,-0.1262987681797573,-0.10546255111694325,0.0695562362670894,-0.4956779479980469,0.007329368591308599
f4befa76d1f20eb0,val,PD,Void,Field PD,Field,20220226,-0.23665050097874227,-0.24044513702392578,0.09499645233154341,-0.5080928802490232,-0.0960089683532716
2782f7401c6baf8d,val,PD,Void,Field PD,Field,20220226,-0.20691129139491488,-0.19905662536621094,0.017105102539062944,-0.5718908309936523,-0.06662597656249997
46f1d1c7e24eec74,val,PD,Void,Field PD,Field,20220226,-0.16637049402509416,-0.16063594818115223,0.09997367858886741,-0.4015922546386719,-0.0069924354553220595
9c7e0aeb0dbb858f,val,PD,Void,Field PD,Field,20220226,-0.16786776270185194,-0.16823959350585938,0.12072086334228493,-0.4556875228881836,-0.022946548461913886
dcb3b492f2e39bbe,val,PD,Void,Field PD,Field,20220226,-0.17124291828700475,-0.1600623130798341,0.10893630981445312,-0.4249248504638672,-0.02539367675781247
51adb0bcef267cc4,val,PD,Void,Field PD,Field,20220226,-0.20073699951171875,-0.18001174926757846,0.10909271240234397,-0.6953468322753908,-0.07951784133911131
84c75c8b387f8c94,val,PD,Void,Field PD,Field,20220226,-0.20401525497436523,-0.2128891944885254,0.05859851837158203,-0.4150123596191406,-0.013907337188720486
d37e9a5a7ed7b92d,val,PD,Void,Field PD,Field,20220226,-0.25466121946062364,-0.26566362380981445,0.06644058227539062,-0.6201171875000002,-0.08371248245239252
b2ee4fb11be73a61,val,PD,Void,Field PD,Field,20220226,-0.1910431044442314,-0.20294857025146518,0.18594264984130882,-0.5213794708251953,-0.004695034027099601
6f3dbb5b624eaf3f,val,PD,Void,Field PD,Field,20220226,-0.17669224739074713,-0.14542579650878895,0.05866241455078125,-0.5734357833862305,-0.055229187011718896
85605dbf5a0b47a5,val,PD,Void,Field PD,Field,20220226,-0.1212101834160941,-0.12485265731811523,0.08128166198730469,-0.2916126251220701,0.01571407318115235
1e1b2d071b080497,val,PD,Void,Field PD,Field,20220226,-0.1318505150931222,-0.11898517608642578,0.0052242279052734375,-0.32360076904296875,-0.019753074645996085
b1300678d2b572df,val,PD,Void,Field PD,Field,20220226,-0.10049796104431157,-0.0836815834045408,0.39741230010986306,-0.4314765930175779,0.07677745819091797
11afe6c61a14d980,val,PD,Void,Field PD,Field,20220226,-0.22048704964774,-0.19838047027587913,0.05861663818359375,-0.5226716995239258,-0.07278242111206054
875a62d95bd5e1f9,val,PD,Void,Field PD,Field,20220226,-0.13549995422363284,-0.12894773483276367,0.032952308654785156,-0.35734748840332076,0.005047035217285165
968f8966748ff9ee,val,PD,Void,Field PD,Field,20220226,-0.16029460089547293,-0.1400012969970703,0.06714248657226562,-0.5411720275878904,0.051132392883300945
727bef28cde5c05d,val,PD,Void,Field PD,Field,20220226,-0.169717652457101,-0.1693735122680664,-0.020773887634277344,-0.4512100219726567,-0.06407251358032241
85e77b4bee113997,val,PD,Void,Field PD,Field,20220226,-0.13394890512738908,-0.14495611190795898,0.12363719940185569,-0.5889625549316406,0.08653383255004884
adad4d861a993daf,val,PD,Void,Field PD,Field,20220226,-0.03228054727826801,-0.03620338439941406,0.1871929168701172,-0.23084259033203125,0.07818679809570306
a8ddc3f07a552064,val,PD,Void,Field PD,Field,20220226,-0.03306716680526733,0.013611316680908203,0.21091294288635254,-0.35250091552734353,0.10780239105224611
6c08443ad8be20ca,val,PD,Void,Field PD,Field,20220226,-0.012283631733485647,0.028492927551269642,0.18295955657958984,-0.22741699218750022,0.10378990173339844
62c6c7f7062560c2,val,PD,Void,Field PD,Field,20220226,-0.043837547302246094,-0.030588150024414062,0.1570262908935549,-0.30298614501953125,0.08218908309936525
da77eb8c7b51c94f,val,PD,Void,Field PD,Field,20220226,-0.11093728882925842,-0.1008310317993163,0.18701267242431663,-0.38557434082031206,0.033047485351562975
ba2d684d114ff635,val,PD,Void,Field PD,Field,20220226,-0.13418286187308176,-0.1160573959350586,0.3125209808349607,-0.5824699401855469,0.017177581787109673
5ae38b07111ae995,test,PD,Void,Field PD,Field,20230930,-0.7112923690250942,-0.7247695922851564,-0.4734344482421875,-0.8841533660888674,-0.5513064384460449
f7897c678ed714e4,test,PD,Void,Field PD,Field,20230930,-0.7796098845345634,-0.7807798385620117,-0.2404956817626953,-1.1417760848999023,-0.5664192199707031
8f148e9c5b2b2234,test,PD,Void,Field PD,Field,20230930,-0.7110286099570138,-0.738478183746338,-0.23092365264892578,-0.9468765258789065,-0.4900506019592285
4e235266804b0122,test,PD,Void,Field PD,Field,20230930,-0.7687951496669224,-0.7921118736267092,-0.4023056030273442,-1.1672945022583008,-0.5372376441955566
dd067f8c6f2c7e69,test,PD,Void,Field PD,Field,20230930,-0.8023385660988944,-0.7662353515624999,-0.5349817276000977,-1.344546318054199,-0.6467376708984376
21008b2081f01c87,test,PD,Void,Field PD,Field,20230930,-0.7780698708125523,-0.8051466941833497,-0.49321746826171875,-1.0849962234497075,-0.6023405075073242
13867283b37292d3,test,PD,Void,Field PD,Field,20230930,-0.7768524714878627,-0.7852225303649903,-0.4593181610107422,-1.12470817565918,-0.531057167053223
15aedeff93d9a733,test,PD,Void,Field PD,Field,20230930,-0.7457827840532575,-0.7317385673522951,-0.27298641204833984,-1.1345005035400393,-0.556899642944336
394729747bed9865,test,PD,Void,Field PD,Field,20231002,-0.7821042537689209,-0.7419676780700686,-0.5086431503295898,-1.3064823150634766,-0.5376729965209958
783e4af2e966d6dc,test,PD,Void,Field PD,Field,20231002,-0.8579162529536656,-0.8723382949829099,-0.5755147933959961,-1.165285110473633,-0.6522274971008297
41bd15367f00bc95,val,PD,Void,Field PD,Field,20231005,-0.7958155018942696,-0.8562731742858888,0.11838912963867232,-1.1705255508422852,-0.4935642242431639
2d1a84fc1cfd4bed,val,PD,Void,Field PD,Field,20231005,-0.8184277330126081,-0.8444795608520506,-0.4133596420288086,-1.1079473495483398,-0.5678690910339358
23ecd44987d18264,val,PD,Void,Field PD,Field,20231006,-0.7779029096875872,-0.7942523956298826,0.009026527404785156,-1.018263816833496,-0.6522762298583984
79490986300a7ad4,val,PD,Void,Field PD,Field,20231006,-0.8746120248522077,-0.8672022819519041,-0.6287860870361328,-1.199721336364746,-0.6708880424499511
6b2457394066ed66,val,PD,Void,Field PD,Field,20231006,-0.8478197370256696,-0.864861011505127,-0.5084371566772461,-1.345857620239258,-0.6474946975708009
e2b498bb19e1712e,test,PD,Void,Field PD,Field,20231007,-0.6917626176561628,-0.6715860366821288,-0.0033397674560542434,-1.3726272583007817,-0.5171357154846193
93685eec067fba8f,test,PD,Void,Field PD,Field,20231007,-0.891585077558245,-0.8514041900634766,-0.6270360946655273,-1.2186670303344727,-0.7142089843750002
a9baa9397d8831f3,test,PD,Void,Field PD,Field,20231007,-0.8320978709629604,-0.8113179206848145,-0.5552034378051758,-1.272787094116211,-0.6158270835876465
cd89e86ab90f34f4,test,PD,Void,Field PD,Field,20231007,-0.8493377481188092,-0.8398633003234864,-0.47814750671386674,-1.2489356994628904,-0.6630214691162107
6ac6c760a22b2a15,test,PD,Void,Field PD,Field,20231007,-0.8063026155744281,-0.8413310050964353,-0.3035116195678711,-1.1321020126342773,-0.4796974182128904
1a291312b6136adb,test,PD,Void,Field PD,Field,20231007,-0.7918906211853027,-0.7988576889038086,-0.45633602142333984,-1.2027130126953125,-0.5538496017456054
9ac254fd1d974a7c,test,PD,Void,Field PD,Field,20231007,-0.8000613280705043,-0.7936325073242189,-0.4820680618286137,-1.1853466033935547,-0.5086710929870608
99937e1509f4acf4,test,PD,Void,Field PD,Field,20231007,-0.7501263277871268,-0.7740960121154788,-0.06565380096435502,-1.1665010452270508,-0.46811237335205097
eb0aedb0dffbc6f0,test,PD,Void,Field PD,Field,20231007,-0.6869007519313267,-0.666283130645752,-0.24991893768310547,-1.0682878494262695,-0.4487067222595214
4ff1bcc0b36802b6,test,PD,Void,Field PD,Field,20231107,-0.7669335092817035,-0.7597522735595708,-0.37967109680175826,-1.054692268371582,-0.6007233619689945
947555dfda46ab33,test,PD,Void,Field PD,Field,20231107,-0.6069717747824532,-0.6226558685302733,-0.12730121612548828,-0.8800315856933596,-0.4328979492187499
ac5980075f643955,val,PD,Void,Field PD,Field,20240307,-0.3134369168962752,-0.3367142677307129,-0.023845672607421875,-0.6277036666870117,-0.155882453918457
bde67b70d7d73952,val,PD,Void,Field PD,Field,20240307,-0.22127658980233328,-0.21403884887695357,0.18122673034668013,-0.7738475799560547,-0.014047241210937284
708a5073f1590ede,val,PD,Void,Field PD,Field,20240307,-0.22077693258013037,-0.20107650756835938,0.029593467712402344,-0.6310462951660156,-0.08292360305786102
49afec9a7a62a289,val,PD,Void,Field PD,Field,20240307,-0.19892828805106028,-0.22344636917114236,0.11151313781738237,-0.6109447479248047,0.01681413650512651
ca08479276caf989,val,PD,Void,Field PD,Field,20240307,-0.03837234633309504,-0.02644252777099587,0.29116344451904297,-0.391754150390625,0.11620407104492207
313842cea6171794,val,PD,Void,Field PD,Field,20240307,-0.0010556834084647121,0.03638553619384777,0.49039649963378906,-0.2929725646972656,0.15838813781738306
dcfd93185206c114,val,PD,Void,Field PD,Field,20240308,-0.060906239918300076,-0.06494760513305664,0.10498905181884766,-0.26454734802246094,0.0486970901489258
d33c3b3d5f009285,val,PD,Void,Field PD,Field,20240308,-0.08905749661581856,-0.08280134201049805,0.06607723236083984,-0.3110618591308598,0.023242330551147865
