case,sample_id,file,label,group,date,failure_group,missed_in_n_of_10,score,margin,windows_pd_like,best_window_score,worst_window_score,total_pulses,pos_pulse_count,neg_pulse_count,pos_max_amplitude,neg_max_amplitude,half_cycle_cross_correlation,count_asymmetry,suspect_score,cell_percentile,frac_neighbours_same_class,pd_nn_domain_Lab_frac,pd_nn_top_label,pd_nn_dist,noise_nn_dist,bank_gap
1,06deab1f1f50d547,139.PD_01_Sinjungbu_20190327_1018_DU1_LU19_CH255.dat,Floating,Field PD,20190327,C_sparse,7,0.0372888360704694,0.03623034272875104,6,-0.3788709640502929,0.7855262756347652,14131,7087,7044,60.0,61.0,0.9243540580942684,0.0030429552048687,13.542263722488276,0.008,0.0666666666666666,0.8,Floating,4.0392904,4.418211,0.3789206000000007
2,11134be3bde0d983,123.PD_01_Sinjungbu_20190403_2011_DU1_LU19_CH255.dat,Floating,Field PD,20190403,C_sparse,5,0.0277377196720668,0.026679226330348436,4,-0.3392095565795896,0.2617902755737304,4625,2311,2314,141.0,142.0,0.944750436938298,-0.0006486486486486,133.12376661724704,0.472,1.0,0.6,Void,1.8765736,2.2159634,0.3393898000000002
3,a571a0b69a1b8a58,242.PD_08_Haenam_Converter_Station_K_2688_GLU104_CH04_SWPD_20210221_134502.dat,Void,Field PD,20210221,C_sparse,8,0.0461821896689278,0.04512369632720944,3,-0.0602455139160156,0.1888313293457033,698,348,350,97.0,104.0,0.8189048664827252,-0.0028653295128939,100.58087820746329,0.7091988130563798,0.7333333333333333,1.0,Void,1.4633818,1.523632,0.06025020000000003
4,d05936eb690f9c00,202.PD_05_Anin_Switchyard_PRPS_20210605_1013_DU1_LU4_CH164.dat,Void,Field PD,20210605,C_sparse,8,0.0037345034735543,0.0026760101318359392,9,-0.218757629394531,0.0976085662841796,261,67,194,190.0,195.0,0.506562968412217,-0.4865900383141762,161.33517235226137,0.9258160237388724,1.0,0.6,Floating,1.5130072,1.7318535,0.21884629999999983
5,21ad5d1589f0c279,257.PD_05_Anin_Switchyard_PRPS_20210605_0700_DU1_LU4_CH164.dat,Void,Field PD,20210605,C_sparse,6,0.0155381645475115,0.014479671205793139,7,-0.1559858322143554,0.1076321601867675,380,83,297,199.0,194.0,0.773458245328525,-0.5631578947368421,153.1250634829906,0.9050445103857568,1.0,0.2,Void,1.5775156,1.733511,0.15599540000000012
6,04e05c07fb8b350f,200.PD_05_Anin_Switchyard_PRPS_20210605_0705_DU1_LU4_CH164.dat,Void,Field PD,20210605,C_sparse,6,0.0232104403632027,0.022151947021484337,8,-0.0893640518188476,0.1187252998352053,440,93,347,192.0,207.0,0.8292367186584071,-0.5772727272727273,154.298841265925,0.9109792284866468,1.0,0.6,Floating,1.4706497,1.560049,0.08939929999999996
7,39f25e73161ae770,217.PD_04_Dangjin_Thermal_Power_PRPS_20220427_1710_DU0_LU17_CH1.dat,Void,Field PD,20220427,A_textbook_void,8,0.0031314577375139,0.0020729643957955388,15,-0.1324367523193359,0.1665477752685547,17970,9276,8694,96.0,95.0,0.1883231667264056,0.0323873121869782,8.463984394461848,0.0267062314540059,0.4,0.8,Void,1.4751415,1.607625,0.13248349999999998
8,710ffd2d4f8a99d3,207.PD_04_Dangjin_Thermal_Power_PRPS_20220427_1146_DU0_LU17_CH1.dat,Void,Field PD,20220427,A_textbook_void,10,0.0048231056758335,0.003764612334115139,14,-0.1440582275390625,0.1676883697509767,20740,10297,10443,89.0,87.0,0.6160325514355546,-0.0070395371263259,9.219255597105033,0.0504451038575667,0.6666666666666666,0.2,Void,1.5038834,1.6479416,0.14405819999999991
9,5377bde8fd533872,211.PD_04_Dangjin_Thermal_Power_PRPS_20220427_1359_DU0_LU17_CH1.dat,Void,Field PD,20220427,A_textbook_void,10,0.0086916003908429,0.00763310704912454,10,-0.1290254592895507,0.1048755645751953,13734,6561,7173,93.0,90.0,0.7208865860347039,-0.0445609436435124,8.887381525941448,0.0356083086053412,0.4,1.0,Floating,1.5086164,1.6375675,0.1289511000000001
10,37c3891d862b2ba4,209.PD_04_Dangjin_Thermal_Power_PRPS_20220427_1219_DU0_LU17_CH1.dat,Void,Field PD,20220427,A_textbook_void,10,0.0127240249088832,0.01166553156716484,10,-0.1489763259887695,0.1448192596435549,19428,9721,9707,81.0,83.0,0.7261004659728367,0.0007206094296891,7.791634556531238,0.0059347181008902,0.6,0.8,Void,1.5541096,1.7030439,0.14893429999999985
11,4887abdd51d29d30,208.PD_04_Dangjin_Thermal_Power_PRPS_20220427_1154_DU0_LU17_CH1.dat,Void,Field PD,20220427,A_textbook_void,10,0.0431588888168334,0.042100395475115036,8,-0.1288862228393554,0.21337890625,19106,9230,9876,99.0,89.0,0.7113780461166765,-0.0338113681566,9.622088892895892,0.0563798219584569,0.7333333333333333,0.8,Void,1.5976954,1.7264595,0.12876409999999994
12,13c1077fa4596fd2,206.PD_04_Dangjin_Thermal_Power_PRPS_20220427_1145_DU0_LU17_CH1.dat,Void,Field PD,20220427,A_textbook_void,9,0.0444118806294032,0.043353387287684834,3,-0.104893684387207,0.1512794494628906,9698,4853,4845,91.0,90.0,0.6480397627432499,0.0008249123530624,8.717917623219824,0.029673590504451,0.4,0.0,Void,1.6766624,1.7814598,0.10479739999999982
13,ee59ee1c5663de20,205.PD_04_Dangjin_Thermal_Power_PRPS_20220427_1023_DU0_LU17_CH1.dat,Void,Field PD,20220427,A_textbook_void,9,0.0480478491101946,0.04698935576847624,2,-0.0349321365356445,0.1180839538574218,2590,1290,1300,87.0,83.0,0.7843707693489115,-0.0038610038610038,17.183069984732363,0.1988130563798219,0.0,0.4,Void,1.6579027,1.6928902,0.03498749999999995
14,a84fe20ce88c5fd2,20231023_AsanSS_cell Energization_Noise_Removal_After_Improvement_Yuho76.dat,Corona,Field PD,20231023,B_label_quality,6,0.0199130262647356,0.018854532923017236,10,-0.6410999298095708,0.5913963317871094,3568,3511,57,145.0,120.0,0.3869301122755964,0.96804932735426,425.6263899780036,0.9393939393939394,0.8666666666666667,0.8,Floating,2.7950916,3.4361496,0.6410579999999997
15,0dfac41eb1b50eae,20231023_AsanSS_cell Energization_Noise_Removal_After_Improvement_Yuho74.dat,Corona,Field PD,20231023,B_label_quality,4,0.0490168503352574,0.047958356993539036,8,-0.3802452087402348,0.5080184936523438,2510,2449,61,149.0,149.0,0.4348939236304323,0.951394422310757,453.4166967967996,1.0,1.0,1.0,Corona,3.118143,3.4982586,0.38011560000000033
16,cfc56fb7c351c6a8,20231023_AsanSS_cell Energization_Noise_Removal_After_Improvement_Yuho78.dat,Corona,Field PD,20231023,B_label_quality,7,0.0840104988643101,0.08295200552259174,9,-0.5664844512939453,0.6498880386352539,3706,3623,83,151.0,147.0,0.3423026001969826,0.9552077711818672,375.1383082500323,0.8787878787878788,0.6,1.0,Corona,3.4706936,4.037184,0.5664903999999997
17,edb122f4e2afb8db,20231023_AsanSS_cell Energization_Noise_Removal_After_Improvement_Yuho73.dat,Corona,Field PD,20231023,B_label_quality,9,0.0882435866764613,0.08718509333474295,4,-0.344456672668457,0.5993661880493164,3131,3018,113,140.0,130.0,0.5877386918412193,0.927818588310444,434.1800911494535,0.9696969696969696,0.8666666666666667,1.0,Corona,3.042984,3.3875246,0.34454059999999975
18,96bb9b1481031827,20231023_AsanSS_cell Energization_Noise_Removal_After_Improvement_Yuho77.dat,Corona,Field PD,20231023,B_label_quality,9,0.1186453274318149,0.11758683409009654,7,-0.5049448013305664,0.4015531539916992,3868,3767,101,147.0,149.0,0.0910948422700925,0.9477766287487074,358.4571379612322,0.8484848484848485,0.4,1.0,Corona,2.8942719,3.399331,0.5050591
